"doc_id","filepath","topo_x","topo_y","topo_z"
"5edb71a2","docs/digital_twins/SIMON_quick_ref.md","reference","xu_sir","active"
"b11e641c","docs/digital_twins/LIU_V1.0.md","reference","general","active"
"9fa1242a","docs/digital_twins/GUANYIN_V1.0.md","reference","xie_baojian","active"
"93a1d9e0","docs/digital_twins/司马贺_深度研究报告_V2.0.md","reference","xu_sir","active"
"46966c22","docs/digital_twins/GUANYIN_dialogue_lib.md","reference","general","active"
"9fee0bc7","docs/digital_twins/SIMON_dialogue_lib.md","reference","general","active"
"e9a40726","docs/digital_twins/SIMON_V1.0.md","reference","xu_sir","active"
"3351a9bf","docs/digital_twins/LIU_quick_ref.md","reference","xie_baojian","active"
"f3a80ffb","docs/digital_twins/GUANYIN_quick_ref.md","reference","general","active"
"26dc5cfa","docs/digital_twins/LIU_dialogue_lib.md","reference","general","active"
"38c9eabc","docs/TODAY_COMPLETION_REPORT.md","reference","general","active"
"bf6ef217","docs/HIBERNATION_VULNERABILITY_FIX.md","reference","general","active"
"86843831","docs/FINAL_CLEANUP_REPORT.md","reference","general","active"
"c7b01ca4","docs/systems/GAME里程碑调整-V1.1.md","reference","xie_baojian","active"
"af46f092","docs/systems/并行协同管理机制-满意解速度版.md","reference","general","active"
"d7cb52d7","docs/systems/并行协同机制-组织常态版.md","reference","xu_sir","active"
"70b9b27a","docs/systems/定时任务诊断报告.md","reference","xu_sir","active"
"3c740eaa","docs/systems/管理罗盘实现方案.md","reference","xie_baojian","active"
"b1b7f79c","docs/systems/工作准则V2.0.md","reference","xu_sir","active"
"d365d6b4","docs/systems/全天候高效工作体系.md","reference","xu_sir","active"
"489267f4","docs/systems/员工犯错防控机制-严格风控版.md","reference","xu_sir","active"
"a92fcd9b","docs/systems/执行摘要_TRL-PFI参数调优.md","reference","general","active"
"319b43b7","docs/systems/第一性原理升级方案_完成总结.md","reference","general","active"
"d39bb3ba","docs/systems/PROD与GAME分工协作方案.md","reference","xu_sir","active"
"19d8818f","docs/PENDING_INSTRUCTIONS_REPORT.md","reference","xu_sir","active"
"5daf5134","docs/TOKEN-OPTIMIZATION-v1.0-FIN-260322.md","reference","general","active"
"a96e0bfa","docs/FINAL_REPORT_2026-03-20-V2.md","reference","luo_han","active"
"e0cade3f","docs/FILE_GOVERNANCE_V1.md","reference","xu_sir","active"
"5792a360","docs/BULK_PROGRESS_REALTIME.md","reference","general","active"
"c32e3e96","docs/PROMISE_STANDARDIZATION_REPORT.md","reference","general","active"
"991d6745","docs/IMPLICIT-RULES-CONVERSION-REPORT.md","implementation","general","active"
"fd1f0ed1","docs/DISASTER_RECOVERY_WECOM_SETUP.md","reference","xu_sir","active"
"acd62f6a","docs/DISASTER_RECOVERY_COMPLETE_REPORT.md","reference","general","active"
"af988057","docs/BATCH_SCRIPT_CREATION_1.md","reference","general","active"
"5c0fd257","docs/skill_consolidation_mapping.md","methodology","general","active"
"a14fe806","docs/COMMIT_CHECKLIST.md","reference","general","active"
"90d2da90","docs/product_handbook_softlaunch_v1.md","reference","liu_honglei","active"
"fb523a72","docs/BLUE_SENTINEL_7STANDARD_REPORT.md","reference","xu_sir","active"
"48001083","docs/P0_TOKEN_OPTIMIZATION_COMPLETE_2026-03-26.md","reference","general","active"
"84fec665","docs/TONIGHT_EXECUTION_REPORT.md","reference","general","active"
"63218ebb","docs/VERIFICATION_REPORT_1445.md","reference","general","active"
"af44c61f","docs/NGT_FUSION_EXECUTION_LOG.md","reference","general","active"
"42905fae","docs/5STANDARD_AUDIT_REPORT.md","reference","general","active"
"c47a6fd7","docs/FINAL_REPORT_V4.md","reference","general","active"
"270f66bd","docs/PHASE1_7_SEVEN_STANDARD_COMPLETION.md","reference","general","active"
"8cc56a02","docs/SILENCE_VS_HIBERNATION.md","reference","xu_sir","active"
"125a1b1e","docs/3月25日官宣执行清单.md","reference","general","active"
"6aeb4313","docs/DUAL_LINK_ANALYSIS_2026-03-26.md","reference","luo_han","active"
"7c1490f1","docs/HONEST_LABELING_EXECUTION.md","reference","general","active"
"6de31796","docs/INFO_COLLECTION_README.md","reference","xu_sir","active"
"b06281d8","docs/P0_FIX_LOG.md","reference","general","active"
"02f30645","docs/MULTI_CLAW_ARCHITECTURE_DESIGN.md","reference","general","active"
"88bf8eb8","docs/COMPLETE_HISTORICAL_COMMITMENTS.md","reference","xu_sir","active"
"932289bf","docs/PHASE3_EXECUTION_MASTER.md","reference","xie_baojian","active"
"583712a7","docs/WLU-ARCH-v1.0-FIN-260322-Totem-System.md","reference","liu_honglei","active"
"b18c44ea","docs/BATCH_SCRIPT_CREATION_2.md","reference","xu_sir","active"
"a5fff2ad","docs/PROMISE_CATCHUP_REPORT.md","reference","liu_honglei","active"
"947013f6","docs/SCATTERED_MECHANISMS_BATCH3.md","reference","general","active"
"cc4a5aff","docs/PROMISE_BATH_PROGRESS_REPORT_01.md","reference","general","active"
"760f2b39","docs/PHASE1_7_COMPLETION_REPORT_HONEST.md","reference","general","active"
"3c44d452","docs/NGT-IMPL-v1.0-FIN-260322-Lean-Waste-Track.md","implementation","general","active"
"20fed9df","docs/AUDIT_MASTER.md","reference","xie_baojian","active"
"faaa9d50","docs/CRON_OPTIMIZATION_V2.md","reference","general","active"
"010b488c","docs/CRON_IMPLICIT_MECHANISMS.md","implementation","general","active"
"92c61791","docs/NGT-ARCH-v1.0-FIN-260322-Fusion-Mapping-Detailed.md","reference","fang_yifeng","active"
"2ce656fc","docs/blue_team/蓝军意见整理报告V1.0.md","reference","xie_baojian","active"
"2735929c","docs/sandbox/沙盘模拟系统_1.1.md","reference","liu_honglei","active"
"724d40db","docs/sandbox/合伙人选择沙盘模拟案例集.md","reference","xu_sir","active"
"363bb8bf","docs/sandbox/沙盘系统1.1_执行摘要.md","reference","xie_baojian","active"
"179a7ade","docs/sandbox/沙盘案例库_详细档案.md","reference","general","active"
"28b46640","docs/SECURITY_BASELINE_DEPLOYED_2026-03-26.md","reference","xu_sir","active"
"867889f9","docs/deliveries/V1.1_交付清单.md","reference","xu_sir","active"
"b7b706f6","docs/deliveries/个人化商业计划沙盘交付计划-Egbertie专属版.md","reference","xie_baojian","active"
"65ca5f7b","docs/deliveries/文化线升级1.1_交付清单.md","reference","general","active"
"fb293984","docs/COMPLETION_REPORT_2026-03-26.md","reference","general","active"
"03c1be33","docs/meeting/first_meeting.md","reference","xie_baojian","active"
"849505a5","docs/meeting/meeting_tools.md","reference","general","active"
"d1f568c5","docs/meeting/meeting_policy.md","reference","xie_baojian","active"
"d10ae893","docs/meeting/meeting_template.md","reference","general","active"
"971795ba","docs/SKILL_RECOVERY_COMPLETE.md","methodology","general","active"
"925f730c","docs/BLUE_ARMY_STRESS_TEST_EXECUTION.md","reference","xu_sir","active"
"780177c9","docs/ZEROTOKEN_OPTIMIZATION_DEPLOYED_2026-03-26.md","reference","general","active"
"e77ab6bf","docs/INFO_LOOP_ISSUE_REVIEW.md","reference","general","active"
"a9569c89","docs/COMPLETE_COMMITMENT_AUDIT.md","reference","general","active"
"52943e18","docs/SECURITY_AUDIT_2026-03-21.md","reference","xu_sir","active"
"f6bec42c","docs/feishu/飞书API调试操作指南.md","reference","general","active"
"8b1dde75","docs/feishu/飞书深度学习计划.md","reference","xu_sir","active"
"4bcd2914","docs/feishu/飞书技术问题反馈文档.md","reference","xu_sir","active"
"041de037","docs/REPLACEMENT_REPORT_P0.md","reference","general","active"
"0f44582a","docs/CRON_V2_DEPLOYMENT_REPORT.md","reference","general","active"
"c5b88fa5","docs/GLOBAL_TIER1_EXECUTION_PLAN.md","reference","xie_baojian","active"
"b7b7a508","docs/DEEP_CLEANING_REPORT.md","reference","liu_honglei","active"
"f5a3a866","docs/API_INTEGRATION_STATUS.md","reference","general","active"
"99ab1540","docs/DISASTER_RECOVERY_V2.md","reference","xu_sir","active"
"bd233a9b","docs/OPERATIONS.md","reference","general","active"
"cc930854","docs/FINAL_REPORT_V3.md","reference","general","active"
"f1cec1ab","docs/SECURITY_AUDIT_FIX.md","reference","general","active"
"d289ec1b","docs/API_KEY_ROTATION_PLAN_A.md","reference","xu_sir","active"
"c22ea88c","docs/TOKEN_OPTIMIZATION_MASTERPLAN.md","reference","xie_baojian","active"
"8df1f442","docs/FACING_ALL_COMMITMENTS.md","reference","general","active"
"d57cb92b","docs/AUTOMATION_PIPELINE_FIX_PLAN.md","reference","general","active"
"4e55049a","docs/BULK_PROGRESS_REPORT_1350.md","reference","xie_baojian","active"
"48674fe9","docs/FINAL_STATUS_1445.md","reference","xie_baojian","active"
"e4d4f3b6","docs/CRON-ANALYSIS-v1.0-FIN-260322-Time-Conflict.md","reference","general","active"
"6ca55472","docs/FEISHU_WECOM_QUICKSTART.md","reference","general","active"
"1be6f144","docs/FILE_SKILL_RECOVERY_REPORT.md","methodology","general","active"
"84dc792a","docs/TRUSTED_PLUGINS.md","reference","general","active"
"4014f446","docs/DISASTER_RECOVERY_EXECUTION_PLAN.md","reference","general","active"
"f2645691","docs/NGT-ARCH-v1.0-FIN-260322-5Standard-Self-Check.md","reference","general","active"
"12a68c47","docs/STANDARDS_5PLUS2_V1.md","reference","general","active"
"8057ba28","docs/NGT_CLAW_FUSION_DESIGN.md","reference","fang_yifeng","active"
"1fb4c2e0","docs/DEVILS_ADVOCATE_VIEWS.md","reference","general","active"
"0d6657c5","docs/TIERED_OUTPUT_SYSTEM.md","reference","general","active"
"7134927e","docs/COMPLETENESS_TRACKER_LATEST.md","reference","general","active"
"a4ded27b","docs/FULL_PROMISE_AUDIT.md","reference","general","active"
"ee15db58","docs/5STANDARD_REMEDIATION_STATUS.md","reference","general","active"
"336daa88","docs/TOKEN_OPTIMIZATION_ANALYSIS.md","reference","xu_sir","active"
"f516106d","docs/FEISHU_WECOM_INTEGRATION_PLAN.md","reference","general","active"
"3f8aecc9","docs/culture/五路图腾决策体系_对外说明版.md","reference","xu_sir","active"
"01612a66","docs/culture/文化溯源1.2_本命盘深度融合版.md","reference","liu_honglei","active"
"dce0f1b5","docs/culture/文化溯源1.1_五路图腾与命理深度融合体系.md","reference","general","active"
"e91e5460","docs/culture/精神核心图腾档案.md","reference","luo_han","active"
"ced2080a","docs/culture/五路图腾五行体系.md","reference","liu_honglei","active"
"3d42573a","docs/culture/团队执行文化V1.0.md","reference","general","active"
"66e12382","docs/culture/六路图腾与星盘对应图谱.md","reference","general","active"
"b704371d","docs/culture/五路图腾命理适配决策流程_执行手册.md","reference","general","active"
"46477690","docs/TOTEM_SYSTEM_NGT_FUSION.md","reference","liu_honglei","active"
"9519245f","docs/INTEGRATION_OPTIMIZATION_AUDIT_2026-03-21.md","reference","general","active"
"d5026e7f","docs/SYMBIOTIC_CONTRACT.md","reference","general","active"
"00eae43e","docs/SYSTEMATIC_ISSUE_DEEP_DIVE.md","reference","general","active"
"3f4f88f5","docs/PROMISE_BATH_PROJECT.md","reference","general","active"
"ca020c53","docs/TODAY_COMPLETION_REPORT_20260321.md","reference","xu_sir","active"
"31a99958","docs/SECURITY_GAP_ANALYSIS_2026-03-26.md","reference","general","active"
"725bf329","docs/BLUE_SENTINEL_7STANDARD_SCHEME.md","reference","xu_sir","active"
"391467c6","docs/DISASTER_RECOVERY_V1.1.md","reference","xu_sir","active"
"c44bae32","docs/PROMISE_BATH_FINAL_REPORT.md","reference","general","active"
"9462149e","docs/META_AUDITOR_PRACTICE_REPORT.md","reference","xu_sir","active"
"d3a240f3","docs/SYSTEMATIC_EXECUTION_CHECKLIST.md","reference","general","active"
"98646dc5","docs/TASK_MASTER_V1.5.md","reference","general","active"
"e2e69f6a","docs/ASSOCIATED_CORRECTIONS_REPORT.md","reference","general","active"
"dde382dd","docs/SYSTEM_TRUTH_REPORT.md","reference","general","active"
"d61c951e","docs/QUALITY_CHECK_PROCESS.md","reference","general","active"
"045022c7","docs/SCATTERED_MECHANISMS_BATCH1.md","reference","general","active"
"b468758e","docs/7STANDARD_META_AUDIT.md","reference","general","active"
"361f8de9","docs/LEARNING_REPORT_Immortal_State_2026-03-26.md","reference","general","active"
"4aafc0e0","docs/decision/感知力决策知识图谱_核心要点.md","reference","luo_han","active"
"347b42e4","docs/decision/感知力决策工具V1.1_完整版.md","reference","xu_sir","active"
"727cf336","docs/decision/像真人一样-直觉力决策组织实现方案.md","reference","xu_sir","active"
"a0d8e7a9","docs/decision/感知力决策工具_V1.1_快速参考卡.md","reference","general","active"
"6c316f02","docs/decision/感知力测试模块_V1.1.md","reference","general","active"
"05676798","docs/decision/命理适配决策流程1.2_执行手册.md","reference","xu_sir","active"
"8c8004e5","docs/FINAL_VERIFICATION_REPORT_2026-03-21.md","reference","general","active"
"36787e87","docs/5STANDARD_TODO_LIST.md","reference","general","active"
"4eab0b9d","docs/BLUE_TEAM_EXECUTION_REPORT_2026-03-27.md","reference","xu_sir","active"
"b8e755ad","docs/SCATTERED_MECHANISMS_BATCH2.md","reference","general","active"
"c2007f26","docs/BATCH_CRON_INTEGRATION_1.md","reference","xu_sir","active"
"db457af1","docs/SYSTEM_AUDIT_REPORT_2026-03-20.md","reference","general","active"
"42e2d3c7","docs/BLUE_ARMY_AUDIT_LOG.md","reference","xu_sir","active"
"808920a9","docs/WLU-ARCH-v1.0-FIN-260322-Totem-System-unified.md","reference","liu_honglei","active"
"9a3c00d6","docs/TESTING_FRAMEWORK_GUIDE.md","reference","general","active"
"70c2fd37","docs/LEAN_7_WASTES_TRACKING.md","reference","luo_han","active"
"8acc4d08","docs/RED_TEAM_AUDIT_REPORT_2026-03-21.md","reference","xu_sir","active"
"9b97c472","docs/BLUE_AUDIT_REMEDIATION_REPORT.md","reference","luo_han","active"
"4ca86140","docs/DISASTER_RECOVERY_GAP_ANALYSIS.md","reference","general","active"
"ba1c13bb","docs/SENTINEL-GUARD-V1.0-5STANDARD-ACCEPTANCE.md","reference","general","active"
"a91ff824","docs/roles/核心专家数字替身档案.md","reference","liu_honglei","active"
"f6174e7a","docs/QUANTITATIVE_METRICS_V1.md","reference","xu_sir","active"
"b87a20c2","docs/ANNOUNCEMENT_READINESS_CHECK.md","reference","liu_honglei","active"
"9c3d7756","docs/TASK_MASTER.md","reference","liu_honglei","active"
"a369987d","docs/token-enforcer-deployment-report.md","reference","general","active"
"964fb9fe","docs/5STANDARD_STATUS_REPORT.md","reference","general","active"
"9c97a3dc","docs/NGT-ARCH-v1.0-FIN-260322-Fusion-Completion-Report.md","reference","general","active"
"2ae11b78","docs/materials/黎红雷数字替身后训练报告_V2.0.md","reference","liu_honglei","active"
"99f0626d","docs/materials/HUINENG素材档案.md","reference","general","active"
"81bfa510","docs/materials/刘禹锡LIU素材档案.md","reference","general","active"
"cd857f9b","docs/materials/CONFUCIUS_素材档案.md","reference","liu_honglei","active"
"97db4187","docs/materials/Egbertie个人命理完整档案.md","reference","xie_baojian","active"
"abf21059","docs/materials/Egbertie个人品牌故事_星盘融合版.md","reference","liu_honglei","active"
"9574eca0","docs/materials/Egbertie个人品牌故事.md","reference","liu_honglei","active"
"0e79752c","docs/BLUE_TEAM_SUPERVISION_AUDIT_2026-03-26.md","reference","general","active"
"41cc7c68","docs/OPERATIONAL_DASHBOARD_V1.md","reference","general","active"
"5a09ca7a","docs/NETWORK_WHITELIST_V1.md","reference","xu_sir","active"
"1a9104d6","docs/BATCH_CRON_INTEGRATION_2.md","reference","general","active"
"f52e495c","docs/ACTION_PLAN_Immortal_State_2026-03-26.md","reference","general","active"
"22eb41ef","docs/research/知识管理体系-防遗漏版.md","reference","xu_sir","active"
"ae5d111f","docs/research/研究成果质量控制与产品转化机制.md","reference","xu_sir","active"
"80a860ed","docs/DIGITAL_PERSONA_COMPLETE_REPORT_2026-03-26.md","reference","liu_honglei","active"
"9dc6c83e","docs/VERIFICATION_REPORT_QUICK.md","reference","general","active"
"2bc0fd1e","docs/business/商业计划V1.1_感知力决策重构版.md","reference","xie_baojian","active"
"a720a59e","docs/business/硬件初创企业合伙人选择决策框架.md","reference","general","active"
"2fbe52c2","docs/business/客户价值体系_V1.1.md","reference","general","active"
"00ab7d2c","docs/business/盈利模型V1.1.md","reference","general","active"
"600781d8","docs/business/股权分配谈判指南.md","reference","general","active"
"330534f6","docs/business/合伙人深度访谈问题清单.md","reference","xu_sir","active"
"71f58e7a","docs/business/商业布局1.1_执行摘要.md","reference","xie_baojian","active"
"2c9e67e0","docs/business/合伙人候选人对比分析模板.md","reference","general","active"
"9989b76b","docs/business/合伙人协议关键条款清单.md","reference","general","active"
"c42560bf","docs/business/免费优先策略深度研究.md","reference","xu_sir","active"
"5421e035","docs/business/商业计划沙盘交付计划-Token优化版.md","reference","general","active"
"59ffbbe0","docs/QUALITY_STANDARDS.md","reference","general","active"
"4f4d64b4","docs/CALIBRATION_REPORT.md","reference","luo_han","active"
"bc0d7130","docs/BULK_CONVERSION_TRACKER.md","reference","general","active"
"1adb15d1","docs/FULL_PROBLEM_LIST.md","reference","general","active"
"5a203880","docs/GLOBAL_FILE_GOVERNANCE_V1.md","reference","xu_sir","active"
"71268f71","docs/RED_TEAM_AUDIT_REPORT_2026-03-26.md","reference","liu_honglei","active"
"8c077867","docs/5STANDARD_COMPLETION_REPORT.md","reference","general","active"
"af320754","docs/BLUE_TEAM_TOKEN_OPTIMIZATION_REPORT_2026-03-26.md","reference","xu_sir","active"
"21b43b6f","docs/5STANDARD_TODO_P2.md","reference","xu_sir","active"
"aada1af6","docs/TEN_IRON_RULES.md","reference","xie_baojian","active"
"1d3b88ba","docs/MECHANISM_INVENTORY_FULL.md","reference","luo_han","active"
"5a6b0f68","docs/5STANDARD_UNCOVERED_SKILLS.md","methodology","xu_sir","active"
"52068908","docs/partner-decision-immersive-camp.md","reference","liu_honglei","active"
"c02d78f3","docs/DEPLOYMENT_REPORT.md","reference","general","active"
"944a0e71","docs/BLUE_ARMY_STRESS_TEST_REPORT.md","reference","xu_sir","active"
"0fe8fc98","docs/NEW_RULES_7STANDARD_2026-03-21.md","reference","luo_han","active"
"f05a0e1d","docs/BLUE_ARMY_STRESS_TEST_PLAN.md","reference","xu_sir","active"
"60eba539","docs/SECURITY_AUDIT_2026-03-26.md","reference","general","active"
"ca438128","docs/FULL_CONVERSION_REPORT_2026-03-20.md","reference","luo_han","active"
"e19ed6c3","docs/CONTENT_CONSISTENCY_V1.md","reference","liu_honglei","active"
"fd62a004","docs/PROJECT_DASHBOARD.md","reference","general","active"
"c3323e95","docs/meetings/TEMPLATE.md","reference","xu_sir","active"
"59ff9ac1","docs/meetings/会议记录分析报告.md","reference","xie_baojian","active"
"8b6e648a","docs/meetings/AI角色自主会议机制.md","reference","xie_baojian","active"
"a02fb56c","docs/meetings/MEETING_PROTOCOL.md","reference","general","active"
"f42ac401","docs/meetings/INTERNAL_MEETING_PROTOCOL_V1.md","reference","xie_baojian","active"
"80b23914","docs/TODAY_EXECUTION_PLAN.md","reference","general","active"
"b3813754","docs/HIDDEN_MECHANISMS_DISCOVERY.md","reference","xu_sir","active"
"19252015","docs/P0_FIX_FINAL_REPORT.md","reference","general","active"
"3c97bed8","docs/5STANDARD_100_PERCENT_COMPLETE_2026-03-26.md","reference","general","active"
"85d867b1","docs/OPTIMIZATION_4_SCHEMES_DEPLOYED_2026-03-26.md","reference","xie_baojian","active"
"742951cd","docs/MGT-ARCH-v1.0-FIN-260322-Namespace-Enforcement.md","reference","general","active"
"630a7fc5","docs/P0_VERIFICATION_7STANDARD_2026-03-21.md","reference","general","active"
"f64c717f","docs/WECOM_TASK_BOARD_DEPLOYMENT.md","reference","xu_sir","active"
"83039ca2","docs/archive/完整员工体系V2.5.md","reference","xu_sir","archived"
"84cd5ec6","docs/archive/WPS_API方案.md","reference","general","archived"
"047ab164","docs/archive/33角色能力补强工具方案.md","reference","xie_baojian","archived"
"c78524cf","docs/archive/完整员工体系V2.4.md","reference","xu_sir","archived"
"d25f5134","docs/archive/URG-001-完成报告.md","reference","xu_sir","archived"
"787174cd","docs/archive/外部工具配置信息.md","reference","general","archived"
"6320f172","docs/archive/README-合伙人决策教练.md","reference","general","archived"
"e5c42468","docs/archive/Kimi_vs_Claude_计费对比.md","reference","general","archived"
"a8112251","docs/archive/全组织罗盘扫码报告机制.md","reference","xie_baojian","archived"
"35f1e6b0","docs/archive/OPENCLAW_CONCEPTS_LEARNING.md","reference","xu_sir","archived"
"50173d2d","docs/archive/满意解研究所_沙盘模拟报告.md","reference","luo_han","archived"
"c8deba0d","docs/archive/专家邀请函_四封.md","reference","liu_honglei","archived"
"5985d285","docs/archive/满意解决策方法论_可视化图表集.md","reference","liu_honglei","archived"
"a2f1b553","docs/archive/API_INVENTORY.md","reference","general","archived"
"ff302462","docs/archive/附件二_测试文档链接.md","reference","general","archived"
"adff582d","docs/archive/行为设计手册_V1.1.md","reference","general","archived"
"a05e493f","docs/archive/画图工具API集成方案.md","reference","xu_sir","archived"
"9d7d986c","docs/archive/多维表格创建指南.md","reference","general","archived"
"c2c3d78e","docs/archive/Kimi_Allegretto使用规则.md","reference","luo_han","archived"
"552584a5","docs/archive/API配置记录.md","reference","xu_sir","archived"
"f93d7b1f","docs/archive/定制Skill开发需求确认.md","reference","general","archived"
"373f8661","docs/archive/满意解决策方法论_实践速查表.md","reference","liu_honglei","archived"
"32dd4452","docs/archive/附件一_完整权限清单.md","reference","general","archived"
"64884f28","docs/archive/经济环境研究体系_V1.1.md","reference","xie_baojian","archived"
"39687f59","docs/archive/夜间任务执行手册.md","reference","general","archived"
"fe613840","docs/archive/TOOLS.md_WPS规则.md","reference","general","archived"
"b3b79daf","docs/archive/文档完整性检查报告.md","reference","liu_honglei","archived"
"5d14906d","docs/archive/满意解决策方法论_白皮书_v1.1.md","reference","liu_honglei","archived"
"28df5ea4","docs/archive/文档完整性修复计划.md","reference","luo_han","archived"
"e30699dd","docs/archive/讨论但未确认任务清单.md","reference","liu_honglei","archived"
"9d7f3573","docs/archive/全球首创合伙人匹配决策系统V1.1_PPMS.md","reference","luo_han","archived"
"04ea9fe1","docs/archive/DECISION_SAFETY_RED_LINES.md","reference","xu_sir","archived"
"335cdb9e","docs/archive/Kimi资源集成方案.md","reference","liu_honglei","archived"
"c06930a7","docs/archive/新增角色方案-解决三个关键问题.md","reference","xu_sir","archived"
"a6939764","docs/archive/附件三_API调用日志.md","reference","general","archived"
"aeb53f13","docs/BLUE_TEAM_COMPREHENSIVE_AUDIT_2026-03-26.md","reference","general","active"
"1ce9b9c1","skills/disaster-recovery-wecom/templates/backup_success.md","reference","general","active"
"cbaf0ad5","skills/disaster-recovery-wecom/templates/task_failure.md","reference","general","active"
"ceb2f8a9","skills/disaster-recovery-wecom/templates/task_success.md","reference","general","active"
"02aeccc0","skills/disaster-recovery-wecom/templates/token_critical.md","reference","xu_sir","active"
"61b0253c","skills/disaster-recovery-wecom/templates/token_warning.md","reference","xu_sir","active"
"d04f7323","skills/disaster-recovery-wecom/templates/security_warning.md","reference","general","active"
"d68c7fa4","skills/disaster-recovery-wecom/templates/security_breach.md","reference","general","active"
"9423457d","skills/disaster-recovery-wecom/templates/memory_failure.md","reference","xu_sir","active"
"ef43c9c0","skills/disaster-recovery-wecom/templates/system_failure.md","reference","general","active"
"c13610ae","skills/disaster-recovery-wecom/templates/backup_failure.md","reference","general","active"
"6878858d","skills/digital-avatar-swarm/5standard-completion-report.md","reference","xu_sir","active"
"94a534dc","skills/digital-avatar-swarm/SKILL.md","methodology","xu_sir","active"
"64864103","skills/.archive_72h-pressure-test/SKILL.md","methodology","xu_sir","archived"
"381d5e75","skills/blue-army-interceptor/README.md","reference","general","active"
"4780804a","skills/blue-army-interceptor/5standard-completion-report.md","reference","xu_sir","active"
"2eb10dfc","skills/blue-army-interceptor/SKILL.md","methodology","xu_sir","active"
"cb1a3403","skills/.archive_execution-protocol/SKILL.md","methodology","general","archived"
"ea1fd32e","skills/.archive_data-analyst/SKILL.md","methodology","xu_sir","archived"
"b86700e3","skills/.archive_data-analyst/scripts/README.md","reference","general","archived"
"bf796ab2","skills/quality-assurance/improvement-report.md","reference","luo_han","active"
"d4aaebe3","skills/quality-assurance/5standard-completion-report.md","reference","general","active"
"5c1bcb19","skills/quality-assurance/SKILL.md","methodology","general","active"
"85659446","skills/.archive_customer-journey-mapper/SKILL.md","methodology","general","archived"
"bf919c92","skills/.archive_customer-journey-mapper/scripts/README.md","reference","general","archived"
"56a8bc30","skills/git-auto-commit/SKILL.md","methodology","xu_sir","active"
"2deb4e67","skills/honesty-tagging-protocol/STANDARDS_CHECK.md","reference","general","active"
"c64ceef7","skills/honesty-tagging-protocol/SKILL.md","methodology","xu_sir","active"
"91b4ba24","skills/quality-gate-system/SKILL.md","methodology","xu_sir","active"
"21a6ad63","skills/.archive_decision-frameworks/README.md","reference","general","archived"
"ff6d5119","skills/.archive_decision-frameworks/SKILL.md","methodology","general","archived"
"569d2a86","skills/.archive_decision-frameworks/scripts/README.md","reference","general","archived"
"bfdd2ab2","skills/csvtoexcel/SKILL.md","methodology","general","active"
"72924c9c","skills/backup-verification/5standard-completion-report.md","reference","luo_han","active"
"f2f8dd94","skills/backup-verification/SKILL.md","methodology","general","active"
"61fa7c62","skills/.archive_kimi-cli-task-manager/SKILL.md","methodology","general","archived"
"22114028","skills/.archive_optimization-rollback-guard/SKILL.md","methodology","general","archived"
"a7219b16","skills/.archive_disaster-recovery-drill/SKILL.md","methodology","general","archived"
"52e5d350","skills/.archive_disaster-recovery-drill/scripts/README.md","reference","general","archived"
"230cdf2d","skills/.archive_tdd-compliance-checker/SKILL.md","methodology","general","archived"
"341c64be","skills/.archive_auto-cleanup-system/SKILL.md","methodology","general","archived"
"49bf7d2a","skills/.archive_v2-architecture-executor/SKILL.md","methodology","xu_sir","archived"
"bd190abd","skills/.archive_notion-db-sync/SKILL.md","methodology","general","archived"
"09bd1259","skills/token-budget-enforcer/SKILL.md","methodology","xie_baojian","active"
"37468338","skills/.archive_organization-building/SKILL.md","methodology","xie_baojian","archived"
"1d1734aa","skills/.archive_email-daily-summary/SKILL.md","methodology","general","archived"
"fb137f8f","skills/.archive_email-daily-summary/scripts/README.md","reference","general","archived"
"7584942d","skills/.archive_bmc-consistency-checker/SKILL.md","methodology","general","archived"
"c7e47c08","skills/.archive_bmc-consistency-checker/scripts/README.md","reference","general","archived"
"c78de531","skills/.archive_us-stock-analysis/technical-analysis.md","reference","general","archived"
"8dccfc31","skills/.archive_us-stock-analysis/SKILL.md","methodology","general","archived"
"8d7cfae3","skills/.archive_us-stock-analysis/financial-metrics.md","reference","general","archived"
"c9546cd5","skills/.archive_us-stock-analysis/report-template.md","reference","general","archived"
"7b3c6872","skills/what-if-engine/SKILL.md","methodology","xu_sir","active"
"67a943ab","skills/.archive_social-media-content-calendar/SKILL.md","methodology","xu_sir","archived"
"d4d6b7c5","skills/scenario-planner/SKILL.md","methodology","xie_baojian","active"
"55715165","skills/auto-update-profile/SKILL.md","methodology","xu_sir","active"
"e8768151","skills/knowledge-graph-framework/SKILL.md","methodology","general","active"
"a6c75ff4","skills/.archive_mineru/SKILL.md","methodology","general","archived"
"6882075a","skills/.archive_data-processor-suite/SKILL.md","methodology","general","archived"
"474e9405","skills/.archive_auto-redbook-skills/19cec318-ad72-8e41-8000-0000119132f8_content_auto_fit.md","reference","general","archived"
"28db89d4","skills/.archive_auto-redbook-skills/tips.md","reference","xu_sir","archived"
"c73dbca7","skills/.archive_auto-redbook-skills/SKILL.md","methodology","xu_sir","archived"
"7e21b355","skills/.archive_auto-redbook-skills/scripts/README.md","reference","general","archived"
"9a507d38","skills/.archive_auto-redbook-skills/19cec32a-4b12-80c9-8000-00000e93fde5_example.md","reference","general","archived"
"58f26733","skills/.archive_auto-redbook-skills/19cec318-ad82-8cf2-8000-0000faa850b8_content.md","reference","xu_sir","archived"
"b2d52b75","skills/.archive_unit-economics-validator/SKILL.md","methodology","general","archived"
"95d431bd","skills/knowledge-graph/SKILL.md","methodology","liu_honglei","active"
"f4637775","skills/.archive_unified-knowledge-suite/SKILL.md","methodology","general","archived"
"c081bde8","skills/context-optimizer/SKILL.md","methodology","xu_sir","active"
"a33819b3","skills/.archive_management-rules/SKILL.md","methodology","xie_baojian","archived"
"ac377f68","skills/tiered-output/COMPLIANCE_REPORT.md","reference","general","active"
"0fc9a36d","skills/tiered-output/SKILL.md","methodology","general","active"
"590fd126","skills/tiered-output/QUICK_REFERENCE.md","reference","general","active"
"5e24e7bb","skills/.archive_firecrawl-search/api.md","reference","general","archived"
"00e5f9cc","skills/.archive_firecrawl-search/SKILL.md","methodology","general","archived"
"c06ab1e7","skills/.archive_firecrawl-search/scripts/README.md","reference","general","archived"
"6fc0cf7c","skills/.archive_questionnaire-generator/SKILL.md","methodology","xu_sir","archived"
"1dba6f6e","skills/.archive_case-library-expander/SKILL.md","methodology","general","archived"
"aefec7ae","skills/.archive_n8n-hitl-queue/SKILL.md","methodology","general","archived"
"43cc6a96","skills/.archive_quick-reference-card/SKILL.md","methodology","liu_honglei","archived"
"72e35160","skills/.archive_company-search-kimi/SKILL.md","methodology","general","archived"
"c7b06bc9","skills/.archive_company-search-kimi/scripts/README.md","reference","general","archived"
"e7ecb22d","skills/.archive_presentation-helper/SKILL.md","methodology","general","archived"
"64b3e18a","skills/.archive_promise-management-system/SKILL.md","methodology","general","archived"
"dab9c8a2","skills/channels-setup/SKILL.md","methodology","general","active"
"e395c100","skills/token-throttle-controller/SKILL.md","methodology","general","active"
"ef2bd215","skills/mermaid-diagrams/SKILL.md","methodology","general","active"
"b63ccf91","skills/.archive_global-file-governance/SKILL.md","methodology","general","archived"
"af9a6ad1","skills/.archive_global-file-governance/scripts/README.md","reference","general","archived"
"6dccbc67","skills/.archive_multi-format-delivery/SKILL.md","methodology","xu_sir","archived"
"7b463243","skills/cost-redlines/SKILL.md","methodology","general","active"
"5d5ec61a","skills/conversation-researcher/README.md","reference","general","active"
"27d31bc7","skills/conversation-researcher/SKILL.md","methodology","general","active"
"27839de5","skills/conversation-researcher/output/research-20260321-184155/summary.md","reference","general","active"
"dacd514c","skills/conversation-researcher/output/research-20260321-184155/validation.md","reference","general","active"
"266b7385","skills/conversation-researcher/output/research-20260321-184155/report.md","reference","general","active"
"4eb5dffa","skills/conversation-researcher/output/research-20260321-184155/limitations.md","reference","general","active"
"e64efbc7","skills/.archive_copywriting-zh-pro/SKILL.md","methodology","xu_sir","archived"
"8bc06e89","skills/.archive_copywriting-zh-pro/scripts/README.md","reference","general","archived"
"a428b6e0","skills/.archive_satisficing-web-fetcher/SECURITY_POLICY.md","reference","xu_sir","archived"
"08120dea","skills/.archive_satisficing-web-fetcher/README.md","reference","general","archived"
"c914a168","skills/.archive_satisficing-web-fetcher/SKILL.md","methodology","general","archived"
"c0cd8044","skills/.archive_satisficing-web-fetcher/ASSESSMENT_REPORT.md","reference","xu_sir","archived"
"c67d79db","skills/.archive_obsidian-archiver/SKILL.md","methodology","general","archived"
"19f335cb","skills/.archive_feishu-file-handler/SKILL.md","methodology","general","archived"
"ce688706","skills/.archive_task-coordinator/INITIAL_FINDINGS.md","reference","general","archived"
"c9200035","skills/.archive_task-coordinator/DATABASE_FIX_REPORT.md","reference","xu_sir","archived"
"0f06255f","skills/.archive_task-coordinator/tests/QUALITY_ASSESSMENT_REPORT.md","reference","xu_sir","archived"
"0589ff33","skills/.archive_task-coordinator/tests/QUALITY_ASSESSMENT_REPORT_FINAL.md","reference","xu_sir","archived"
"b5eb2b67","skills/.archive_task-coordinator/tests/test_plan.md","reference","xu_sir","archived"
"46442319","skills/.archive_task-coordinator/V2_DEPLOYMENT_REPORT.md","reference","general","archived"
"94bc6c46","skills/.archive_task-coordinator/SKILL.md","methodology","xu_sir","archived"
"d4339191","skills/.archive_task-coordinator/DEPLOYMENT_REPORT.md","reference","general","archived"
"d4e462d8","skills/.archive_touchpoint-designer/SKILL.md","methodology","general","archived"
"0817687f","skills/.archive_mermaid-chart-generator/SKILL.md","methodology","general","archived"
"301fdb31","skills/.archive_content-consistency-governance/SKILL.md","methodology","xie_baojian","archived"
"0862fa5e","skills/.archive_content-consistency-governance/scripts/README.md","reference","general","archived"
"c6f34ccd","skills/todo-management/SKILL.md","methodology","general","active"
"ae6c4213","skills/.archive_build-vs-buy-analyzer/SKILL.md","methodology","general","archived"
"369f6709","skills/.archive_build-vs-buy-analyzer/scripts/README.md","reference","general","archived"
"73b09abd","skills/.archive_unified-governance-suite/SKILL.md","methodology","general","archived"
"cbb4c2b8","skills/.archive_skill-classification/SKILL.md","methodology","general","archived"
"358321c8","skills/metacognitive-loop-enforcer/COMPLIANCE_REPORT.md","reference","general","active"
"d731383c","skills/metacognitive-loop-enforcer/SKILL.md","methodology","xu_sir","active"
"049e922d","skills/.archive_patent-assistant/SKILL.md","methodology","general","archived"
"35512240","skills/.archive_sql-query-templates/SKILL.md","methodology","general","archived"
"2916c6a7","skills/github-api/SKILL.md","methodology","general","active"
"fbd6d0ce","skills/.archive_meeting-action-extractor/SKILL.md","methodology","general","archived"
"3c9bd508","skills/.archive_knowledge-collection-iteration/SKILL.md","methodology","xu_sir","archived"
"41384af7","skills/.archive_security-guardian/SKILL.md","methodology","luo_han","archived"
"7b86e9b2","skills/.archive_multi-search-rotator/SKILL.md","methodology","general","archived"
"a9b9d6e1","skills/universal-checklist-enforcer/SKILL.md","methodology","general","active"
"6e664e18","skills/.archive_workspace-optimizer/SKILL.md","methodology","general","archived"
"2ff7e3fb","skills/.archive_docker-essentials/SKILL.md","methodology","general","archived"
"dedc59c1","skills/.archive_docker-essentials/scripts/README.md","reference","general","archived"
"9f22055f","skills/.archive_agentic-workflow-automation/SKILL.md","methodology","general","archived"
"606d24cb","skills/.archive_agentic-workflow-automation/19ceceb3-40e2-83cc-8000-000043c54635_workflow-blueprint-guide.md","reference","general","archived"
"1f3df139","skills/.archive_agentic-workflow-automation/scripts/README.md","reference","general","archived"
"a90045fb","skills/knowledge-ingestion/SKILL.md","methodology","general","active"
"d768e1f6","skills/.archive_quick-ref-lookup/SKILL.md","methodology","general","archived"
"14933c96","skills/.archive_subagent-dual-review/SKILL.md","methodology","general","archived"
"abc648f4","skills/.archive_unified-git-suite/SKILL.md","methodology","general","archived"
"9d709b60","skills/.archive_unified-report-suite/SKILL.md","methodology","general","archived"
"d68d5ec0","skills/.archive_video-content-processor/SKILL.md","methodology","general","archived"
"65fd4365","skills/pdf-handler-temp/README.md","reference","general","active"
"cdc74e1a","skills/pdf-handler-temp/SKILL.md","methodology","general","active"
"072d5fb1","skills/.archive_retrospective-system/SKILL.md","methodology","general","archived"
"13ea65ca","skills/.archive_optimization-prioritizer/SKILL.md","methodology","general","archived"
"adcdddaa","skills/.archive_docker-workflow-automation/SKILL.md","methodology","general","archived"
"9ac8eb5e","skills/.archive_docker-workflow-automation/scripts/README.md","reference","general","archived"
"1372972a","skills/.archive_ffmpeg-video-editor/SKILL.md","methodology","general","archived"
"81feecc3","skills/.archive_ffmpeg-video-editor/scripts/README.md","reference","general","archived"
"659c6a95","skills/.archive_role-profile-completer/SKILL.md","methodology","general","archived"
"8ef825ca","skills/quality-closure/SKILL.md","methodology","general","active"
"3aa44a17","skills/status-dashboard/SKILL.md","methodology","general","active"
"8223d35a","skills/heartbeat-protocol/5standard-completion-report.md","reference","general","active"
"021cc185","skills/heartbeat-protocol/SKILL.md","methodology","general","active"
"1bd6df1a","skills/find-skills/SKILL.md","methodology","general","active"
"a0ccfaab","skills/.archive_questionnaire-auto-gen/SKILL.md","methodology","general","archived"
"37f1beb9","skills/.archive_client-persona-simulator/SKILL.md","methodology","general","archived"
"e6427011","skills/.archive_client-persona-simulator/scripts/README.md","reference","general","archived"
"f16c99e3","skills/.archive_digital-twin-creator/SKILL.md","methodology","general","archived"
"9c2405ea","skills/.archive_digital-twin-creator/scripts/README.md","reference","general","archived"
"caba2875","skills/markdown-exporter/SKILL.md","methodology","general","active"
"28574042","skills/.archive_ai-social-media-content/SKILL.md","methodology","xu_sir","archived"
"571d9760","skills/.archive_ai-social-media-content/scripts/README.md","reference","general","archived"
"5d0eb2dd","skills/.archive_afrexai-contract-review/SKILL.md","methodology","xu_sir","archived"
"44aebbd3","skills/.archive_afrexai-contract-review/scripts/README.md","reference","general","archived"
"e74cfde2","skills/.archive_activecampaign/SKILL.md","methodology","xu_sir","archived"
"037b5fc0","skills/.archive_activecampaign/scripts/README.md","reference","general","archived"
"d664fc12","skills/.archive_slack/SKILL.md","methodology","general","archived"
"3e3b2032","skills/.archive_adwords/tips.md","reference","xu_sir","archived"
"38156ad6","skills/.archive_adwords/SKILL.md","methodology","xu_sir","archived"
"a4406503","skills/.archive_adwords/scripts/README.md","reference","general","archived"
"5e2760df","skills/.archive_wecom-doc-sync/SKILL.md","methodology","xie_baojian","archived"
"e6516f11","skills/.archive_rss-news-fetcher/SKILL.md","methodology","general","archived"
"ac79b39b","skills/.archive_smart-web-fetch/SKILL.md","methodology","general","archived"
"3708ea5d","skills/.archive_persona-debate-simulator/SKILL.md","methodology","general","archived"
"a8110d49","skills/.archive_unified-dashboard-suite/SKILL.md","methodology","general","archived"
"b8de2b8a","skills/.archive_file-management-system/SKILL.md","methodology","general","archived"
"98e49fa1","skills/.archive_file-management-system/scripts/README.md","reference","general","archived"
"d9491ee5","skills/.archive_effective-meeting/SKILL.md","methodology","general","archived"
"88b606fa","skills/.archive_effective-meeting/scripts/README.md","reference","general","archived"
"76a91d3f","skills/.archive_seven-standard-auditor/SKILL.md","methodology","general","archived"
"c551a606","skills/.archive_meeting-to-action/SKILL.md","methodology","general","archived"
"663a28dc","skills/.archive_feishu-suite-v2/SKILL.md","methodology","general","archived"
"53d853fe","skills/api-monitor/SKILL.md","methodology","general","active"
"b8cff344","skills/.archive_unified-communication-suite/SKILL.md","methodology","general","archived"
"55a687bf","skills/.archive_knowledge-upkeep/SKILL.md","methodology","general","archived"
"45e29517","skills/skillhub-preference/SKILL.md","methodology","general","active"
"7e19add9","skills/worry-list-manager/data/report_daily_20260321_195403.md","reference","general","active"
"cc4e92fd","skills/worry-list-manager/data/report_daily_20260327_151956.md","reference","general","active"
"a7808ddc","skills/worry-list-manager/5standard-completion-report.md","reference","general","active"
"7198f197","skills/worry-list-manager/SKILL.md","methodology","xie_baojian","active"
"f75def82","skills/.archive_feishu-messaging/SKILL.md","methodology","general","archived"
"1529b7e8","skills/.archive_feishu-messaging/scripts/README.md","reference","general","archived"
"2fb8cbe1","skills/token-management-satisficing/SKILL.md","methodology","general","active"
"9c122da3","skills/.archive_five-standard-auditor/SKILL.md","methodology","general","archived"
"75ca9ca5","skills/.archive_pandoc-convert/SKILL.md","methodology","general","archived"
"958f1a9a","skills/.archive_api-failover-manager/SKILL.md","methodology","general","archived"
"ebf79de1","skills/.archive_document-processor/SKILL.md","methodology","general","archived"
"14fc366f","skills/.archive_workspace-health-scanner/templates/health-report-template.md","reference","general","archived"
"96f7991f","skills/.archive_workspace-health-scanner/SKILL.md","methodology","general","archived"
"055aa8f0","skills/.archive_api-configuration-manager/SKILL.md","methodology","xu_sir","archived"
"4b979d02","skills/.archive_closure-rate-tracker/SKILL.md","methodology","general","archived"
"af9014fd","skills/file-gateway/SKILL.md","methodology","general","active"
"e8ea1577","skills/.archive_n8n-idempotency-checker/SKILL.md","methodology","general","archived"
"a567c689","skills/.archive_dashboard/widgets.md","reference","general","archived"
"63420cab","skills/.archive_dashboard/SKILL.md","methodology","general","archived"
"9a2526cc","skills/.archive_dashboard/scripts/README.md","reference","general","archived"
"607fb0a5","skills/.archive_dashboard/design.md","reference","general","archived"
"3cd9fd71","skills/task-manager/templates/daily-report.md","reference","xu_sir","active"
"9b497f2e","skills/task-manager/templates/README.md","reference","general","active"
"61e48468","skills/task-manager/SKILL.md","methodology","general","active"
"86fe7395","skills/.archive_github/SKILL.md","methodology","general","archived"
"743b72ad","skills/.archive_github/scripts/README.md","reference","general","archived"
"6d580acb","skills/.archive_git/advanced.md","reference","general","archived"
"cb24b1da","skills/.archive_git/history.md","reference","general","archived"
"71f47c54","skills/.archive_git/commands.md","reference","general","archived"
"02d6f2e6","skills/.archive_git/SKILL.md","methodology","general","archived"
"8cc8e5b3","skills/.archive_git/scripts/README.md","reference","general","archived"
"8f53949d","skills/.archive_git/collaboration.md","reference","general","archived"
"f90b47b5","skills/.archive_git-essentials/SKILL.md","methodology","general","archived"
"cbb2b7ec","skills/.archive_git-essentials/scripts/README.md","reference","general","archived"
"9e778f55","skills/.archive_cost-control/SKILL.md","methodology","general","archived"
"201a63cb","skills/.archive_unified-collaboration-suite/SKILL.md","methodology","general","archived"
"2f90260b","skills/.archive_cron-optimization-manager/templates/optimization_plan.md","reference","general","archived"
"6d332ab0","skills/.archive_cron-optimization-manager/templates/weekly_report.md","reference","general","archived"
"d1ac5e98","skills/.archive_cron-optimization-manager/templates/audit_template.md","reference","general","archived"
"7c6747aa","skills/.archive_cron-optimization-manager/SKILL.md","methodology","xu_sir","archived"
"a444a1c3","skills/.archive_cron-optimization-manager/scripts/README.md","reference","general","archived"
"6a3be2cf","skills/.archive_emergence-matching/SKILL.md","methodology","luo_han","archived"
"39220183","skills/cron-automation/5standard-completion-report.md","reference","general","active"
"6ebabab9","skills/cron-automation/SKILL.md","methodology","general","active"
"7956421f","skills/.archive_autonomous-execution-system/SKILL.md","methodology","xu_sir","archived"
"7427e00c","skills/.archive_autonomous-execution-system/scripts/README.md","reference","general","archived"
"de656d70","skills/feishu-drive-backup/SKILL.md","methodology","xu_sir","active"
"adb92f54","skills/.archive_info-loop-closer/SKILL.md","methodology","general","archived"
"fd78237d","skills/.archive_closed-loop-principles/SKILL.md","methodology","general","archived"
"7a2e7c47","skills/.archive_web-fetch-audit/SKILL.md","methodology","general","archived"
"b2ff779d","skills/.archive_security-continuous-improvement/SKILL.md","methodology","general","archived"
"1b28a3e9","skills/data-quality-auditor/README.md","reference","general","active"
"d6ff73e8","skills/data-quality-auditor/SKILL.md","methodology","general","active"
"273dcdda","skills/data-quality-auditor/scripts/README.md","reference","general","active"
"e50ecaf0","skills/.archive_unified-notion-suite/SKILL.md","methodology","general","archived"
"1b44f82f","skills/xhs-note-creator/README.md","reference","general","active"
"c8edc222","skills/xhs-note-creator/SKILL.md","methodology","luo_han","active"
"2c69946d","skills/.archive_smart-web-scraper/SKILL.md","methodology","xu_sir","archived"
"fc8a1706","skills/.archive_eeo-interview-runner/SKILL.md","methodology","general","archived"
"3e9a3408","skills/citation-consistency-auto-fix/SKILL.md","methodology","general","active"
"80a3f119","skills/.archive_maintenance-scheduler/SKILL.md","methodology","xu_sir","archived"
"896e64bb","skills/tavily-search/SKILL.md","methodology","xu_sir","active"
"4528ef2e","skills/.archive_dingtalk-feishu-cn/SKILL.md","methodology","general","archived"
"306e28c1","skills/.archive_dingtalk-feishu-cn/scripts/README.md","reference","general","archived"
"11c0b6eb","skills/.archive_three-tier-response/SKILL.md","methodology","general","archived"
"5f9c3256","skills/.archive_first-principles-system/SKILL.md","methodology","general","archived"
"aafcb2a5","skills/.archive_claude-code/SKILL.md","methodology","luo_han","archived"
"88943349","skills/.archive_claude-code/scripts/README.md","reference","general","archived"
"41864892","skills/namespace-enforcement/5standard-completion-report.md","reference","general","active"
"b939f91b","skills/namespace-enforcement/docs/migration-guide.md","reference","general","active"
"40bf398e","skills/namespace-enforcement/docs/naming-guidelines.md","reference","general","active"
"e7b69f79","skills/namespace-enforcement/SKILL.md","methodology","general","active"
"5f4e66bc","skills/.archive_todo-tracker/SKILL.md","methodology","general","archived"
"2a8a2e50","skills/.archive_academic-deep-research/references/user-prompt-templates.md","reference","xu_sir","archived"
"faed1c87","skills/.archive_academic-deep-research/references/kimi-deep-research-prompt.md","reference","xu_sir","archived"
"32cc7769","skills/.archive_academic-deep-research/SKILL.md","methodology","general","archived"
"57d1021e","skills/.archive_academic-deep-research/scripts/README.md","reference","general","archived"
"a6fe94e8","skills/task-queue/SKILL.md","methodology","general","active"
"0951c203","skills/markdown-converter/SKILL.md","methodology","luo_han","active"
"7d059003","skills/.archive_multi-agent-debater/SKILL.md","methodology","liu_honglei","archived"
"48a28bd9","skills/.archive_zipcracker/SKILL.md","methodology","general","archived"
"fee80689","skills/.archive_error-guard/SKILL.md","methodology","general","archived"
"9eaf6835","skills/.archive_error-guard/scripts/README.md","reference","general","archived"
"1039deee","skills/file-integrity/README.md","reference","general","active"
"c914931d","skills/file-integrity/SKILL.md","methodology","luo_han","active"
"f979ea45","skills/.archive_layered-backup-system/SKILL.md","methodology","general","archived"
"e44d84e3","skills/.archive_first-principle-auditor/templates/audit-report-template.md","reference","general","archived"
"4be81847","skills/.archive_first-principle-auditor/SKILL.md","methodology","general","archived"
"e96d357b","skills/.archive_first-principle-auditor/scripts/README.md","reference","general","archived"
"2aca54e6","skills/global-resource-arbitrage/5standard-completion-report.md","reference","general","active"
"591d0750","skills/global-resource-arbitrage/SKILL.md","methodology","general","active"
"1d61ec23","skills/token-fuse-system/SKILL.md","methodology","general","active"
"9e768ebf","skills/.archive_patent-filing-generator/SKILL.md","methodology","general","archived"
"59daa6cd","skills/.archive_unified-framework-suite/SKILL.md","methodology","xie_baojian","archived"
"eff176c1","skills/.archive_chart-generator/tips.md","reference","general","archived"
"c86e9e13","skills/.archive_chart-generator/SKILL.md","methodology","xu_sir","archived"
"316b87bb","skills/.archive_chart-generator/scripts/README.md","reference","general","archived"
"cd8d2e01","skills/vendor-api-monitor/SKILL.md","methodology","general","active"
"47918c64","skills/vendor-api-monitor/reports/api_monitor_report_2026-03-21.md","reference","general","active"
"8ab8e156","skills/.archive_unified-automation-suite/SKILL.md","methodology","general","archived"
"8c5cd05b","skills/duckdb-cli-ai-skills/SKILL.md","methodology","general","active"
"b58a8d64","skills/brave-search/SKILL.md","methodology","general","active"
"77c7de6a","skills/.archive_github-ci-monitor/SKILL.md","methodology","general","archived"
"3bfec03e","skills/token-weekly-monitor/SKILL.md","methodology","general","active"
"462bfc9b","skills/.archive_six-layer-research-model/SKILL.md","methodology","general","archived"
"b602ab60","skills/.archive_playwright-automation/SKILL.md","methodology","xu_sir","archived"
"5fbbc4ab","skills/rss-ai-reader/SKILL.md","methodology","xu_sir","active"
"683ca3e3","skills/.archive_ab-test-generator/SKILL.md","methodology","general","archived"
"2b713336","skills/.archive_ab-test-generator/scripts/README.md","reference","general","archived"
"3c7f7256","skills/.archive_feishu-docx-powerwrite/templates.md","reference","general","archived"
"fd6198c0","skills/.archive_feishu-docx-powerwrite/troubleshooting.md","reference","general","archived"
"b100bb14","skills/.archive_feishu-docx-powerwrite/SKILL.md","methodology","general","archived"
"ba0d2a70","skills/.archive_feishu-docx-powerwrite/scripts/README.md","reference","general","archived"
"3a05666e","skills/.archive_copywriting-framework-engine/SKILL.md","methodology","xu_sir","archived"
"094e415e","skills/.archive_copywriting-framework-engine/scripts/README.md","reference","xu_sir","archived"
"2d304bd0","skills/.archive_unified-scheduler-suite/SKILL.md","methodology","general","archived"
"fde6aa84","skills/.archive_decision-guardian/SKILL.md","methodology","xu_sir","archived"
"2c0f02ce","skills/.archive_pdf-document-parser/SKILL.md","methodology","general","archived"
"a1730238","skills/.archive_behavioral-design/SKILL.md","methodology","general","archived"
"1591d302","skills/.archive_behavioral-design/scripts/README.md","reference","general","archived"
"473f2c30","skills/.archive_7x24-autonomous-system/SKILL.md","methodology","xu_sir","archived"
"5d6671a2","skills/.archive_satisficing-management-system/SKILL.md","methodology","general","archived"
"10f102da","skills/feishu-drive-self-upload/SKILL.md","methodology","xu_sir","active"
"3cd1f359","skills/.archive_team-execution-culture/SKILL.md","methodology","xu_sir","archived"
"73a8020a","skills/.archive_unified-intelligence-suite/SKILL.md","methodology","xu_sir","archived"
"522c8e41","skills/.archive_weekly-report-generator/README.md","reference","general","archived"
"44f3118f","skills/.archive_weekly-report-generator/SKILL.md","methodology","general","archived"
"12faadd7","skills/.archive_obsidian/SKILL.md","methodology","general","archived"
"c863ff6f","skills/.archive_off-peak-enforcer/SKILL.md","methodology","general","archived"
"0d4c574b","skills/zero-vacancy-executor/references/configuration.md","implementation","general","active"
"9a507edc","skills/zero-vacancy-executor/5standard-completion-report.md","reference","general","active"
"e4097ccf","skills/zero-vacancy-executor/SKILL.md","methodology","luo_han","active"
"66eefc54","skills/dashboard-manager/SKILL.md","methodology","general","active"
"a5351621","skills/.archive_decision-matrix-calculator/SKILL.md","methodology","general","archived"
"e46ac4a7","skills/.archive_decision-matrix-calculator/scripts/README.md","reference","general","archived"
"94219fb8","skills/shadow-claw/DR-ARCH-v1.0-WIP-260322-Shadow-Claw-Hot-Standby.md","reference","general","evolving"
"02aa87b4","skills/.archive_iterative-research-optimizer/SKILL.md","methodology","general","archived"
"c7fd2542","skills/.archive_extreme-test-mode/SKILL.md","methodology","general","archived"
"28ed3755","skills/.archive_decision-governance/SKILL.md","methodology","liu_honglei","archived"
"d26ca2bc","skills/.archive_decision-governance/scripts/README.md","reference","general","archived"
"733ba188","skills/.archive_bilibili-subtitle-download-skill/SKILL.md","methodology","general","archived"
"cfb39fac","skills/.archive_bilibili-subtitle-download-skill/scripts/README.md","reference","general","archived"
"5e70a616","skills/5standard-integration/SKILL.md","methodology","general","active"
"a37cfce0","skills/.archive_backup-disaster-recovery/SKILL.md","methodology","general","archived"
"cc842c37","skills/.archive_backup-disaster-recovery/scripts/README.md","reference","general","archived"
"0fdf9927","skills/.archive_multi-audio-content-distributor/SKILL.md","methodology","general","archived"
"afa6c123","skills/.archive_decision-safety-redlines/SKILL.md","methodology","xu_sir","archived"
"eef96167","skills/.archive_partner-assessment/SKILL.md","methodology","general","archived"
"9ce0011e","skills/.archive_unified-expert-suite/SKILL.md","methodology","xie_baojian","archived"
"e9179a61","skills/.archive_n8n-workflow-automation/19cece98-7592-8ae5-8000-000001068550_runbook-template.md","reference","general","archived"
"ea95e711","skills/.archive_n8n-workflow-automation/SKILL.md","methodology","general","archived"
"32e50ae1","skills/.archive_unified-content-suite/SKILL.md","methodology","xu_sir","archived"
"2605ec9f","skills/.archive_multi-format-output-evolution/SKILL.md","methodology","luo_han","archived"
"37af7606","skills/sentinel-guard/README.md","reference","general","active"
"7865542a","skills/sentinel-guard/SKILL.md","methodology","general","active"
"d0f1f520","skills/dialogue-token-optimizer/SKILL.md","methodology","xu_sir","active"
"d79efcc2","skills/quality-assessment/SKILL.md","methodology","general","active"
"4433d970","skills/ai-meeting-notes/meeting-notes/2026-03-21_产品周会_2026-03-21.md","reference","general","active"
"c2cc60ce","skills/ai-meeting-notes/tests/test_cases.md","reference","general","active"
"1b373c82","skills/ai-meeting-notes/docs/CHANGELOG.md","reference","luo_han","active"
"fa70453d","skills/ai-meeting-notes/docs/LIMITATIONS.md","reference","general","active"
"5cf5620a","skills/ai-meeting-notes/LEVEL5_UPGRADE_REPORT.md","reference","xu_sir","active"
"0e6213b2","skills/ai-meeting-notes/SKILL.md","methodology","xu_sir","active"
"475e599f","skills/ai-meeting-notes/scripts/README.md","reference","xu_sir","active"
"c3e40193","skills/testing-framework/README.md","reference","general","active"
"5a5b9156","skills/testing-framework/LEVEL5_UPGRADE_REPORT.md","reference","general","active"
"9960af57","skills/testing-framework/SKILL.md","methodology","general","active"
"692c1eb8","skills/testing-framework/SKILL_REQUIREMENTS.md","methodology","xie_baojian","active"
"1cb367a2","skills/testing-framework/SKILL_LIMITATIONS.md","methodology","xu_sir","active"
"80c85ed0","skills/.archive_operation-management/SKILL.md","methodology","xie_baojian","archived"
"daa488d5","skills/disaster-recovery-guardian/SKILL.md","methodology","xu_sir","active"
"a342c358","skills/.archive_kimi-membership-features/references/kimi-function-prompts.md","reference","general","archived"
"e780ff85","skills/.archive_kimi-membership-features/references/kimi-prompts-v2.md","reference","general","archived"
"63d9af43","skills/.archive_kimi-membership-features/references/membership-benefits-guide.md","reference","general","archived"
"57f228e0","skills/.archive_kimi-membership-features/SKILL.md","methodology","xu_sir","archived"
"a95a2dab","skills/hibernation-protocol/QUICK_REF.md","reference","general","active"
"f400d18b","skills/hibernation-protocol/SKILL.md","methodology","xu_sir","active"
"8a9b0570","skills/.archive_data-visualization-engine/SKILL.md","methodology","general","archived"
"7bb01054","skills/.archive_data-visualization-engine/scripts/README.md","reference","general","archived"
"4ce3ecfa","skills/.archive_social-media-scheduler/SKILL.md","methodology","general","archived"
"7f570aab","skills/copywriting/SKILL.md","methodology","general","active"
"92ebec80","skills/.archive_archive-handler/SKILL.md","methodology","general","archived"
"84fb1249","skills/.archive_archive-handler/scripts/README.md","reference","general","archived"
"710814a0","skills/.archive_business-model-canvas/SKILL.md","methodology","general","archived"
"31d50138","skills/.archive_business-model-canvas/scripts/README.md","reference","general","archived"
"15e58c09","skills/.archive_red-team-reviewer/SKILL.md","methodology","general","archived"
"3b0f4f42","skills/.archive_satisficing-control-center/SKILL.md","methodology","general","archived"
"a33078dd","skills/.archive_batch-content-generator/SKILL.md","methodology","general","archived"
"d85ed419","skills/.archive_notion/SKILL.md","methodology","general","archived"
"3d884e1d","skills/.archive_promise-system-guardian/SKILL.md","methodology","xu_sir","archived"
"84538437","skills/.archive_sop-standard-operations/SKILL.md","methodology","xu_sir","archived"
"e37ea6f5","skills/.archive_pandoc-batch-convert/SKILL.md","methodology","general","archived"
"501748dd","skills/.archive_economic-intelligence/SKILL.md","methodology","xie_baojian","archived"
"54d847e0","skills/.archive_economic-intelligence/scripts/README.md","reference","general","archived"
"7b90f4eb","skills/.archive_weekly-meeting/SKILL.md","methodology","general","archived"
"3ef16ba2","skills/.archive_unified-search/SKILL.md","methodology","liu_honglei","archived"
"33b269c2","skills/.archive_video-frames/SKILL.md","methodology","general","archived"
"3de138de","skills/.archive_vendor-api-monitor/SKILL.md","methodology","xu_sir","archived"
"edaabdc4","skills/cron-scheduling/SKILL.md","methodology","general","active"
"f0b11f12","skills/.archive_expert-network-manager/SKILL.md","methodology","general","archived"
"23d5e7d8","skills/.archive_client-value-system/SKILL.md","methodology","xu_sir","archived"
"dd278c8d","skills/.archive_client-value-system/scripts/README.md","reference","general","archived"
"158743e6","skills/.archive_file-integrity-checker/SKILL.md","methodology","general","archived"
"a6c06892","skills/.archive_satisficing-dev-workflow/references/tdd.md","reference","xu_sir","archived"
"8620ea52","skills/.archive_satisficing-dev-workflow/references/writing-plans.md","reference","xu_sir","archived"
"dc2bef65","skills/.archive_satisficing-dev-workflow/references/finishing-branch.md","reference","general","archived"
"9fb95a0a","skills/.archive_satisficing-dev-workflow/references/brainstorming.md","reference","general","archived"
"799979e6","skills/.archive_satisficing-dev-workflow/references/subagent-development.md","reference","xu_sir","archived"
"999b9893","skills/.archive_satisficing-dev-workflow/references/systematic-debugging.md","reference","general","archived"
"3bd999fb","skills/.archive_satisficing-dev-workflow/SKILL.md","methodology","luo_han","archived"
"ad94f43d","skills/.archive_script-generator/SKILL.md","methodology","general","archived"
"b34c51c1","skills/.archive_change-sync/SKILL.md","methodology","general","archived"
"6f748e54","skills/.archive_system-integration-framework/SKILL.md","methodology","xu_sir","archived"
"36cc53ba","skills/baseline-checker/SELF_CHECK_REPORT.md","reference","general","active"
"5535dc00","skills/baseline-checker/SKILL.md","methodology","general","active"
"03a51dc9","skills/.archive_continuous-improvement/SKILL.md","methodology","general","archived"
"bf153ec6","skills/.archive_continuous-improvement/scripts/README.md","reference","general","archived"
"ebc877af","skills/.archive_ffmpeg-batch-processor/SKILL.md","methodology","general","archived"
"18f4fbab","skills/.archive_cron-control-center/SKILL.md","methodology","general","archived"
"7e65429d","skills/info-collection-quality/README.md","reference","general","active"
"016f315d","skills/info-collection-quality/SKILL.md","methodology","general","active"
"c00c68c6","skills/.archive_user-conversation-reservation/SKILL.md","methodology","general","archived"
"16c440ec","skills/.archive_langchain-assistant/SKILL.md","methodology","xu_sir","archived"
"2cdd428f","skills/.archive_evolution-experiment-lab/templates/experiment-design-template.md","reference","general","archived"
"72cefa39","skills/.archive_evolution-experiment-lab/SKILL.md","methodology","general","archived"
"220734d6","skills/.archive_evolution-experiment-lab/scripts/README.md","reference","general","archived"
"9384fcf6","skills/.archive_reversibility-checker/SKILL.md","methodology","general","archived"
"db633025","skills/.archive_content-distribution-engine/SKILL_UPGRADE_PLAN.md","methodology","xu_sir","archived"
"518912c4","skills/.archive_content-distribution-engine/SKILL.md","methodology","general","archived"
"16b0b0cc","skills/.archive_content-distribution-engine/scripts/README.md","reference","general","archived"
"c1e17ebd","skills/.archive_cron-merge-optimizer/SKILL.md","methodology","general","archived"
"c4a29f47","skills/.archive_cron-merge-optimizer/scripts/README.md","reference","general","archived"
"6d823974","skills/info-quality-guardian/SKILL.md","methodology","general","active"
"f557f5b0","skills/.archive_workspace-integrity-guardian/SKILL.md","methodology","xu_sir","archived"
"9b8fda7d","skills/.archive_cost-tier-strategy/SKILL.md","methodology","general","archived"
"b9ae39a6","skills/.archive_kimi-cli/SKILL.md","methodology","general","archived"
"d757aafb","skills/.archive_multi-search-engine/CHANGELOG.md","reference","general","archived"
"800c1bc3","skills/.archive_multi-search-engine/international-search.md","reference","xie_baojian","archived"
"9ee39473","skills/.archive_multi-search-engine/SKILL.md","methodology","general","archived"
"8b14ae7d","skills/.archive_multi-search-engine/CHANNELLOG.md","reference","general","archived"
"c685aa51","skills/five-level-verification/README.md","reference","general","active"
"fe83220e","skills/five-level-verification/fixtures/valid_skill/README.md","reference","general","active"
"8aa59c51","skills/five-level-verification/fixtures/valid_skill/SKILL.md","methodology","general","active"
"e91f2c5a","skills/five-level-verification/SKILL.md","methodology","general","active"
"2fc6567c","skills/.archive_git-suite-v2/SKILL.md","methodology","general","archived"
"5aaf8b48","skills/.archive_growth-path-monitor/SKILL.md","methodology","xie_baojian","archived"
"60491e5a","skills/.archive_growth-path-monitor/scripts/README.md","reference","general","archived"
"8bf60292","skills/weather-query/SKILL.md","methodology","xie_baojian","active"
"0f031ca4","skills/.archive_storytelling-engine/SKILL.md","methodology","xu_sir","archived"
"54eb3a85","skills/token-optimizer/SKILL.md","methodology","xu_sir","active"
"5da28788","skills/.archive_sendfiles-to-feishu/SKILL.md","methodology","general","archived"
"0bb80ba3","skills/.archive_audio-handler/SKILL.md","methodology","xu_sir","archived"
"08755640","skills/.archive_audio-handler/scripts/README.md","reference","general","archived"
"86320c21","skills/.archive_permission-auditor/SKILL.md","methodology","general","archived"
"2a73d540","skills/.archive_knowledge-graph-manager/SKILL.md","methodology","general","archived"
"749abcb5","skills/.archive_rss-ai-reader/SKILL.md","methodology","xu_sir","archived"
"1ddf8dd9","skills/.archive_rss-ai-reader/config_guide.md","implementation","xu_sir","archived"
"7b1a8816","skills/notion-enhanced/README.md","reference","xu_sir","active"
"34c38331","skills/notion-enhanced/SUPPORT.md","reference","xu_sir","active"
"c8581c36","skills/.archive_notion-api/SKILL.md","methodology","general","archived"
"8b386e3f","skills/.archive_unified-mermaid-suite/SKILL.md","methodology","general","archived"
"d4e5fb81","skills/file-handler-universal/QUICK_REF.md","reference","general","active"
"a7c7bfc4","skills/file-handler-universal/SKILL.md","methodology","general","active"
"4169f3bf","skills/meta-cognitive-evolver/SKILL.md","methodology","general","active"
"5ae186fe","skills/dormancy-protocol/5standard-completion-report.md","reference","general","active"
"128be6c7","skills/dormancy-protocol/SKILL.md","methodology","xu_sir","active"
"fd696477","skills/zero-idle-enforcer/SELF_CHECK_REPORT.md","reference","general","active"
"260361d6","skills/zero-idle-enforcer/SKILL.md","methodology","general","active"
"eeb43378","skills/.archive_channel-script-suite/SKILL.md","methodology","general","archived"
"11af89d9","skills/.archive_announcement-manager/SKILL.md","methodology","general","archived"
"27aa507b","skills/.archive_openclaw-tavily-search/SKILL.md","methodology","general","archived"
"33f61ced","skills/conversation-continuity/SKILL.md","methodology","xu_sir","active"
"bfe91c30","skills/automate-excel/SKILL.md","methodology","general","active"
"6804d027","skills/.archive_marketing-content-generator/SKILL.md","methodology","xu_sir","archived"
"9484cea0","skills/.archive_marketing-content-generator/QUICKSTART.md","reference","xu_sir","archived"
"0b5ed56d","skills/.archive_expert-profile-manager/SKILL.md","methodology","liu_honglei","archived"
"30eedd76","skills/.archive_expert-profile-manager/scripts/README.md","reference","general","archived"
"f91da1f0","skills/.archive_news-summary/SKILL.md","methodology","xu_sir","archived"
"8682dc73","skills/.archive_management-enforcer/SKILL.md","methodology","general","archived"
"f046e028","skills/.archive_tuanziguardianclaw/SKILL.md","methodology","general","archived"
"c930abfe","skills/.archive_kimi-code/SKILL.md","methodology","xu_sir","archived"
"c9c5b90c","skills/.archive_closed-loop-enforcer/SKILL.md","methodology","general","archived"
"61a85a27","skills/.archive_swotpal-swot-analysis/README.md","reference","xu_sir","archived"
"0ae48a11","skills/.archive_swotpal-swot-analysis/SKILL.md","methodology","xu_sir","archived"
"bd0727dd","skills/rpo-rto-monitor/SKILL.md","methodology","general","active"
"55cc28b9","skills/.archive_tavily/SKILL.md","methodology","xu_sir","archived"
"2761ae08","skills/.archive_tavily/api-reference.md","reference","xu_sir","archived"
"ad98be9b","skills/.archive_git-workflow-auto/SKILL.md","methodology","general","archived"
"181dc345","skills/.archive_feishu-doc-manager/SKILL.md","methodology","general","archived"
"f3c4760b","skills/.archive_feishu-doc-manager/scripts/README.md","reference","general","archived"
"d7c1bbf4","skills/.archive_workflow-blueprint-generator/SKILL.md","methodology","general","archived"
"53d22f9f","skills/blue-sentinel/BOOTSTRAP.md","reference","xu_sir","active"
"efc21669","skills/blue-sentinel/SKILL.md","methodology","luo_han","active"
"b905fe2a","skills/blue-sentinel/cognitive_audit_checklist.md","reference","xu_sir","active"
"9e1ad1a5","skills/blue-sentinel/UPGRADE_REPORT.md","reference","xu_sir","active"
"b6772ade","skills/.archive_expert-profile-collector/SKILL.md","methodology","general","archived"
"af0c5e25","skills/.archive_github-models/SKILL.md","methodology","xu_sir","archived"
"4da20900","skills/.archive_github-models/scripts/README.md","reference","xu_sir","archived"
"38dfda65","skills/.archive_perception-training-system/SKILL.md","methodology","luo_han","archived"
"d216e441","skills/sync-manager/README.md","reference","general","active"
"92634b01","skills/sync-manager/SKILL.md","methodology","general","active"
"a9eb5900","skills/error-handler/RATE_LIMIT_HANDLING.md","reference","general","active"
"e061d913","skills/error-handler/SKILL.md","methodology","general","active"
"a5e79359","skills/error-handler/429_PREVENTION.md","reference","general","active"
"08b1d9f6","skills/.archive_satisficing-partner-decision/SKILL.md","methodology","xu_sir","archived"
"be65f69a","skills/.archive_overdue-task-rescuer/SKILL.md","methodology","general","archived"
"b227bea8","skills/.archive_skill-integration-optimizer/SKILL.md","methodology","general","archived"
"3f38c00d","skills/.archive_reporting-standards/SKILL.md","methodology","general","archived"
"8005862c","skills/promise-system-guardian/SKILL.md","methodology","xu_sir","active"
"afd46dac","skills/role-federation/SKILL.md","methodology","xie_baojian","active"
"28ec93b1","skills/.archive_heartbeat-protocol/SKILL.md","methodology","general","archived"
"f0567b82","skills/.archive_unified-workflow-suite/SKILL.md","methodology","general","archived"
"9176bf4a","skills/.archive_wulu-totem-system/SKILL.md","methodology","liu_honglei","archived"
"9782721f","skills/.archive_invitation-sender/SKILL.md","methodology","general","archived"
"f8f38318","skills/.archive_jina-ai-reader/SKILL.md","methodology","xu_sir","archived"
"4150a86f","skills/react-email/README.md","reference","xu_sir","active"
"b536a850","skills/react-email/SKILL.md","methodology","general","active"
"d66672df","skills/.archive_multi-platform-content-adapter/SKILL.md","methodology","general","archived"
"db75f327","skills/.archive_knowledge-extraction/SKILL.md","methodology","general","archived"
"08c2e95d","memory/TASK_BOARD_20260320.md","reference","general","active"
"5b0f8fa9","memory/2026-03-13_小时协调检查报告_1624.md","reference","liu_honglei","active"
"8a3ae1fb","memory/2026-03-13.md","reference","xu_sir","active"
"2aec13ef","memory/2026-03-25.md","reference","general","active"
"9763d887","memory/learning-cards/2026-03-20-link-24-placeholder.md","reference","general","active"
"68c9d8be","memory/learning-cards/2026-03-20-link-20-placeholder.md","reference","general","active"
"544e44bd","memory/learning-cards/2026-03-20-link-14-placeholder.md","reference","general","active"
"77cc67b6","memory/learning-cards/2026-03-20-link-08-brave.md","reference","general","active"
"f060b6b1","memory/learning-cards/2026-03-20-link-12-chroma.md","reference","general","active"
"f07e18a4","memory/learning-cards/2026-03-20-link-29-placeholder.md","reference","general","active"
"6e3b8085","memory/learning-cards/2026-03-20-link-25-placeholder.md","reference","general","active"
"2e916528","memory/learning-cards/2026-03-20-link-23-placeholder.md","reference","general","active"
"bddb7f2d","memory/learning-cards/2026-03-20-link-10-notion.md","reference","general","active"
"e5280d57","memory/learning-cards/2026-03-20-link-22-placeholder.md","reference","general","active"
"ba7c59c6","memory/learning-cards/2026-03-20-link-16-placeholder.md","reference","general","active"
"151af3ca","memory/learning-cards/2026-03-20-link-11-ollama.md","reference","general","active"
"2c3546e1","memory/learning-cards/2026-03-20-link-15-placeholder.md","reference","general","active"
"5d654625","memory/learning-cards/2026-03-20-link-01-deepseek.md","reference","general","active"
"819a56e0","memory/learning-cards/2026-03-20-link-18-placeholder.md","reference","general","active"
"90c8cec9","memory/learning-cards/2026-03-20-link-30-placeholder.md","reference","general","active"
"a55056ed","memory/learning-cards/2026-03-20-link-27-placeholder.md","reference","general","active"
"e0223206","memory/learning-cards/2026-03-20-link-13-langchain.md","reference","xu_sir","active"
"8cf69c75","memory/learning-cards/2026-03-20-link-17-placeholder.md","reference","general","active"
"2874f1bc","memory/learning-cards/2026-03-20-link-02-openmaic.md","reference","xu_sir","active"
"f4bb7557","memory/learning-cards/2026-03-20-link-03-typeui.md","reference","xu_sir","active"
"a949787e","memory/learning-cards/2026-03-20-link-21-placeholder.md","reference","general","active"
"3edabefb","memory/learning-cards/2026-03-20-link-06-firecrawl.md","reference","general","active"
"5f20a3e4","memory/learning-cards/2026-03-20-link-05-mineru.md","reference","general","active"
"33b6f322","memory/learning-cards/2026-03-20-link-07-tavily.md","reference","xu_sir","active"
"5c41ad40","memory/learning-cards/2026-03-20-link-04-kimicli.md","reference","general","active"
"ebca69cd","memory/learning-cards/2026-03-20-link-26-placeholder.md","reference","general","active"
"c676bc12","memory/learning-cards/2026-03-20-link-19-placeholder.md","reference","general","active"
"0344f778","memory/learning-cards/2026-03-20-link-28-placeholder.md","reference","general","active"
"ce683b99","memory/learning-cards/2026-03-20-link-09-reactemail.md","reference","general","active"
"6b77db40","memory/satisfynow-system-map.md","reference","general","active"
"aee471fa","memory/2026-03-21-decisions.md","reference","xu_sir","active"
"d1660a43","memory/2026-03-16.md","reference","xie_baojian","active"
"c58755f3","memory/info-collection/2026-03-16_06-00_hourly.md","reference","xie_baojian","active"
"cd7cfa6a","memory/2026-03-09-回顾清单.md","reference","liu_honglei","active"
"5fd3465e","memory/lost-promises-5standard-report-2026-03-20.md","reference","general","active"
"ecfbe25e","memory/2026-03-14-WIP-004补救报告.md","reference","liu_honglei","evolving"
"67aef1b9","memory/BLUE_TEAM_REPORT_RECEIVED.md","reference","general","active"
"662d92b6","memory/2026-03-14-专家邀请函待确认稿.md","reference","liu_honglei","active"
"7fa98d46","memory/2026-03-27.md","reference","general","active"
"ecc3de3d","memory/2026-03-16_小时协调检查报告_1924.md","reference","xu_sir","active"
"fc6b087c","memory/2026-03-26.md","reference","general","active"
"f4a2fd24","memory/第一性原则强制执行验证报告_2026-03-15.md","reference","liu_honglei","active"
"49b082cc","memory/2026-03-13-过期任务补救报告.md","reference","general","active"
"85df5904","memory/history-audit/blue-army-final-audit-2026-03-27.md","reference","general","active"
"64746ae1","memory/history-audit/kimi_link_01_record.md","reference","general","active"
"96e4da0d","memory/history-audit/OTHER_LINKS_CHECK_PLAN.md","reference","general","active"
"72eef177","memory/history-audit/LOST_PROMISES_REGISTRY_UPDATED.md","reference","general","active"
"6b5846ac","memory/history-audit/link_check_progress.md","reference","general","active"
"c0e6bcf3","memory/history-audit/link-selfcheck-report.md","reference","general","active"
"1f167fdb","memory/history-audit/honesty-redline-selfcheck.md","reference","general","active"
"55ef22e6","memory/history-audit/kimi_link_03_record.md","reference","xie_baojian","active"
"8b6514cc","memory/history-audit/CONFIRMED_EXECUTION_PLAN.md","reference","general","active"
"d472fe7d","memory/history-audit/kimi_link_02_record.md","reference","xie_baojian","active"
"806997ce","memory/history-audit/kimi_link_05_record.md","reference","general","active"
"d41fb93f","memory/history-audit/kimi_link_04_record.md","reference","general","active"
"cd5f0fd2","memory/history-audit/LINK_AUDIT_REPORT.md","reference","general","active"
"e45720b7","memory/history-audit/AUDIT_EXECUTION_PLAN.md","reference","general","active"
"cc85c7eb","memory/history-audit/blue-army-deep-audit-2026-03-27.md","reference","general","active"
"779b82e4","memory/skill-installation-status.md","methodology","general","active"
"5063c9ae","memory/2026-03-21-evening.md","reference","xu_sir","active"
"d87e0c62","memory/2026-03-14_小时协调检查报告_1124.md","reference","xu_sir","active"
"399a5bf0","memory/reminder-audit-report-2026-03-15.md","reference","general","active"
"fa2d0c31","memory/quality/cross-validation/20260320-144753.md","reference","general","active"
"1b8d31b2","memory/improvement-report-2026-03-15.md","reference","xu_sir","active"
"251f5c7b","memory/task-coordination-2026-03-13-2046.md","reference","general","active"
"bc7b68c3","memory/2026-03-20-phase3-completion.md","reference","xie_baojian","active"
"f69632cd","memory/2026-03-17.md","reference","general","active"
"2da68527","memory/clawhub-install-retry-report-2026-03-13.md","reference","general","active"
"6fa80c2d","memory/experts/chen_guoxiang_profile_v1.md","reference","fang_yifeng","active"
"3bc033dc","memory/experts/fang_yifeng_profile_v1.md","reference","fang_yifeng","active"
"ecfc722c","memory/experts/_build_report_v1.md","reference","xu_sir","active"
"465fefe3","memory/experts/fang_yifeng_profile_v2.md","reference","fang_yifeng","active"
"8a2ed3ab","memory/improvements/ERR-202603-0001.md","reference","general","active"
"0ea696db","memory/task-coordination-2026-03-13-2146.md","reference","general","active"
"f430c291","memory/pending-confirmation-queue.md","reference","xu_sir","active"
"80dbb39d","memory/methodology/file-update-workflow.md","reference","general","active"
"ddd5af30","memory/methodology/align-complement-framework.md","reference","luo_han","active"
"840ce2ab","memory/2026-03-14_小时协调检查报告_2024.md","reference","liu_honglei","active"
"86a77a61","memory/TASK_SCAN_REPORT_2026-03-10.md","reference","liu_honglei","active"
"b5a69821","memory/industry_news/2026-03-21_资讯摘要.md","reference","xie_baojian","active"
"11ad8988","memory/HIBERNATION_STATUS.md","reference","general","active"
"d417ebd8","memory/2026-03-20.md","reference","general","active"
"bac8ac64","memory/SYSTEM_FIX_EXECUTION_20260321.md","reference","xu_sir","active"
"01b81107","memory/2026-03-13_小时协调检查报告_2224.md","reference","liu_honglei","active"
"0c42b1f3","memory/2026-03-13_小时协调检查报告_1724.md","reference","liu_honglei","active"
"0eeaaa2d","memory/2026-03-15-GAME产品化交付.md","reference","luo_han","active"
"2de316a8","memory/2026-03-14_小时协调检查报告_0124.md","reference","xu_sir","active"
"789fcd25","memory/lost-promise-user-reservation-2026-03-20.md","reference","general","active"
"109c39f4","memory/audit_report_20260315.md","reference","general","active"
"e3f580d5","memory/2026-03-14_小时协调检查报告_2124.md","reference","xu_sir","active"
"875a4f1a","memory/satisfynow-growth-diary.md","reference","liu_honglei","active"
"94ba7b3c","memory/2026-03-14_小时协调检查报告_0924.md","reference","liu_honglei","active"
"7c0f29ea","memory/hourly_coordination_2026-03-15_1124.md","reference","general","active"
"21b75494","memory/RECOVERY_PACKAGE_V1/2026-03-13.md","reference","general","active"
"e5138975","memory/RECOVERY_PACKAGE_V1/URG-001-完成报告.md","reference","xu_sir","active"
"b4445250","memory/RECOVERY_PACKAGE_V1/README.md","reference","xu_sir","active"
"bdf8f83d","memory/RECOVERY_PACKAGE_V1/USER.md","reference","general","active"
"4962eeca","memory/RECOVERY_PACKAGE_V1/DISASTER_RECOVERY_V1.md","reference","liu_honglei","active"
"553405a9","memory/RECOVERY_PACKAGE_V1/MEMORY.md","reference","xu_sir","active"
"2c6d7b6a","memory/RECOVERY_PACKAGE_V1/SOUL.md","reference","xu_sir","active"
"4c86c59a","memory/RECOVERY_PACKAGE_V1/IDENTITY.md","reference","xu_sir","active"
"50df3f0c","memory/comprehensive-lost-promises-audit-2026-03-20.md","reference","xu_sir","active"
"03866572","memory/working/egbertie-today-tasks-5.md","reference","xie_baojian","active"
"a406e08d","memory/working/brand_narrative_voice_memo_123.md","reference","xie_baojian","active"
"ca405e26","memory/working/daily_mode_optimization_v2.md","reference","general","active"
"5635123f","memory/working/v1.3_final_decisions.md","reference","xu_sir","active"
"e67769af","memory/working/cron_optimization_C_deployed.md","reference","general","active"
"92e36465","memory/working/token_optimization_strategy.md","reference","general","active"
"bc2a20ce","memory/working/hibernation_mode_optimization_v2.md","reference","general","active"
"342730e2","memory/working/v1.3_upgrade_completion_report.md","reference","xu_sir","active"
"cbd8bd03","memory/working/current_context.md","reference","general","active"
"b8040ac0","memory/working/v1.3_parallel_phrases_report.md","reference","luo_han","active"
"8304e105","memory/working/user_decisions_2026-03-24.md","reference","xu_sir","active"
"35479b61","memory/working/voice_memo_insights.md","reference","xie_baojian","active"
"22688aab","memory/working/superpowers_security_audit.md","reference","general","active"
"e8284e52","memory/working/resource-execution-handbook.md","reference","xu_sir","active"
"bab0197d","memory/working/academic_deep_research_architecture.md","reference","xu_sir","active"
"149fae68","memory/working/multi_platform_publish_guide.md","reference","xu_sir","active"
"668c2f22","memory/working/content_unification_decision_list.md","reference","liu_honglei","active"
"502f18a9","memory/working/epic_upgrade_tasklist.md","reference","luo_han","active"
"dd945b33","memory/working/v1.3_upgrade_decision_list.md","reference","xu_sir","active"
"98404ffb","memory/working/today_research_tasks.md","reference","liu_honglei","active"
"924c026f","memory/working/today_execution_plan.md","reference","general","active"
"ddbac5b3","memory/working/decision_retreat_v2_simplified.md","reference","fang_yifeng","active"
"73f23958","memory/working/certificates_order_final.md","reference","luo_han","active"
"c5350487","memory/working/encyclopedia_v1.1_text.md","reference","liu_honglei","active"
"cee8af37","memory/working/skill_treasure_hunt.md","methodology","xu_sir","active"
"0d71ffd7","memory/working/token_tracking_2026-03-24.md","reference","general","active"
"935de756","memory/working/v1.3_content_calibration.md","reference","luo_han","active"
"00fe0ac6","memory/working/night_research_expert_enhancement.md","reference","liu_honglei","active"
"cc0e2e66","memory/working/knowledge_consistency_audit_2026-03-24.md","reference","xu_sir","active"
"87e8cc21","memory/working/file_upload_integrity_check_20260318.md","reference","luo_han","active"
"482be7ca","memory/working/nine_grid_launch_plan.md","reference","xu_sir","active"
"7eddd10d","memory/working/nine_grid_final_publish.md","reference","xu_sir","active"
"3d94c509","memory/working/nine_grid_image_prompt_final.md","reference","xie_baojian","active"
"fbdfc333","memory/working/v1.3_content_calibration_report.md","reference","luo_han","active"
"d2f67ba8","memory/working/totem_expert_integration.md","reference","luo_han","active"
"2eabe9b1","memory/working/v1.3_parallel_phrases.md","reference","general","active"
"7d00984b","memory/working/immediate_tasks_completion_report.md","reference","xu_sir","active"
"fc03fc3d","memory/working/nine_grid_ai_image_guide.md","reference","xu_sir","active"
"b39d72ad","memory/working/v1.3_calibration_full_report.md","reference","liu_honglei","active"
"92ed27bd","memory/working/partners_mountain_ep1_script.md","reference","general","active"
"32ceb3a0","memory/working/multi_platform_publish_guide_final.md","reference","xu_sir","active"
"bd086ac3","memory/intelligence/info-collection-2026-03-15-1700.md","reference","xie_baojian","active"
"68b51208","memory/47-systems-honest-assessment.md","reference","xu_sir","active"
"e68d1ba7","memory/BACKUP_DASHBOARD.md","reference","general","active"
"1383ba7f","memory/wechat-integration-evaluation.md","reference","general","active"
"42bb0b72","memory/feishu-api-capability-tracker.md","reference","xu_sir","active"
"71cfb3e2","memory/2026-03-24.md","reference","liu_honglei","active"
"abb8d652","memory/2026-03-21.md","reference","general","active"
"0900d05e","memory/cron-expansion-plan-2026-03-27.md","reference","xu_sir","active"
"521c8dd0","memory/reports/weekly_retrospective_2026-03-21.md","reference","xu_sir","active"
"ae21caa9","memory/reports/weekly/2026-W12.md","reference","general","active"
"9cf88b15","memory/skill-integration-report-2026-03-27.md","methodology","xu_sir","active"
"329b9758","memory/2026-03-21-执行状态报告.md","reference","general","active"
"de8d8b57","memory/2026-03-21-第一目标达成.md","reference","general","active"
"5db59498","memory/conversation-summary-2026-03-15.md","reference","xu_sir","active"
"6900da23","memory/hourly-check-2026-03-15-0624.md","reference","general","active"
"bf9e6f13","memory/2026-03-15_小时协调检查报告_0424.md","reference","liu_honglei","active"
"0b328266","memory/2026-03-15_小时协调检查报告_0124.md","reference","liu_honglei","active"
"cb23ae5f","memory/2026-03-08_重启状态保存.md","reference","liu_honglei","active"
"caddec48","memory/lost-promises-audit-2026-03-20.md","reference","general","active"
"5aef4ef5","memory/2026-03-10-遗忘任务补救报告.md","reference","xie_baojian","active"
"c862c2dd","memory/2026-03-22.md","reference","general","active"
"7a0f8fc0","memory/2026-03-19.md","reference","xu_sir","active"
"a043343f","memory/feishu-wecom-test-report-2026-03-27.md","reference","xu_sir","active"
"c6cd5060","memory/2026-03-14-WIP-003状态核查报告.md","reference","xu_sir","evolving"
"caeb318e","memory/2026-03-14_小时协调检查报告_0024.md","reference","liu_honglei","active"
"5566ee16","memory/quick-replenishment-2026-03-15-1220.md","reference","liu_honglei","active"
"071baa45","memory/token-correction-20260322.md","reference","general","active"
"78875e8b","memory/multi-agent-design-spec.md","reference","xu_sir","active"
"aa7ed25d","memory/archive/storage-safety-redline-v1.0.md","reference","general","archived"
"af7bc3da","memory/archive/culture_dingyu_jin_wulu.md","reference","general","archived"
"bdce884f","memory/archive/wulu_totem_system.md","reference","liu_honglei","archived"
"4843994b","memory/archive/skill_system.md","methodology","general","archived"
"2b384539","memory/archive/egbertie_full_profile.md","reference","liu_honglei","archived"
"6b6444a9","memory/archive/logs/2026-03-14.md","reference","xu_sir","archived"
"d785fcd0","memory/archive/logs/2026-03-06.md","reference","xu_sir","archived"
"c996ee3a","memory/archive/logs/2026-03-15.md","reference","xie_baojian","archived"
"e5d4ab3e","memory/archive/logs/2026-03-07.md","reference","luo_han","archived"
"fa688da0","memory/archive/logs/2026-03-09.md","reference","liu_honglei","archived"
"9137c673","memory/archive/logs/2026-03-10.md","reference","xu_sir","archived"
"aba3b088","memory/archive/logs/2026-03-08.md","reference","liu_honglei","archived"
"d6dff4f6","memory/archive/logs/2026-03-18.md","reference","liu_honglei","archived"
"b4dbacc0","memory/archive/migration_report.md","reference","general","archived"
"f77c00f6","memory/archive/project_history_2026-03.md","reference","xie_baojian","archived"
"efaf2400","memory/archive/expert_digital_twins.md","reference","liu_honglei","archived"
"240db08b","memory/archive/working_principles.md","reference","xu_sir","archived"
"899fc0ba","knowledge/week14_ingested/11_Skill文档/W14-0E450E-SKILL.md","methodology","general","active"
"97380756","knowledge/week14_ingested/11_Skill文档/W14-51F048-5standard-completion-report.md","reference","luo_han","active"
"44d0a2b5","knowledge/week14_ingested/11_Skill文档/W14-6FF7E1-SKILL.md","methodology","general","active"
"9f82cffb","knowledge/week14_ingested/11_Skill文档/W14-0A6D60-SKILL.md","methodology","liu_honglei","active"
"2cb413b4","knowledge/week14_ingested/11_Skill文档/W14-DD862C-SKILL.md","methodology","general","active"
"d3e0c327","knowledge/week14_ingested/11_Skill文档/W14-9C2912-SKILL.md","methodology","liu_honglei","active"
"b6aa43a0","knowledge/week14_ingested/11_Skill文档/W14-33AAC2-SKILL.md","methodology","general","active"
"092e6dec","knowledge/week14_ingested/11_Skill文档/W14-3B2552-LEVEL5_UPGRADE_REPORT.md","reference","xu_sir","active"
"a1bce8fb","knowledge/week14_ingested/11_Skill文档/W14-B5347C-LIMITATIONS.md","reference","general","active"
"0c6f54b8","knowledge/week14_ingested/11_Skill文档/W14-6499B4-CHANGELOG.md","reference","luo_han","active"
"2d2fb899","knowledge/week14_ingested/11_Skill文档/W14-458B8C-test_cases.md","reference","general","active"
"8e710933","knowledge/week14_ingested/11_Skill文档/W14-BB4771-SKILL.md","methodology","general","active"
"0cee9958","knowledge/week14_ingested/11_Skill文档/W14-F1B0D6-SKILL.md","methodology","general","active"
"ed729abe","knowledge/week14_ingested/11_Skill文档/W14-CA0296-SKILL.md","methodology","general","active"
"1e996f12","knowledge/week14_ingested/11_Skill文档/W14-152ACA-SKILL.md","methodology","general","active"
"7c0869b6","knowledge/week14_ingested/11_Skill文档/W14-E0A4C9-SKILL.md","methodology","general","active"
"5ff10595","knowledge/week14_ingested/11_Skill文档/W14-024562-SKILL.md","methodology","general","active"
"2a217b53","knowledge/week14_ingested/11_Skill文档/W14-0F98D0-SKILL.md","methodology","xu_sir","active"
"6a1fd6f7","knowledge/week14_ingested/11_Skill文档/W14-01C30D-SKILL.md","methodology","general","active"
"6be3af79","knowledge/week14_ingested/11_Skill文档/W14-34570B-SKILL.md","methodology","general","active"
"c0efb114","knowledge/week14_ingested/11_Skill文档/W14-D86C3F-SKILL.md","methodology","general","active"
"d9f2a356","knowledge/week14_ingested/11_Skill文档/W14-6FEFD8-SKILL.md","methodology","general","active"
"898f450d","knowledge/week14_ingested/11_Skill文档/W14-BF7D02-SKILL.md","methodology","xie_baojian","active"
"86516fad","knowledge/week14_ingested/11_Skill文档/W14-DAD18B-technical-analysis.md","reference","general","active"
"1bfb0120","knowledge/week14_ingested/11_Skill文档/W14-4D8E2A-SKILL.md","methodology","general","active"
"b83ea872","knowledge/week14_ingested/11_Skill文档/W14-8A426C-SKILL.md","methodology","general","active"
"3dbbe300","knowledge/week14_ingested/11_Skill文档/W14-D5EBBC-SKILL.md","methodology","general","active"
"eeba54e6","knowledge/week14_ingested/11_Skill文档/W14-80558F-SKILL.md","methodology","general","active"
"efc872a7","knowledge/week14_ingested/11_Skill文档/W14-C0455C-SKILL.md","methodology","general","active"
"3fae3fd4","knowledge/week14_ingested/11_Skill文档/W14-9A6FB2-SKILL.md","methodology","xu_sir","active"
"1c256c12","knowledge/week14_ingested/11_Skill文档/W14-5EE56E-SELF_CHECK_REPORT.md","reference","general","active"
"15d4bf36","knowledge/week14_ingested/11_Skill文档/W14-1ECE0C-README.md","reference","general","active"
"af37dde2","knowledge/week14_ingested/11_Skill文档/W14-A7CCBD-health-report-template.md","reference","general","active"
"fbc99024","knowledge/week14_ingested/11_Skill文档/W14-66E124-SKILL.md","methodology","general","active"
"fe087493","knowledge/week14_ingested/11_Skill文档/W14-2831F1-SKILL.md","methodology","general","active"
"d18f98bd","knowledge/week14_ingested/11_Skill文档/W14-ED6EC1-report-template.md","reference","general","active"
"778ca912","knowledge/week14_ingested/11_Skill文档/W14-E9C626-SKILL.md","methodology","general","active"
"46ac27f9","knowledge/week14_ingested/11_Skill文档/W14-F3AE37-SKILL.md","methodology","general","active"
"20a50321","knowledge/week14_ingested/11_Skill文档/W14-AAEFCA-SKILL.md","methodology","general","active"
"a561a607","knowledge/week14_ingested/11_Skill文档/W14-8F7684-SKILL.md","methodology","xu_sir","active"
"31f4dc9f","knowledge/week14_ingested/11_Skill文档/W14-14AC25-2026-03-21_产品周会_2026-03-21.md","reference","general","active"
"b91631ec","knowledge/week14_ingested/11_Skill文档/W14-4B4E74-SKILL.md","methodology","general","active"
"65fdf3ff","knowledge/week14_ingested/11_Skill文档/W14-658217-SKILL.md","methodology","xu_sir","active"
"d56d6478","knowledge/week14_ingested/11_Skill文档/W14-6AA1A3-SKILL.md","methodology","xie_baojian","active"
"1693c3b3","knowledge/week14_ingested/11_Skill文档/W14-508CDD-SKILL.md","methodology","xu_sir","active"
"e3efad7c","knowledge/week14_ingested/11_Skill文档/W14-04AE0C-README.md","reference","xu_sir","active"
"0ec6a8f2","knowledge/week14_ingested/11_Skill文档/W14-AE44C3-SKILL.md","methodology","general","active"
"0865968c","knowledge/week14_ingested/11_Skill文档/W14-44A229-SKILL.md","methodology","general","active"
"a3e15628","knowledge/week14_ingested/11_Skill文档/W14-6C9594-SKILL.md","methodology","xu_sir","active"
"20a9f950","knowledge/week14_ingested/11_Skill文档/W14-8D5EA4-financial-metrics.md","reference","general","active"
"1dba13ba","knowledge/week14_ingested/WEEK14_REPORT.md","reference","general","active"
"5ea1c993","knowledge/FINAL_FULL_INGESTION_REPORT.md","reference","general","active"
"8ba77136","knowledge/week6_ingested/12_记忆档案/W6-3220EF-定制Skill开发需求确认.md","reference","general","active"
"6f2f0b29","knowledge/week6_ingested/12_记忆档案/W6-1CE5FD-满意解决策方法论_可视化图表集.md","reference","liu_honglei","active"
"905ec104","knowledge/week6_ingested/12_记忆档案/W6-3CB578-满意解决策方法论_实践速查表.md","reference","xie_baojian","active"
"2cfa6194","knowledge/week6_ingested/12_记忆档案/W6-F1D052-文档完整性修复计划.md","reference","luo_han","active"
"ee53c24b","knowledge/week6_ingested/12_记忆档案/W6-01CFFF-讨论但未确认任务清单.md","reference","liu_honglei","active"
"4e334ed6","knowledge/week6_ingested/12_记忆档案/W6-7ADDD5-新增角色方案-解决三个关键问题.md","reference","xu_sir","active"
"aba57189","knowledge/week6_ingested/12_记忆档案/W6-6B1CB5-文档完整性检查报告.md","reference","liu_honglei","active"
"f6caa409","knowledge/week6_ingested/12_记忆档案/W6-E69D40-行为设计手册_V1.1.md","reference","general","active"
"a1952b69","knowledge/week6_ingested/12_记忆档案/W6-AEBE06-满意解决策方法论_白皮书_v1.1.md","reference","liu_honglei","active"
"2d6c5136","knowledge/week6_ingested/12_记忆档案/W6-5FA33B-多维表格创建指南.md","reference","general","active"
"885a7fcf","knowledge/week6_ingested/12_记忆档案/W6-0B8A77-完整员工体系V2.5.md","reference","xu_sir","active"
"572aad17","knowledge/week6_ingested/12_记忆档案/W6-211249-附件一_完整权限清单.md","reference","general","active"
"d62163a7","knowledge/week6_ingested/12_记忆档案/W6-ADA4EB-夜间任务执行手册.md","reference","general","active"
"489da553","knowledge/week6_ingested/12_记忆档案/W6-AD06CC-经济环境研究体系_V1.1.md","reference","xie_baojian","active"
"83b784ad","knowledge/week6_ingested/12_记忆档案/W6-D85792-完整员工体系V2.4.md","reference","xu_sir","active"
"196c9db4","knowledge/week6_ingested/12_记忆档案/W6-99F81B-附件三_API调用日志.md","reference","general","active"
"30898fb4","knowledge/week6_ingested/12_记忆档案/W6-C5C0D9-画图工具API集成方案.md","reference","xu_sir","active"
"0bb5c904","knowledge/week6_ingested/12_记忆档案/W6-58C990-附件二_测试文档链接.md","reference","general","active"
"f1e0a7ab","knowledge/week6_ingested/12_记忆档案/W6-4CD173-满意解研究所_沙盘模拟报告.md","reference","xu_sir","active"
"f59871f4","knowledge/week6_ingested/01_研究报告/W6-5C69FF-团队执行文化V1.0.md","reference","general","active"
"74a384cb","knowledge/week6_ingested/01_研究报告/W6-1AB110-五路图腾五行体系.md","reference","liu_honglei","active"
"ff206a29","knowledge/week6_ingested/01_研究报告/W6-B9A8CB-GUANYIN_dialogue_lib.md","reference","general","active"
"4d8effdc","knowledge/week6_ingested/01_研究报告/W6-787DC0-V1.1_交付清单.md","reference","general","active"
"ed9429fe","knowledge/week6_ingested/01_研究报告/W6-ABCD36-GUANYIN_quick_ref.md","reference","general","active"
"b2173d46","knowledge/week6_ingested/01_研究报告/W6-743661-合伙人候选人对比分析模板.md","reference","general","active"
"de5933a1","knowledge/week6_ingested/01_研究报告/W6-3C4232-命理适配决策流程1.2_执行手册.md","reference","xu_sir","active"
"3f954268","knowledge/week6_ingested/01_研究报告/W6-B39B18-像真人一样-直觉力决策组织实现方案.md","reference","xu_sir","active"
"a675f308","knowledge/week6_ingested/01_研究报告/W6-21DB47-商业布局1.1_执行摘要.md","reference","xie_baojian","active"
"3c8d6c29","knowledge/week6_ingested/01_研究报告/W6-BDD05B-商业计划沙盘交付计划-Token优化版.md","reference","general","active"
"50654276","knowledge/week6_ingested/01_研究报告/W6-989380-股权分配谈判指南.md","reference","general","active"
"0b497aa6","knowledge/week6_ingested/01_研究报告/W6-A323DA-精神核心图腾档案.md","reference","luo_han","active"
"41392b9b","knowledge/week6_ingested/01_研究报告/W6-C9F1E1-文化溯源1.1_五路图腾与命理深度融合体系.md","reference","general","active"
"28dea22d","knowledge/week6_ingested/01_研究报告/W6-D2A6AE-硬件初创企业合伙人选择决策框架.md","reference","general","active"
"0598690e","knowledge/week6_ingested/01_研究报告/W6-0A39F1-合伙人深度访谈问题清单.md","reference","xu_sir","active"
"3f081636","knowledge/week6_ingested/01_研究报告/W6-3A5F87-客户价值体系_V1.1.md","reference","general","active"
"076271ab","knowledge/week6_ingested/01_研究报告/W6-4BE3CC-六路图腾与星盘对应图谱.md","reference","general","active"
"23286212","knowledge/week6_ingested/01_研究报告/W6-F24B2F-GUANYIN_V1.0.md","reference","xie_baojian","active"
"64e1ba94","knowledge/week6_ingested/01_研究报告/W6-4BCB8D-免费优先策略深度研究.md","reference","xu_sir","active"
"a2aed4d1","knowledge/week6_ingested/01_研究报告/W6-ACD04C-感知力决策知识图谱_核心要点.md","reference","fang_yifeng","active"
"5231f013","knowledge/week6_ingested/01_研究报告/W6-52E32F-个人化商业计划沙盘交付计划-Egbertie专属版.md","reference","xie_baojian","active"
"ee8282a9","knowledge/week6_ingested/01_研究报告/W6-34D08C-感知力决策工具V1.1_完整版.md","reference","general","active"
"efdb275d","knowledge/week6_ingested/01_研究报告/W6-153780-商业计划V1.1_感知力决策重构版.md","reference","xie_baojian","active"
"76b2851a","knowledge/week6_ingested/01_研究报告/W6-2B35E4-五路图腾决策体系_对外说明版.md","reference","general","active"
"7d22bcdf","knowledge/week6_ingested/01_研究报告/W6-7D2435-感知力测试模块_V1.1.md","reference","general","active"
"5cb35be7","knowledge/week6_ingested/01_研究报告/W6-C272B8-文化线升级1.1_交付清单.md","reference","general","active"
"c61a62f4","knowledge/week6_ingested/01_研究报告/W6-2A4B4C-五路图腾命理适配决策流程_执行手册.md","reference","general","active"
"5cbb316d","knowledge/week6_ingested/01_研究报告/W6-9A9BFB-文化溯源1.2_本命盘深度融合版.md","reference","liu_honglei","active"
"e1b8e6f4","knowledge/week6_ingested/01_研究报告/W6-656372-感知力决策工具_V1.1_快速参考卡.md","reference","general","active"
"5bc0faf1","knowledge/week6_ingested/01_研究报告/W6-E330B8-合伙人协议关键条款清单.md","reference","general","active"
"5513675d","knowledge/week6_ingested/01_研究报告/W6-514A52-盈利模型V1.1.md","reference","general","active"
"5e11d6fb","knowledge/week6_ingested/WEEK6_REPORT.md","reference","general","active"
"7266b9b2","knowledge/data/experts/README.md","reference","liu_honglei","active"
"0375da99","knowledge/data/experts/History/herbert_simon.md","reference","xie_baojian","active"
"30346643","knowledge/data/experts/History/liu_yuxi.md","reference","general","active"
"74f4ee23","knowledge/data/experts/History/avalokitesvara.md","reference","general","active"
"83f5089e","knowledge/data/experts/neuroscience/antonio_damasio.md","reference","fang_yifeng","active"
"d6689282","knowledge/data/experts/intuition/daniel_kahneman.md","reference","luo_han","active"
"d45309fd","knowledge/data/cases/case_002_gov_subsidy.md","reference","xu_sir","active"
"cab67b61","knowledge/data/cases/case_001_equity_dispute.md","reference","general","active"
"33287430","knowledge/data/cases/case_005_investor_intervention.md","reference","xu_sir","active"
"b66c0645","knowledge/data/cases/case_004_value_conflict.md","reference","general","active"
"faa87ea4","knowledge/data/cases/case_003_tech_exit.md","reference","xu_sir","active"
"5409d00c","knowledge/converted_docs/05_话术工具/19cc5c6b-a1e2-81d0-8000-0000bd3988e6_创始人的初始见面话术V0.5-反方质疑.md","reference","general","active"
"dd61b674","knowledge/converted_docs/AUDIT_REPORT.md","reference","general","active"
"9cae52ee","knowledge/converted_docs/10_AI行业研究/AIRES-003-Skills神级饲料.md","reference","xu_sir","active"
"ad55967d","knowledge/converted_docs/10_AI行业研究/AIRES-005-AI辅助学习框架.md","reference","xu_sir","active"
"dacac52e","knowledge/converted_docs/10_AI行业研究/AIRES-010-ima知识库Skill.md","reference","xu_sir","active"
"534cd25d","knowledge/converted_docs/10_AI行业研究/AIRES-008-AccioWork跨境电商Agent.md","reference","xu_sir","active"
"eb455dad","knowledge/converted_docs/10_AI行业研究/AIRES-006-中国AI视频弯道超车.md","reference","xu_sir","active"
"0182a787","knowledge/converted_docs/10_AI行业研究/AIRES-009-QVeris投研分析.md","reference","xu_sir","active"
"317825f8","knowledge/converted_docs/10_AI行业研究/AIRES-001-傅盛AI龙虾成长日志.md","reference","xu_sir","active"
"020f871f","knowledge/converted_docs/10_AI行业研究/AIRES-002-WorkBuddy微信直连.md","reference","xu_sir","active"
"02a12c19","knowledge/converted_docs/10_AI行业研究/AIRES-012-WorkBuddy一分钟部署.md","reference","xu_sir","active"
"a845d2db","knowledge/converted_docs/10_AI行业研究/AIRES-011-飞书公众号排版自动化.md","reference","xu_sir","active"
"c25e1c11","knowledge/converted_docs/10_AI行业研究/AIRES-007-Agent系统简单设计原则.md","reference","xu_sir","active"
"3aed512a","knowledge/converted_docs/10_AI行业研究/AIRES-004-agency-agents多智能体协作.md","reference","xu_sir","active"
"f528923c","knowledge/converted_docs/README.md","reference","liu_honglei","active"
"c49e9b93","knowledge/converted_docs/03_学术根基/19cc5c6b-abb2-804a-8000-000064639b34_赫伯特_西蒙著作研究_满意解理论与合伙人决策业务的学术根基.md","reference","general","active"
"36e51363","knowledge/converted_docs/03_学术根基/涌现匹配算法_V2.0_学术规范版.md","reference","luo_han","active"
"0f60e2d6","knowledge/converted_docs/08_感知力训练/感知力训练体系_V2.0_具身认知与双系统理论.md","reference","xu_sir","active"
"156c9841","knowledge/converted_docs/08_感知力训练/感知力训练体系_V1.md","reference","fang_yifeng","active"
"0853c5e3","knowledge/converted_docs/04_品牌设计/19cc5c4d-1c32-85d6-8000-0000fd793761_满意解研究所_Logo优化设计指南.md","reference","xu_sir","active"
"0c67fbf8","knowledge/converted_docs/01_研究报告/19cc5c6b-ce02-8492-8000-000098f41b44_满意解研究所V0.96.md","reference","xie_baojian","active"
"6906c993","knowledge/converted_docs/01_研究报告/满意解研究所与李泽湘体系协同策略研究报告1.0.md","reference","luo_han","active"
"a35e10e0","knowledge/converted_docs/01_研究报告/黎红雷教授深度研究报告1.0.md","reference","liu_honglei","active"
"99c622fa","knowledge/converted_docs/01_研究报告/满意解研究所与XbotPark体系协同策略研究报告_2.0_学术版.md","reference","xie_baojian","active"
"097ec5fa","knowledge/converted_docs/02_实施方案/涌现匹配算法实施手册_V1.md","reference","luo_han","active"
"b7b9c8fd","knowledge/converted_docs/02_实施方案/极限72小时压力测试实施方案_V1.md","reference","xu_sir","active"
"73869ac3","knowledge/converted_docs/02_实施方案/极限72小时压力测试_V2.0_实验性框架.md","reference","luo_han","active"
"2b796a75","knowledge/converted_docs/99_其他/FEISHU-AUTH-001-飞书授权流程.md","reference","xu_sir","active"
"d19e75bb","knowledge/converted_docs/99_其他/temp_openclaw_skills_guide.md","methodology","xu_sir","active"
"d333c9f2","knowledge/converted_docs/99_其他/test_document.md","reference","general","active"
"bf0e595a","knowledge/converted_docs/99_其他/蓝军报告_V1.0_原始.md","reference","xie_baojian","active"
"2750a531","knowledge/converted_docs/99_其他/temp_wangdao_report.md","reference","xu_sir","active"
"248ffc26","knowledge/converted_docs/06_反方质疑/19cc5c6b-9982-8cce-8000-000054651c98_V0.9反方.md","reference","general","active"
"8d53b705","knowledge/converted_docs/09_企业儒学/企业儒学理论建构与实践验证_黎红雷_2.0版.md","reference","liu_honglei","active"
"4063358b","knowledge/INGESTION_5STANDARD_ACCEPTANCE.md","reference","general","active"
"eabcac42","knowledge/week8_ingested/WEEK8_REPORT.md","reference","general","active"
"6e5b1d43","knowledge/week8_ingested/11_Skill文档/W8-1970D3-README.md","reference","general","active"
"16b86f9d","knowledge/week8_ingested/11_Skill文档/W8-36022C-SKILL.md","methodology","general","active"
"2a9c85b3","knowledge/week8_ingested/11_Skill文档/W8-CACDC1-19ceceb3-40e2-83cc-8000-000043c54635_workflow-blueprint-guide.md","reference","general","active"
"9153ce2b","knowledge/week8_ingested/11_Skill文档/W8-413299-README.md","reference","general","active"
"44d97eaf","knowledge/week8_ingested/11_Skill文档/W8-121F08-SKILL.md","methodology","general","active"
"55592778","knowledge/week8_ingested/11_Skill文档/W8-3FD587-SKILL.md","methodology","general","active"
"31306670","knowledge/week8_ingested/11_Skill文档/W8-132676-SKILL.md","methodology","general","active"
"247af987","knowledge/week8_ingested/11_Skill文档/W8-C428C9-README.md","reference","general","active"
"3da70cae","knowledge/week8_ingested/11_Skill文档/W8-51904C-README.md","reference","general","active"
"d2089de9","knowledge/week8_ingested/11_Skill文档/W8-D20C42-19cec318-ad82-8cf2-8000-0000faa850b8_content.md","reference","xu_sir","active"
"7e2b616f","knowledge/week8_ingested/11_Skill文档/W8-05CF41-README.md","reference","general","active"
"c4b6eab6","knowledge/week8_ingested/11_Skill文档/W8-A0775D-SKILL.md","methodology","general","active"
"2f64c79d","knowledge/week8_ingested/11_Skill文档/W8-ACADF4-README.md","reference","general","active"
"4af114c6","knowledge/week8_ingested/11_Skill文档/W8-D76C8D-tips.md","reference","xu_sir","active"
"ee0d3fe6","knowledge/week8_ingested/11_Skill文档/W8-641AE0-SKILL.md","methodology","xu_sir","active"
"bbefeee6","knowledge/week8_ingested/11_Skill文档/W8-1DDAC7-README.md","reference","general","active"
"319fd69e","knowledge/week8_ingested/11_Skill文档/W8-98A1A3-SKILL.md","methodology","general","active"
"7277e580","knowledge/week8_ingested/11_Skill文档/W8-D7AB19-SKILL.md","methodology","general","active"
"1607d1d4","knowledge/week8_ingested/11_Skill文档/W8-FEF725-SKILL.md","methodology","general","active"
"d6c2ce3f","knowledge/week8_ingested/11_Skill文档/W8-8131B3-SKILL.md","methodology","general","active"
"4213d3d1","knowledge/week8_ingested/11_Skill文档/W8-A4D245-README.md","reference","general","active"
"922ecd76","knowledge/week8_ingested/11_Skill文档/W8-2AD653-SKILL.md","methodology","xu_sir","active"
"34514235","knowledge/week8_ingested/11_Skill文档/W8-5FE6D0-SKILL.md","methodology","general","active"
"d1123447","knowledge/week8_ingested/11_Skill文档/W8-0B273C-SKILL.md","methodology","general","active"
"34d3ba28","knowledge/week8_ingested/11_Skill文档/W8-27C807-SKILL.md","methodology","general","active"
"6133f6f9","knowledge/week8_ingested/11_Skill文档/W8-9D9341-19cec318-ad72-8e41-8000-0000119132f8_content_auto_fit.md","reference","general","active"
"843561f2","knowledge/week8_ingested/11_Skill文档/W8-F6CEF7-tips.md","reference","general","active"
"a8cfb5d5","knowledge/week8_ingested/11_Skill文档/W8-5E3857-SKILL.md","methodology","xu_sir","active"
"ad652868","knowledge/week8_ingested/11_Skill文档/W8-948649-SKILL.md","methodology","general","active"
"c47c9c96","knowledge/week8_ingested/11_Skill文档/W8-B39376-tips.md","reference","xu_sir","active"
"9bf3b775","knowledge/week8_ingested/11_Skill文档/W8-C73D14-README.md","reference","general","active"
"b833cf60","knowledge/week8_ingested/11_Skill文档/W8-448731-README.md","reference","general","active"
"d181fc5a","knowledge/week8_ingested/11_Skill文档/W8-57F1CB-19cec32a-4b12-80c9-8000-00000e93fde5_example.md","reference","general","active"
"9874c4eb","knowledge/week8_ingested/11_Skill文档/W8-8AA20E-README.md","reference","general","active"
"fb7d6ee6","knowledge/week8_ingested/11_Skill文档/W8-CAA8F0-SKILL.md","methodology","luo_han","active"
"1244af03","knowledge/week8_ingested/11_Skill文档/W8-E221EE-README.md","reference","general","active"
"428450c2","knowledge/week8_ingested/11_Skill文档/W8-858EC5-README.md","reference","general","active"
"8561fb97","knowledge/week8_ingested/11_Skill文档/W8-2595A4-README.md","reference","general","active"
"0e2ed4e9","knowledge/week8_ingested/11_Skill文档/W8-75FE77-README.md","reference","general","active"
"39904a08","knowledge/week8_ingested/11_Skill文档/W8-3CF846-SKILL.md","methodology","general","active"
"3c162b0b","knowledge/week8_ingested/11_Skill文档/W8-8601F8-SKILL.md","methodology","xu_sir","active"
"451160b3","knowledge/week8_ingested/11_Skill文档/W8-6FA296-README.md","reference","general","active"
"8b8c694a","knowledge/week8_ingested/11_Skill文档/W8-DB5369-SKILL.md","methodology","xu_sir","active"
"0b1174c7","knowledge/week8_ingested/11_Skill文档/W8-EBFCEC-SKILL.md","methodology","xu_sir","active"
"e60cae4b","knowledge/week8_ingested/11_Skill文档/W8-858E5F-SKILL.md","methodology","xu_sir","active"
"900fdaf3","knowledge/week8_ingested/11_Skill文档/W8-1ED3A3-SKILL.md","methodology","general","active"
"084f8101","knowledge/week8_ingested/11_Skill文档/W8-2E306A-README.md","reference","general","active"
"828f874b","knowledge/week8_ingested/11_Skill文档/W8-D88BEE-SKILL.md","methodology","general","active"
"677f624a","knowledge/week8_ingested/11_Skill文档/W8-C02EBC-SKILL.md","methodology","general","active"
"4925bef2","knowledge/week8_ingested/11_Skill文档/W8-6B07A0-README.md","reference","general","active"
"564da06c","knowledge/week16_ingested/WEEK16_REPORT.md","reference","general","active"
"32d08974","knowledge/week16_ingested/11_Skill文档/W16-E3AAB1-SKILL.md","methodology","general","active"
"641ceac7","knowledge/week16_ingested/11_Skill文档/W16-0DADB2-SKILL.md","methodology","xu_sir","active"
"f1b11b61","knowledge/week16_ingested/11_Skill文档/W16-0C1E59-SKILL.md","methodology","general","active"
"f16f0995","knowledge/week16_ingested/11_Skill文档/W16-DCE0B4-migration-guide.md","reference","general","active"
"3bc78746","knowledge/week16_ingested/11_Skill文档/W16-DDCADC-COMPLIANCE_REPORT.md","reference","general","active"
"7f333f57","knowledge/week16_ingested/11_Skill文档/W16-8C55EF-README.md","reference","general","active"
"45ee7a70","knowledge/week16_ingested/11_Skill文档/W16-4134B9-improvement-report.md","reference","luo_han","active"
"674f80bb","knowledge/week16_ingested/11_Skill文档/W16-323632-SKILL.md","methodology","general","active"
"5c4ed85a","knowledge/week16_ingested/11_Skill文档/W16-DBCCEC-README.md","reference","general","active"
"e2dd53cb","knowledge/week16_ingested/11_Skill文档/W16-E0D447-SKILL.md","methodology","xu_sir","active"
"c0adfe87","knowledge/week16_ingested/11_Skill文档/W16-C0157F-README.md","reference","xu_sir","active"
"55dd86db","knowledge/week16_ingested/11_Skill文档/W16-22089B-SKILL.md","methodology","general","active"
"4a8226df","knowledge/week16_ingested/11_Skill文档/W16-DE7DB2-SKILL.md","methodology","xu_sir","active"
"c943ad43","knowledge/week16_ingested/11_Skill文档/W16-F45C26-5standard-completion-report.md","reference","general","active"
"a059f4a9","knowledge/week16_ingested/11_Skill文档/W16-C242F8-SKILL.md","methodology","liu_honglei","active"
"bd15dcff","knowledge/week16_ingested/11_Skill文档/W16-E0C2C3-SKILL.md","methodology","general","active"
"ac8db1a7","knowledge/week16_ingested/11_Skill文档/W16-7FF885-naming-guidelines.md","reference","general","active"
"b8b747f0","knowledge/week16_ingested/11_Skill文档/W16-EF587C-README.md","reference","general","active"
"d1ab8d72","knowledge/week16_ingested/11_Skill文档/W16-D91242-SKILL.md","methodology","general","active"
"0fe099a4","knowledge/week16_ingested/11_Skill文档/W16-91A359-README.md","reference","general","active"
"5d1e8d43","knowledge/week16_ingested/11_Skill文档/W16-C0D32E-SKILL.md","methodology","general","active"
"a8178642","knowledge/week16_ingested/11_Skill文档/W16-73ECF3-SKILL.md","methodology","general","active"
"4a35a330","knowledge/week16_ingested/11_Skill文档/W16-A59ED2-README.md","reference","xu_sir","active"
"cc9d74c9","knowledge/week16_ingested/11_Skill文档/W16-5B435B-SKILL.md","methodology","general","active"
"1c1d537e","knowledge/week16_ingested/11_Skill文档/W16-9B893F-5standard-completion-report.md","reference","general","active"
"8efd62d2","knowledge/week16_ingested/11_Skill文档/W16-55B7C1-STANDARDS_CHECK.md","reference","general","active"
"a6078972","knowledge/week16_ingested/11_Skill文档/W16-ADC01D-SKILL.md","methodology","general","active"
"9ce43d98","knowledge/week16_ingested/11_Skill文档/W16-51C16F-SKILL.md","methodology","xu_sir","active"
"f41efa07","knowledge/week16_ingested/11_Skill文档/W16-9B84AC-SKILL.md","methodology","xu_sir","active"
"9cf836aa","knowledge/week16_ingested/11_Skill文档/W16-04CF70-SKILL.md","methodology","general","active"
"aa96f290","knowledge/week16_ingested/11_Skill文档/W16-1B531D-SKILL.md","methodology","general","active"
"cd7de438","knowledge/week16_ingested/11_Skill文档/W16-A48E47-README.md","reference","general","active"
"9c47bf97","knowledge/week16_ingested/11_Skill文档/W16-5736A4-SKILL.md","methodology","luo_han","active"
"477a0e99","knowledge/week16_ingested/11_Skill文档/W16-D6616D-SKILL.md","methodology","general","active"
"32a43609","knowledge/week16_ingested/11_Skill文档/W16-DEB1A3-SKILL.md","methodology","general","active"
"e5fba843","knowledge/week16_ingested/11_Skill文档/W16-6035BA-SKILL.md","methodology","luo_han","active"
"e30b52f7","knowledge/week16_ingested/11_Skill文档/W16-2BE891-SKILL.md","methodology","general","active"
"e3c9cada","knowledge/week16_ingested/11_Skill文档/W16-3A9680-QUICK_REF.md","reference","general","active"
"5ff53d92","knowledge/week16_ingested/11_Skill文档/W16-D82452-README.md","reference","general","active"
"210b3653","knowledge/week16_ingested/11_Skill文档/W16-66EA46-5standard-completion-report.md","reference","general","active"
"55dd850c","knowledge/week16_ingested/11_Skill文档/W16-C6E1A0-SKILL.md","methodology","general","active"
"5e892911","knowledge/week16_ingested/11_Skill文档/W16-B7E694-SKILL.md","methodology","general","active"
"df0ef608","knowledge/week16_ingested/11_Skill文档/W16-886A62-SKILL.md","methodology","general","active"
"00dfaaaa","knowledge/week16_ingested/11_Skill文档/W16-BDD158-5standard-completion-report.md","reference","general","active"
"135324ee","knowledge/week16_ingested/11_Skill文档/W16-EB2F83-README.md","reference","general","active"
"64168b4c","knowledge/week16_ingested/11_Skill文档/W16-1E0A14-SKILL.md","methodology","general","active"
"42f08e18","knowledge/week16_ingested/11_Skill文档/W16-16146F-SKILL.md","methodology","general","active"
"de0e6988","knowledge/week16_ingested/11_Skill文档/W16-F17C63-SUPPORT.md","reference","xu_sir","active"
"350924b7","knowledge/week16_ingested/11_Skill文档/W16-343CA1-SKILL.md","methodology","xu_sir","active"
"685d03d3","knowledge/week16_ingested/11_Skill文档/W16-53ED70-DR-ARCH-v1.0-WIP-260322-Shadow-Claw-Hot-Standby.md","reference","general","evolving"
"9637e811","knowledge/week1_ingested/WEEK1_REPORT.md","reference","general","active"
"bee0c40d","knowledge/week1_ingested/11_Skill文档/W1-6FBFCA-SKILL.md","methodology","general","active"
"d9e23e5b","knowledge/week1_ingested/11_Skill文档/W1-B9F964-SKILL.md","methodology","general","active"
"b81af373","knowledge/week1_ingested/11_Skill文档/W1-53B170-SKILL.md","methodology","general","active"
"d0458eb8","knowledge/week1_ingested/11_Skill文档/W1-B883FD-SKILL.md","methodology","general","active"
"a51dd9ef","knowledge/week1_ingested/11_Skill文档/W1-D0F57A-SKILL.md","methodology","general","active"
"0231cab4","knowledge/week1_ingested/11_Skill文档/W1-062604-SKILL.md","methodology","general","active"
"eecefc6f","knowledge/week1_ingested/11_Skill文档/W1-07408D-SKILL.md","methodology","general","active"
"54e99af9","knowledge/week1_ingested/11_Skill文档/W1-BB4DC0-SKILL.md","methodology","xie_baojian","active"
"acf700b0","knowledge/week1_ingested/11_Skill文档/W1-3E4D48-SKILL.md","methodology","xie_baojian","active"
"655fca93","knowledge/week1_ingested/11_Skill文档/W1-82E3C1-SKILL.md","methodology","general","active"
"1659ef8f","knowledge/week1_ingested/11_Skill文档/W1-AD95FB-SKILL.md","methodology","general","active"
"69af26e5","knowledge/week1_ingested/11_Skill文档/W1-2EC2F7-SKILL.md","methodology","xu_sir","active"
"432b108a","knowledge/week1_ingested/11_Skill文档/W1-C727E3-SKILL.md","methodology","xie_baojian","active"
"99b150bd","knowledge/week1_ingested/11_Skill文档/W1-235FD3-SKILL.md","methodology","general","active"
"1c74425b","knowledge/week1_ingested/11_Skill文档/W1-062170-SKILL.md","methodology","xie_baojian","active"
"837f3fbe","knowledge/week1_ingested/11_Skill文档/W1-C35CBC-SKILL.md","methodology","xu_sir","active"
"ed513f4f","knowledge/week1_ingested/11_Skill文档/W1-8672FB-SKILL.md","methodology","general","active"
"f4314511","knowledge/week1_ingested/11_Skill文档/W1-31B564-SKILL.md","methodology","xie_baojian","active"
"abc65c2d","knowledge/week1_ingested/11_Skill文档/W1-6D3062-SKILL.md","methodology","general","active"
"e0b39ae6","knowledge/week1_ingested/11_Skill文档/W1-E30D77-SKILL.md","methodology","xu_sir","active"
"18acabd7","knowledge/week1_ingested/01_研究报告/W1-1A0F6F-3月25日官宣执行清单.md","reference","general","active"
"0cd5c0c4","knowledge/week1_ingested/01_研究报告/W1-1831EA-FINAL_REPORT_2026-03-20-V2.md","reference","luo_han","active"
"eafb4153","knowledge/week1_ingested/01_研究报告/W1-F99849-P0_TOKEN_OPTIMIZATION_COMPLETE_2026-03-26.md","reference","general","active"
"f478a71f","knowledge/week1_ingested/01_研究报告/W1-C9688A-WLU-ARCH-v1.0-FIN-260322-Totem-System.md","reference","liu_honglei","active"
"d1b6d89f","knowledge/week1_ingested/01_研究报告/W1-724D6F-COMPLETE_HISTORICAL_COMMITMENTS.md","reference","xu_sir","active"
"e5e9114a","knowledge/week1_ingested/01_研究报告/W1-9FC122-HONEST_LABELING_EXECUTION.md","reference","general","active"
"9f460178","knowledge/week1_ingested/01_研究报告/W1-991A58-PROMISE_STANDARDIZATION_REPORT.md","reference","general","active"
"7c0dc13a","knowledge/week1_ingested/01_研究报告/W1-A48604-CRON_OPTIMIZATION_V2.md","reference","general","active"
"68de147a","knowledge/week1_ingested/01_研究报告/W1-15802D-NGT-ARCH-v1.0-FIN-260322-Fusion-Mapping-Detailed.md","reference","fang_yifeng","active"
"19f7b6ba","knowledge/week1_ingested/01_研究报告/W1-47F23A-NGT_FUSION_EXECUTION_LOG.md","reference","general","active"
"03efcb74","knowledge/week1_ingested/01_研究报告/W1-142EE8-DISASTER_RECOVERY_WECOM_SETUP.md","reference","xu_sir","active"
"21eed586","knowledge/week1_ingested/01_研究报告/W1-765AF9-PROMISE_CATCHUP_REPORT.md","reference","liu_honglei","active"
"88527502","knowledge/week1_ingested/01_研究报告/W1-3443FA-P0_FIX_LOG.md","reference","general","active"
"97f143a8","knowledge/week1_ingested/01_研究报告/W1-74C82F-PHASE1_7_SEVEN_STANDARD_COMPLETION.md","reference","general","active"
"cba38954","knowledge/week1_ingested/01_研究报告/W1-D237FE-NGT-IMPL-v1.0-FIN-260322-Lean-Waste-Track.md","implementation","general","active"
"d253e095","knowledge/week1_ingested/01_研究报告/W1-89DB01-5STANDARD_AUDIT_REPORT.md","reference","general","active"
"582428a3","knowledge/week1_ingested/01_研究报告/W1-E30F0B-MULTI_CLAW_ARCHITECTURE_DESIGN.md","reference","general","active"
"651c98f7","knowledge/week1_ingested/01_研究报告/W1-8CFD36-TOKEN-OPTIMIZATION-v1.0-FIN-260322.md","reference","general","active"
"5ce0d4a6","knowledge/week1_ingested/01_研究报告/W1-04965B-DISASTER_RECOVERY_COMPLETE_REPORT.md","reference","general","active"
"f7d5ada3","knowledge/week1_ingested/01_研究报告/W1-F7B069-BLUE_SENTINEL_7STANDARD_REPORT.md","reference","xu_sir","active"
"ab430490","knowledge/week1_ingested/02_实施方案/W1-FC5E97-全天候高效工作体系.md","reference","xu_sir","active"
"572efe79","knowledge/week1_ingested/02_实施方案/W1-F88507-并行协同管理机制-满意解速度版.md","reference","general","active"
"c6b0ff29","knowledge/week1_ingested/02_实施方案/W1-302632-第一性原理升级方案_完成总结.md","reference","general","active"
"2bdcdab9","knowledge/week1_ingested/02_实施方案/W1-84E62D-工作准则V2.0.md","reference","xu_sir","active"
"354faba0","knowledge/week1_ingested/02_实施方案/W1-924805-管理罗盘实现方案.md","reference","xie_baojian","active"
"7890c20f","knowledge/week1_ingested/06_反方质疑/W1-491E1A-蓝军意见整理报告V1.0.md","reference","xie_baojian","active"
"a01463f9","knowledge/week1_ingested/07_沙盘模拟/W1-48FB41-沙盘系统1.1_执行摘要.md","reference","xu_sir","active"
"c4b2643c","knowledge/week1_ingested/07_沙盘模拟/W1-E95FA8-沙盘模拟系统_1.1.md","reference","liu_honglei","active"
"2b3d131c","knowledge/week1_ingested/07_沙盘模拟/W1-E920E1-沙盘案例库_详细档案.md","reference","general","active"
"1bff47bc","knowledge/week1_ingested/07_沙盘模拟/W1-FC8695-合伙人选择沙盘模拟案例集.md","reference","xu_sir","active"
"00c4fca2","knowledge/memory/short_term/2026-03-19.md","reference","general","active"
"008b25f8","knowledge/memory/long_term/core/identity.md","reference","xu_sir","active"
"037f1903","knowledge/memory/long_term/projects/manyuejie_kms.md","reference","general","active"
"f02ef658","knowledge/memory/long_term/decisions/kms_architecture.md","reference","general","active"
"aa71c2e9","knowledge/memory/working/current_context.md","reference","general","active"
"15bce5e6","knowledge/week7_ingested/11_Skill文档/W7-135FD3-SKILL.md","methodology","xu_sir","active"
"60cbd78b","knowledge/week7_ingested/11_Skill文档/W7-28A06B-user-prompt-templates.md","reference","xu_sir","active"
"918df85f","knowledge/week7_ingested/11_Skill文档/W7-2028CC-SKILL.md","methodology","general","active"
"8056b64f","knowledge/week7_ingested/11_Skill文档/W7-74C1B8-kimi-deep-research-prompt.md","reference","xu_sir","active"
"94c63b93","knowledge/week7_ingested/11_Skill文档/W7-D494E8-README.md","reference","general","active"
"edfa85e2","knowledge/week7_ingested/11_Skill文档/W7-E9EA38-README.md","reference","general","active"
"f15d8f68","knowledge/week7_ingested/11_Skill文档/W7-11CB98-SKILL.md","methodology","general","active"
"3597b870","knowledge/week7_ingested/11_Skill文档/W7-828783-SKILL.md","methodology","xu_sir","active"
"3d75280e","knowledge/week7_ingested/11_Skill文档/W7-940CC5-SKILL.md","methodology","xu_sir","active"
"5980c855","knowledge/week7_ingested/11_Skill文档/W7-22F14E-SKILL.md","methodology","xu_sir","active"
"c57f0c8c","knowledge/week7_ingested/11_Skill文档/W7-0B2147-README.md","reference","general","active"
"33ff0834","knowledge/week7_ingested/01_研究报告/W7-A9C90D-LIU_V1.0.md","reference","general","active"
"c00df6eb","knowledge/week7_ingested/01_研究报告/W7-DF402C-司马贺_深度研究报告_V2.0.md","reference","xu_sir","active"
"11c0cfda","knowledge/week7_ingested/01_研究报告/W7-BD7F1F-SIMON_quick_ref.md","reference","xu_sir","active"
"5fb98c1a","knowledge/week7_ingested/01_研究报告/W7-50EEAB-HUINENG素材档案.md","reference","general","active"
"1aa73c1e","knowledge/week7_ingested/01_研究报告/W7-74854F-LIU_quick_ref.md","reference","xie_baojian","active"
"7ff353b7","knowledge/week7_ingested/01_研究报告/W7-CA4F6B-INTERNAL_MEETING_PROTOCOL_V1.md","reference","xie_baojian","active"
"8c17d169","knowledge/week7_ingested/01_研究报告/W7-2AA57F-知识管理体系-防遗漏版.md","reference","xu_sir","active"
"ed754201","knowledge/week7_ingested/01_研究报告/W7-D86744-Egbertie个人命理完整档案.md","reference","xie_baojian","active"
"e9e17089","knowledge/week7_ingested/01_研究报告/W7-227657-飞书API调试操作指南.md","reference","general","active"
"51342c00","knowledge/week7_ingested/01_研究报告/W7-BEBB12-partner-decision-immersive-camp.md","reference","liu_honglei","active"
"cb071522","knowledge/week7_ingested/01_研究报告/W7-5624E7-黎红雷数字替身后训练报告_V2.0.md","reference","liu_honglei","active"
"16150ceb","knowledge/week7_ingested/01_研究报告/W7-D0752F-meeting_policy.md","reference","xie_baojian","active"
"d9434ce5","knowledge/week7_ingested/01_研究报告/W7-9E85A6-SIMON_V1.0.md","reference","xu_sir","active"
"2c323ea9","knowledge/week7_ingested/01_研究报告/W7-4F621D-meeting_template.md","reference","general","active"
"23fb20ca","knowledge/week7_ingested/01_研究报告/W7-4C4F05-核心专家数字替身档案.md","reference","liu_honglei","active"
"a8d77454","knowledge/week7_ingested/01_研究报告/W7-2722D7-meeting_tools.md","reference","general","active"
"e9fdf5bf","knowledge/week7_ingested/01_研究报告/W7-AADC91-CONFUCIUS_素材档案.md","reference","liu_honglei","active"
"24895436","knowledge/week7_ingested/01_研究报告/W7-B87B34-MEETING_PROTOCOL.md","reference","general","active"
"5780dc62","knowledge/week7_ingested/01_研究报告/W7-27E975-会议记录分析报告.md","reference","xie_baojian","active"
"b1048f2b","knowledge/week7_ingested/01_研究报告/W7-EC6D33-Egbertie个人品牌故事_星盘融合版.md","reference","liu_honglei","active"
"67548f07","knowledge/week7_ingested/01_研究报告/W7-69A59E-飞书深度学习计划.md","reference","xu_sir","active"
"257e88e8","knowledge/week7_ingested/01_研究报告/W7-9480E2-刘禹锡LIU素材档案.md","reference","general","active"
"ca0b3fc5","knowledge/week7_ingested/01_研究报告/W7-FFEB81-product_handbook_softlaunch_v1.md","reference","liu_honglei","active"
"b3e3ded0","knowledge/week7_ingested/01_研究报告/W7-42E6F6-token-enforcer-deployment-report.md","reference","general","active"
"ae5f8387","knowledge/week7_ingested/01_研究报告/W7-0222FF-TEMPLATE.md","reference","xu_sir","active"
"d6d4efbe","knowledge/week7_ingested/01_研究报告/W7-804DF3-研究成果质量控制与产品转化机制.md","reference","xu_sir","active"
"f605ea47","knowledge/week7_ingested/01_研究报告/W7-FDB3AA-SIMON_dialogue_lib.md","reference","general","active"
"dd554e14","knowledge/week7_ingested/01_研究报告/W7-30DBE2-AI角色自主会议机制.md","reference","xie_baojian","active"
"e118ca9f","knowledge/week7_ingested/01_研究报告/W7-EA16DF-first_meeting.md","reference","general","active"
"984c2549","knowledge/week7_ingested/01_研究报告/W7-309E03-Egbertie个人品牌故事.md","reference","liu_honglei","active"
"ac568ee7","knowledge/week7_ingested/01_研究报告/W7-52BAF5-飞书技术问题反馈文档.md","reference","xu_sir","active"
"aeffb391","knowledge/week7_ingested/01_研究报告/W7-30F590-LIU_dialogue_lib.md","reference","general","active"
"a0ebb736","knowledge/week7_ingested/01_研究报告/W7-89C45F-skill_consolidation_mapping.md","methodology","general","active"
"f59617cb","knowledge/week7_ingested/02_实施方案/W7-052C36-并行协同机制-组织常态版.md","reference","xu_sir","active"
"559dc427","knowledge/week7_ingested/02_实施方案/W7-C2C614-GAME里程碑调整-V1.1.md","reference","general","active"
"90a3a6b8","knowledge/week7_ingested/02_实施方案/W7-86375D-PROD与GAME分工协作方案.md","reference","xu_sir","active"
"1a83254c","knowledge/week7_ingested/02_实施方案/W7-32CA7F-员工犯错防控机制-严格风控版.md","reference","xu_sir","active"
"e79a246d","knowledge/week7_ingested/02_实施方案/W7-7779EB-执行摘要_TRL-PFI参数调优.md","reference","general","active"
"682a5bb1","knowledge/week7_ingested/02_实施方案/W7-F52D79-定时任务诊断报告.md","reference","general","active"
"21ea3d3b","knowledge/week7_ingested/WEEK7_REPORT.md","reference","general","active"
"a75d69cb","knowledge/core_system/04_reports/SYSTEM_TRANSFORMATION_REPORT_V2.md","reference","xie_baojian","active"
"b04da7fa","knowledge/core_system/04_reports/SYSTEM_TRANSFORMATION_SUMMARY.md","reference","general","active"
"7a4baef2","knowledge/core_system/04_reports/SKILL_AUDIT_REPORT_V1.2.md","methodology","xie_baojian","active"
"0df1ce5e","knowledge/core_system/03_operations/WORKSPACE_STATUS.md","reference","xu_sir","active"
"25288306","knowledge/core_system/03_operations/TASK_MASTER.md","reference","xu_sir","active"
"d75c0d34","knowledge/core_system/03_operations/DEPLOYMENT_STATUS.md","reference","general","active"
"b889b277","knowledge/core_system/03_operations/TASKS.md","reference","xu_sir","active"
"d21cc735","knowledge/core_system/01_identity/USER.md","reference","liu_honglei","active"
"1e612ce3","knowledge/core_system/01_identity/SOUL.md","reference","xu_sir","active"
"8c1eef98","knowledge/core_system/01_identity/IDENTITY.md","reference","xu_sir","active"
"11a720cc","knowledge/core_system/02_system/HEARTBEAT.md","reference","liu_honglei","active"
"342fbd99","knowledge/core_system/02_system/AGENTS.md","reference","xu_sir","active"
"b6eb1dca","knowledge/core_system/02_system/TOKEN_BUDGET_BASELINE.md","reference","xu_sir","active"
"17d03a6e","knowledge/core_system/02_system/TOOLS.md","reference","xu_sir","active"
"7512cade","knowledge/core_system/02_system/AGENT_STATE.md","reference","general","active"
"e88ab788","knowledge/core_system/02_system/SUPER_RED_LINES.md","reference","xu_sir","active"
"91c2a05d","knowledge/week15_ingested/WEEK15_REPORT.md","reference","general","active"
"a0e3562e","knowledge/week15_ingested/11_Skill文档/W15-84E4AD-limitations.md","reference","general","active"
"dfbd5fb4","knowledge/week15_ingested/11_Skill文档/W15-351D1B-README.md","reference","general","active"
"806494cd","knowledge/week15_ingested/11_Skill文档/W15-98E955-SKILL.md","methodology","general","active"
"36580df9","knowledge/week15_ingested/11_Skill文档/W15-9E281F-SKILL.md","methodology","general","active"
"7ab2af0a","knowledge/week15_ingested/11_Skill文档/W15-71D981-RATE_LIMIT_HANDLING.md","reference","general","active"
"e3ce73c1","knowledge/week15_ingested/11_Skill文档/W15-A6627A-SKILL.md","methodology","general","active"
"f0522a93","knowledge/week15_ingested/11_Skill文档/W15-1883B5-backup_failure.md","reference","general","active"
"296d3821","knowledge/week15_ingested/11_Skill文档/W15-8BE7A0-task_success.md","reference","general","active"
"f95485e7","knowledge/week15_ingested/11_Skill文档/W15-89BCDA-security_breach.md","reference","general","active"
"6cc03225","knowledge/week15_ingested/11_Skill文档/W15-9887CE-SKILL.md","methodology","xu_sir","active"
"e774a918","knowledge/week15_ingested/11_Skill文档/W15-1AA8F7-SKILL.md","methodology","general","active"
"5941b2e3","knowledge/week15_ingested/11_Skill文档/W15-1922E6-security_warning.md","reference","general","active"
"e8e6586c","knowledge/week15_ingested/11_Skill文档/W15-26DE5A-token_warning.md","reference","xu_sir","active"
"b4354f8b","knowledge/week15_ingested/11_Skill文档/W15-E0712B-SKILL.md","methodology","xu_sir","active"
"635bf816","knowledge/week15_ingested/11_Skill文档/W15-F7800E-SKILL.md","methodology","general","active"
"6b6bb4dd","knowledge/week15_ingested/11_Skill文档/W15-7A4BB5-README.md","reference","general","active"
"103b9138","knowledge/week15_ingested/11_Skill文档/W15-065AD0-5standard-completion-report.md","reference","general","active"
"e212c600","knowledge/week15_ingested/11_Skill文档/W15-6304FB-SKILL.md","methodology","general","active"
"9c27ede6","knowledge/week15_ingested/11_Skill文档/W15-A4C214-429_PREVENTION.md","reference","general","active"
"a05e36dc","knowledge/week15_ingested/11_Skill文档/W15-8245C0-SKILL.md","methodology","xu_sir","active"
"3b2a4a1a","knowledge/week15_ingested/11_Skill文档/W15-E3FAC5-QUICK_REF.md","reference","general","active"
"24bf8214","knowledge/week15_ingested/11_Skill文档/W15-9F63E8-report.md","reference","general","active"
"a83e76ae","knowledge/week15_ingested/11_Skill文档/W15-626E81-token_critical.md","reference","xu_sir","active"
"625cf7ce","knowledge/week15_ingested/11_Skill文档/W15-18794E-SKILL.md","methodology","general","active"
"49967510","knowledge/week15_ingested/11_Skill文档/W15-5FA556-SKILL.md","methodology","xu_sir","active"
"0aae669c","knowledge/week15_ingested/11_Skill文档/W15-0296B9-SKILL.md","methodology","xu_sir","active"
"8ac57a12","knowledge/week15_ingested/11_Skill文档/W15-F1BC41-backup_success.md","reference","general","active"
"ab1ef060","knowledge/week15_ingested/11_Skill文档/W15-116C51-SKILL.md","methodology","xu_sir","active"
"e89be8ca","knowledge/week15_ingested/11_Skill文档/W15-9D2D28-validation.md","reference","general","active"
"5e30217d","knowledge/week15_ingested/11_Skill文档/W15-A1C3A8-SKILL.md","methodology","xu_sir","active"
"3b36f5b7","knowledge/week15_ingested/11_Skill文档/W15-AD013D-system_failure.md","reference","general","active"
"4c59b43d","knowledge/week15_ingested/11_Skill文档/W15-E6B6D9-README.md","reference","general","active"
"26b3fdbe","knowledge/week15_ingested/11_Skill文档/W15-E59B13-README.md","reference","general","active"
"6c468690","knowledge/week15_ingested/11_Skill文档/W15-39BE13-SKILL.md","methodology","general","active"
"a97b2df8","knowledge/week15_ingested/11_Skill文档/W15-95C486-SKILL.md","methodology","general","active"
"b8afb2b4","knowledge/week15_ingested/11_Skill文档/W15-E300D9-memory_failure.md","reference","xu_sir","active"
"d8b10baa","knowledge/week15_ingested/11_Skill文档/W15-CAE7E5-5standard-completion-report.md","reference","xu_sir","active"
"877a9cc0","knowledge/week15_ingested/11_Skill文档/W15-CF7506-SKILL.md","methodology","general","active"
"9da0f8c3","knowledge/week15_ingested/11_Skill文档/W15-58CC5E-README.md","reference","general","active"
"8aecdddb","knowledge/week15_ingested/11_Skill文档/W15-AF0E9B-summary.md","reference","general","active"
"71a9913f","knowledge/week15_ingested/11_Skill文档/W15-A72639-5standard-completion-report.md","reference","general","active"
"04f87895","knowledge/week15_ingested/11_Skill文档/W15-264F66-SKILL.md","methodology","xu_sir","active"
"b1a0c35f","knowledge/week15_ingested/11_Skill文档/W15-3A4023-BOOTSTRAP.md","reference","xu_sir","active"
"d7be63e9","knowledge/week15_ingested/11_Skill文档/W15-6FC8C8-SKILL.md","methodology","general","active"
"1e01a3a6","knowledge/week15_ingested/11_Skill文档/W15-6F760D-cognitive_audit_checklist.md","reference","xu_sir","active"
"c8bb84cd","knowledge/week15_ingested/11_Skill文档/W15-158826-UPGRADE_REPORT.md","reference","xu_sir","active"
"dca14c34","knowledge/week15_ingested/11_Skill文档/W15-7A9890-task_failure.md","reference","general","active"
"bfb4ca95","knowledge/week15_ingested/11_Skill文档/W15-9F868B-SKILL.md","methodology","general","active"
"60e62452","knowledge/week15_ingested/11_Skill文档/W15-C85724-5standard-completion-report.md","reference","xu_sir","active"
"7f3267f9","knowledge/week15_ingested/11_Skill文档/W15-5EE741-SKILL.md","methodology","general","active"
"c1c2cd2f","knowledge/INDEX.md","reference","xu_sir","active"
"7d3749fe","knowledge/README.md","reference","liu_honglei","active"
"d0aa8a25","knowledge/week13_ingested/WEEK13_REPORT.md","reference","general","active"
"4d1f97be","knowledge/week13_ingested/11_Skill文档/W13-BD799E-SKILL.md","methodology","general","active"
"00243935","knowledge/week13_ingested/11_Skill文档/W13-8E6DAB-SKILL.md","methodology","general","active"
"4778f5d9","knowledge/week13_ingested/11_Skill文档/W13-915B18-SKILL.md","methodology","general","active"
"09e07cc9","knowledge/week13_ingested/11_Skill文档/W13-64F8B3-SKILL.md","methodology","general","active"
"582c72aa","knowledge/week13_ingested/11_Skill文档/W13-3CAD38-SKILL.md","methodology","general","active"
"8c392f0c","knowledge/week13_ingested/11_Skill文档/W13-B1F025-SKILL.md","methodology","xu_sir","active"
"2122567e","knowledge/week13_ingested/11_Skill文档/W13-336181-DEPLOYMENT_REPORT.md","reference","general","active"
"9c71ae34","knowledge/week13_ingested/11_Skill文档/W13-567713-SKILL.md","methodology","general","active"
"d206f7a0","knowledge/week13_ingested/11_Skill文档/W13-241A1A-SKILL.md","methodology","general","active"
"4f4eceac","knowledge/week13_ingested/11_Skill文档/W13-3781D6-SECURITY_POLICY.md","reference","xu_sir","active"
"83e77e65","knowledge/week13_ingested/11_Skill文档/W13-9F722D-SKILL.md","methodology","general","active"
"39db852a","knowledge/week13_ingested/11_Skill文档/W13-F98E8A-systematic-debugging.md","reference","general","active"
"61d4579c","knowledge/week13_ingested/11_Skill文档/W13-47DB80-SKILL.md","methodology","general","active"
"d79b331e","knowledge/week13_ingested/11_Skill文档/W13-252EE6-SKILL.md","methodology","general","active"
"f860b819","knowledge/week13_ingested/11_Skill文档/W13-75A4B0-writing-plans.md","reference","xu_sir","active"
"7a602457","knowledge/week13_ingested/11_Skill文档/W13-351853-SKILL.md","methodology","general","active"
"eba86aca","knowledge/week13_ingested/11_Skill文档/W13-8E8AC5-SKILL.md","methodology","general","active"
"331abc78","knowledge/week13_ingested/11_Skill文档/W13-DCCEA5-SKILL.md","methodology","general","active"
"bbc1115a","knowledge/week13_ingested/11_Skill文档/W13-A94961-SKILL.md","methodology","general","active"
"69f67215","knowledge/week13_ingested/11_Skill文档/W13-A17928-test_plan.md","reference","xu_sir","active"
"f00d3cd3","knowledge/week13_ingested/11_Skill文档/W13-D84E8F-SKILL.md","methodology","xu_sir","active"
"d23922c4","knowledge/week13_ingested/11_Skill文档/W13-F2C848-SKILL.md","methodology","xu_sir","active"
"2f6dd026","knowledge/week13_ingested/11_Skill文档/W13-1DA11B-ASSESSMENT_REPORT.md","reference","xu_sir","active"
"972d220d","knowledge/week13_ingested/11_Skill文档/W13-573CD0-V2_DEPLOYMENT_REPORT.md","reference","general","active"
"bb3f0e30","knowledge/week13_ingested/11_Skill文档/W13-1DB64B-SKILL.md","methodology","general","active"
"07c3a258","knowledge/week13_ingested/11_Skill文档/W13-A60403-SKILL.md","methodology","xu_sir","active"
"1583009e","knowledge/week13_ingested/11_Skill文档/W13-7F522A-SKILL.md","methodology","luo_han","active"
"64ac32e2","knowledge/week13_ingested/11_Skill文档/W13-507614-SKILL.md","methodology","xu_sir","active"
"906920a3","knowledge/week13_ingested/11_Skill文档/W13-616F43-finishing-branch.md","reference","general","active"
"7c1d14f8","knowledge/week13_ingested/11_Skill文档/W13-774346-SKILL.md","methodology","general","active"
"6e0749f6","knowledge/week13_ingested/11_Skill文档/W13-5D3C51-DATABASE_FIX_REPORT.md","reference","general","active"
"9b8999b5","knowledge/week13_ingested/11_Skill文档/W13-3FF8AD-SKILL.md","methodology","general","active"
"4ae3ad4f","knowledge/week13_ingested/11_Skill文档/W13-D1C247-tdd.md","reference","xu_sir","active"
"3824133e","knowledge/week13_ingested/11_Skill文档/W13-6E2654-SKILL.md","methodology","xu_sir","active"
"49672784","knowledge/week13_ingested/11_Skill文档/W13-2FEC3C-SKILL.md","methodology","general","active"
"c24a1b1f","knowledge/week13_ingested/11_Skill文档/W13-E8C1E6-SKILL.md","methodology","general","active"
"1262244a","knowledge/week13_ingested/11_Skill文档/W13-058055-subagent-development.md","reference","xu_sir","active"
"18702c0e","knowledge/week13_ingested/11_Skill文档/W13-044DA7-brainstorming.md","reference","general","active"
"d0dda2a4","knowledge/week13_ingested/11_Skill文档/W13-FDB8E7-SKILL.md","methodology","general","active"
"e0e208fc","knowledge/week13_ingested/11_Skill文档/W13-AEDF65-SKILL.md","methodology","general","active"
"144c4274","knowledge/week13_ingested/11_Skill文档/W13-66D739-INITIAL_FINDINGS.md","reference","general","active"
"e0277080","knowledge/week13_ingested/11_Skill文档/W13-AD31D0-README.md","reference","xu_sir","active"
"3996893a","knowledge/week13_ingested/11_Skill文档/W13-AB3C3F-SKILL.md","methodology","general","active"
"7ad4ee12","knowledge/week13_ingested/11_Skill文档/W13-15A5C9-SKILL.md","methodology","general","active"
"c8f634b2","knowledge/week13_ingested/11_Skill文档/W13-3E1E25-QUALITY_ASSESSMENT_REPORT_FINAL.md","reference","xu_sir","active"
"95b0870e","knowledge/week13_ingested/11_Skill文档/W13-4081E4-SKILL.md","methodology","general","active"
"a85ec0e5","knowledge/week13_ingested/11_Skill文档/W13-421C12-README.md","reference","general","active"
"51a2d3ea","knowledge/week13_ingested/11_Skill文档/W13-49DB07-SKILL.md","methodology","xu_sir","active"
"c9b1083b","knowledge/week13_ingested/11_Skill文档/W13-123094-api-reference.md","reference","xu_sir","active"
"3cc9c401","knowledge/week13_ingested/11_Skill文档/W13-BC81E5-QUALITY_ASSESSMENT_REPORT.md","reference","xu_sir","active"
"2596a453","knowledge/INVENTORY_REPORT.md","reference","general","active"
"ed562de5","knowledge/week2_ingested/WEEK2_REPORT.md","reference","general","active"
"7585de45","knowledge/week2_ingested/12_记忆档案/W2-9143F9-2026-03-13_小时协调检查报告_1724.md","reference","liu_honglei","active"
"9c5e9182","knowledge/week2_ingested/12_记忆档案/W2-DD3C79-expert_digital_twins.md","reference","liu_honglei","active"
"d86bd550","knowledge/week2_ingested/12_记忆档案/W2-E7706B-2026-03-15.md","reference","xie_baojian","active"
"0cac7914","knowledge/week2_ingested/12_记忆档案/W2-68C791-project_history_2026-03.md","reference","xie_baojian","active"
"c2e8522a","knowledge/week2_ingested/12_记忆档案/W2-32387C-storage-safety-redline-v1.0.md","reference","general","active"
"97a14e96","knowledge/week2_ingested/12_记忆档案/W2-00B449-2026-03-21-decisions.md","reference","xu_sir","active"
"a0844210","knowledge/week2_ingested/12_记忆档案/W2-905725-2026-03-14-WIP-004补救报告.md","reference","liu_honglei","evolving"
"caae98b0","knowledge/week2_ingested/12_记忆档案/W2-EB12B4-2026-03-15_小时协调检查报告_0424.md","reference","liu_honglei","active"
"e0fda897","knowledge/week2_ingested/12_记忆档案/W2-14F1C5-2026-03-10.md","reference","xu_sir","active"
"ae446189","knowledge/week2_ingested/12_记忆档案/W2-9242AA-2026-03-21-evening.md","reference","xu_sir","active"
"a881f60b","knowledge/week2_ingested/12_记忆档案/W2-0C65B5-2026-03-13_小时协调检查报告_2224.md","reference","liu_honglei","active"
"7a55fe87","knowledge/week2_ingested/12_记忆档案/W2-03D22D-2026-03-08.md","reference","liu_honglei","active"
"f032f5ae","knowledge/week2_ingested/12_记忆档案/W2-603993-2026-03-14-WIP-003状态核查报告.md","reference","xu_sir","evolving"
"1b141adc","knowledge/week2_ingested/12_记忆档案/W2-6C1C6C-2026-03-14_小时协调检查报告_1124.md","reference","xu_sir","active"
"c8608fbc","knowledge/week2_ingested/12_记忆档案/W2-762F91-egbertie_full_profile.md","reference","liu_honglei","active"
"e553d985","knowledge/week2_ingested/12_记忆档案/W2-CDECAE-2026-03-06.md","reference","xu_sir","active"
"7552b493","knowledge/week2_ingested/12_记忆档案/W2-5AF51D-2026-03-10-遗忘任务补救报告.md","reference","xie_baojian","active"
"7b7276c5","knowledge/week2_ingested/12_记忆档案/W2-7E965A-2026-03-09-回顾清单.md","reference","liu_honglei","active"
"28f7b570","knowledge/week2_ingested/12_记忆档案/W2-5762BD-migration_report.md","reference","general","active"
"0ad6031e","knowledge/week2_ingested/12_记忆档案/W2-BDE89C-2026-03-14-专家邀请函待确认稿.md","reference","liu_honglei","active"
"66f0cd40","knowledge/week2_ingested/12_记忆档案/W2-053BC6-2026-03-09.md","reference","liu_honglei","active"
"50634b26","knowledge/week2_ingested/12_记忆档案/W2-B014A1-2026-03-20-phase3-completion.md","reference","xie_baojian","active"
"9bd643e7","knowledge/week2_ingested/12_记忆档案/W2-EA2B42-2026-03-13-过期任务补救报告.md","reference","general","active"
"2917dbef","knowledge/week2_ingested/12_记忆档案/W2-6CCB7C-2026-03-18.md","reference","liu_honglei","active"
"a802247a","knowledge/week2_ingested/12_记忆档案/W2-74ACC0-wulu_totem_system.md","reference","liu_honglei","active"
"7b3a44c5","knowledge/week2_ingested/12_记忆档案/W2-D86A89-2026-03-17.md","reference","general","active"
"4b54dc86","knowledge/week2_ingested/12_记忆档案/W2-2AD797-2026-03-15-GAME产品化交付.md","reference","luo_han","active"
"8046c917","knowledge/week2_ingested/12_记忆档案/W2-3F1CDA-2026-03-08_重启状态保存.md","reference","liu_honglei","active"
"255364f6","knowledge/week2_ingested/12_记忆档案/W2-28B7C7-2026-03-13_小时协调检查报告_1624.md","reference","liu_honglei","active"
"06311cfc","knowledge/week2_ingested/12_记忆档案/W2-1EE284-2026-03-21.md","reference","general","active"
"e5b27eec","knowledge/week2_ingested/12_记忆档案/W2-CBBA67-2026-03-15_小时协调检查报告_0124.md","reference","liu_honglei","active"
"1ab26588","knowledge/week2_ingested/12_记忆档案/W2-31BB8A-2026-03-14.md","reference","xu_sir","active"
"d58611e5","knowledge/week2_ingested/12_记忆档案/W2-1BBFAD-working_principles.md","reference","xu_sir","active"
"b03af0ba","knowledge/week2_ingested/12_记忆档案/W2-E9D731-2026-03-22.md","reference","general","active"
"8606905e","knowledge/week2_ingested/12_记忆档案/W2-4FFAC3-skill_system.md","methodology","general","active"
"7bfcdaa1","knowledge/week2_ingested/12_记忆档案/W2-FD81B7-2026-03-14_小时协调检查报告_0924.md","reference","liu_honglei","active"
"ac2e47d2","knowledge/week2_ingested/12_记忆档案/W2-43B73A-2026-03-14_小时协调检查报告_0024.md","reference","liu_honglei","active"
"ed0fa952","knowledge/week2_ingested/12_记忆档案/W2-DE0BF2-2026-03-21-第一目标达成.md","reference","general","active"
"f8bc5cae","knowledge/week2_ingested/12_记忆档案/W2-D22451-2026-03-07.md","reference","luo_han","active"
"ad3413ae","knowledge/week2_ingested/12_记忆档案/W2-26C11A-2026-03-14_小时协调检查报告_2124.md","reference","xu_sir","active"
"e593065b","knowledge/week2_ingested/12_记忆档案/W2-69DDB6-2026-03-19.md","reference","xu_sir","active"
"b85159b1","knowledge/week2_ingested/12_记忆档案/W2-FCA254-2026-03-14_小时协调检查报告_2024.md","reference","liu_honglei","active"
"e66a75d5","knowledge/week2_ingested/12_记忆档案/W2-4DE603-2026-03-16_小时协调检查报告_1924.md","reference","xu_sir","active"
"a55bbb8c","knowledge/week2_ingested/12_记忆档案/W2-C090DC-2026-03-13.md","reference","xu_sir","active"
"e4eb9f11","knowledge/week2_ingested/12_记忆档案/W2-D2F4F0-2026-03-24.md","reference","liu_honglei","active"
"43ece4e7","knowledge/week2_ingested/12_记忆档案/W2-79CC4E-2026-03-21-执行状态报告.md","reference","general","active"
"3ad04078","knowledge/week2_ingested/12_记忆档案/W2-39F3EF-2026-03-16.md","reference","xie_baojian","active"
"ea9699aa","knowledge/week2_ingested/12_记忆档案/W2-CA99E3-2026-03-20.md","reference","general","active"
"5d13e10d","knowledge/week2_ingested/12_记忆档案/W2-6F011F-2026-03-14_小时协调检查报告_0124.md","reference","xu_sir","active"
"28719c32","knowledge/week2_ingested/12_记忆档案/W2-A30602-culture_dingyu_jin_wulu.md","reference","general","active"
"8124c7e8","knowledge/FINAL_INGESTION_REPORT.md","reference","general","active"
"cc9e4757","knowledge/DASHBOARD.md","reference","general","active"
"adba1b45","knowledge/week19_ingested/12_记忆档案/W19-89E092-2026-03-20-link-29-placeholder.md","reference","general","active"
"898e7c21","knowledge/week19_ingested/12_记忆档案/W19-A1C486-academic_deep_research_architecture.md","reference","xu_sir","active"
"8df6dab4","knowledge/week19_ingested/12_记忆档案/W19-E4CDFC-pending-confirmation-queue.md","reference","xu_sir","active"
"45152061","knowledge/week19_ingested/12_记忆档案/W19-056FBD-task-coordination-2026-03-13-2146.md","reference","general","active"
"eccafb3a","knowledge/week19_ingested/12_记忆档案/W19-C2DE51-2026-03-20-link-30-placeholder.md","reference","general","active"
"e1d030e2","knowledge/week19_ingested/12_记忆档案/W19-EE6B24-nine_grid_final_publish.md","reference","xu_sir","active"
"a0eddae3","knowledge/week19_ingested/12_记忆档案/W19-1A523E-multi-agent-design-spec.md","reference","xu_sir","active"
"fc1d0a1a","knowledge/week19_ingested/12_记忆档案/W19-01B2FE-20260320-144753.md","reference","general","active"
"25c3c296","knowledge/week19_ingested/12_记忆档案/W19-907FE3-knowledge_consistency_audit_2026-03-24.md","reference","xu_sir","active"
"ad77e66b","knowledge/week19_ingested/12_记忆档案/W19-29A16E-nine_grid_image_prompt_final.md","reference","xie_baojian","active"
"ba915d5b","knowledge/week19_ingested/12_记忆档案/W19-CADDEB-weekly_retrospective_2026-03-21.md","reference","xu_sir","active"
"ef2c4698","knowledge/week19_ingested/12_记忆档案/W19-70E6F6-lost-promises-audit-2026-03-20.md","reference","general","active"
"4df0d361","knowledge/week19_ingested/12_记忆档案/W19-6D770D-brand_narrative_voice_memo_123.md","reference","xie_baojian","active"
"6e529985","knowledge/week19_ingested/12_记忆档案/W19-363BEC-egbertie-today-tasks-5.md","reference","xie_baojian","active"
"be976046","knowledge/week19_ingested/12_记忆档案/W19-28F4C4-multi_platform_publish_guide.md","reference","xu_sir","active"
"84231d64","knowledge/week19_ingested/12_记忆档案/W19-45B28F-2026-03-20-link-28-placeholder.md","reference","general","active"
"e75c768a","knowledge/week19_ingested/12_记忆档案/W19-3874CA-skill-installation-status.md","methodology","general","active"
"350f5c84","knowledge/week19_ingested/12_记忆档案/W19-C54175-2026-03-20-link-27-placeholder.md","reference","general","active"
"24af0cd1","knowledge/week19_ingested/12_记忆档案/W19-38F082-wechat-integration-evaluation.md","reference","general","active"
"21d4bbbb","knowledge/week19_ingested/12_记忆档案/W19-6A204B-nine_grid_ai_image_guide.md","reference","xu_sir","active"
"c5d227fd","knowledge/week19_ingested/12_记忆档案/W19-1DC75D-decision_retreat_v2_simplified.md","reference","fang_yifeng","active"
"587280e2","knowledge/week19_ingested/12_记忆档案/W19-2D0CE8-hibernation_mode_optimization_v2.md","reference","general","active"
"f7e4199d","knowledge/week19_ingested/12_记忆档案/W19-B49CC2-2026-03-20-link-24-placeholder.md","reference","general","active"
"9dd30e44","knowledge/week19_ingested/12_记忆档案/W19-2120AD-2026-03-20-link-22-placeholder.md","reference","general","active"
"647f82fe","knowledge/week19_ingested/12_记忆档案/W19-2AD907-daily_mode_optimization_v2.md","reference","general","active"
"5067a179","knowledge/week19_ingested/12_记忆档案/W19-3FC9F7-night_research_expert_enhancement.md","reference","liu_honglei","active"
"8553207a","knowledge/week19_ingested/12_记忆档案/W19-87C9CC-2026-03-20-link-26-placeholder.md","reference","general","active"
"9d4f65ea","knowledge/week19_ingested/12_记忆档案/W19-85B9B6-content_unification_decision_list.md","reference","liu_honglei","active"
"b14842c2","knowledge/week19_ingested/12_记忆档案/W19-4E4BC1-2026-W12.md","reference","general","active"
"ab7b9934","knowledge/week19_ingested/12_记忆档案/W19-1D847B-encyclopedia_v1.1_text.md","reference","liu_honglei","active"
"cd143467","knowledge/week19_ingested/12_记忆档案/W19-E622A1-satisfynow-system-map.md","reference","general","active"
"c3a81f21","knowledge/week19_ingested/12_记忆档案/W19-33170E-lost-promises-5standard-report-2026-03-20.md","reference","general","active"
"966c6953","knowledge/week19_ingested/12_记忆档案/W19-7634C9-quick-replenishment-2026-03-15-1220.md","reference","liu_honglei","active"
"7336614a","knowledge/week19_ingested/12_记忆档案/W19-9FD3D0-2026-03-20-link-23-placeholder.md","reference","general","active"
"1e44af06","knowledge/week19_ingested/12_记忆档案/W19-430916-file_upload_integrity_check_20260318.md","reference","luo_han","active"
"be1ca829","knowledge/week19_ingested/12_记忆档案/W19-30A047-lost-promise-user-reservation-2026-03-20.md","reference","general","active"
"cab6767b","knowledge/week19_ingested/12_记忆档案/W19-4D83E7-file-update-workflow.md","reference","general","active"
"eb2c8965","knowledge/week19_ingested/12_记忆档案/W19-F475DA-task-coordination-2026-03-13-2046.md","reference","general","active"
"b82c8844","knowledge/week19_ingested/12_记忆档案/W19-F8E376-certificates_order_final.md","reference","luo_han","active"
"1010cffa","knowledge/week19_ingested/12_记忆档案/W19-A489B9-satisfynow-growth-diary.md","reference","xu_sir","active"
"b4651850","knowledge/week19_ingested/12_记忆档案/W19-2C0C66-token-correction-20260322.md","reference","general","active"
"852b9387","knowledge/week19_ingested/12_记忆档案/W19-CB7F1C-2026-03-20-link-25-placeholder.md","reference","general","active"
"004195f1","knowledge/week19_ingested/12_记忆档案/W19-8B3424-multi_platform_publish_guide_final.md","reference","xu_sir","active"
"29ab547e","knowledge/week19_ingested/12_记忆档案/W19-1C1EBC-align-complement-framework.md","reference","luo_han","active"
"804c7cf3","knowledge/week19_ingested/12_记忆档案/W19-D81B81-cron_optimization_C_deployed.md","reference","general","active"
"f8605115","knowledge/week19_ingested/12_记忆档案/W19-9B9EFD-current_context.md","reference","general","active"
"0b7b90b0","knowledge/week19_ingested/12_记忆档案/W19-883894-reminder-audit-report-2026-03-15.md","reference","general","active"
"6d8a9ef3","knowledge/week19_ingested/12_记忆档案/W19-BD2202-immediate_tasks_completion_report.md","reference","xu_sir","active"
"f5798ab1","knowledge/week19_ingested/12_记忆档案/W19-FBFA18-epic_upgrade_tasklist.md","reference","luo_han","active"
"ce81e096","knowledge/week19_ingested/12_记忆档案/W19-A31B2F-skill-integration-report-2026-03-27.md","methodology","xu_sir","active"
"48c6e612","knowledge/week19_ingested/WEEK19_REPORT.md","reference","general","active"
"999455af","knowledge/persona_factory/PERSONA_FACTORY_5STANDARD.md","reference","liu_honglei","active"
"c47d633b","knowledge/week5_ingested/12_记忆档案/W5-2B4181-README-合伙人决策教练.md","reference","general","active"
"81769731","knowledge/week5_ingested/12_记忆档案/W5-B14D73-33角色能力补强工具方案.md","reference","xie_baojian","active"
"9524dea9","knowledge/week5_ingested/12_记忆档案/W5-F5A877-全组织罗盘扫码报告机制.md","reference","xie_baojian","active"
"3297687c","knowledge/week5_ingested/12_记忆档案/W5-5D1722-TOOLS.md_WPS规则.md","reference","general","active"
"b1079292","knowledge/week5_ingested/12_记忆档案/W5-AA6013-Kimi_vs_Claude_计费对比.md","reference","general","active"
"1ba31b11","knowledge/week5_ingested/12_记忆档案/W5-0F1A03-外部工具配置信息.md","reference","general","active"
"9f9682a9","knowledge/week5_ingested/12_记忆档案/W5-35DE6B-URG-001-完成报告.md","reference","xu_sir","active"
"d5f90a5b","knowledge/week5_ingested/12_记忆档案/W5-396BAC-Kimi_Allegretto使用规则.md","reference","luo_han","active"
"7b45db89","knowledge/week5_ingested/12_记忆档案/W5-681E35-API_INVENTORY.md","reference","general","active"
"c26748d0","knowledge/week5_ingested/12_记忆档案/W5-7E245F-DECISION_SAFETY_RED_LINES.md","reference","xu_sir","active"
"08d5bf86","knowledge/week5_ingested/12_记忆档案/W5-CDF51A-专家邀请函_四封.md","reference","liu_honglei","active"
"5637b634","knowledge/week5_ingested/12_记忆档案/W5-F0EA55-API配置记录.md","reference","xu_sir","active"
"395b5344","knowledge/week5_ingested/12_记忆档案/W5-51B411-全球首创合伙人匹配决策系统V1.1_PPMS.md","reference","luo_han","active"
"5c104393","knowledge/week5_ingested/12_记忆档案/W5-FC810E-OPENCLAW_CONCEPTS_LEARNING.md","reference","xu_sir","active"
"54843f70","knowledge/week5_ingested/12_记忆档案/W5-6E57AE-Kimi资源集成方案.md","reference","xu_sir","active"
"124580ba","knowledge/week5_ingested/12_记忆档案/W5-19C778-WPS_API方案.md","reference","general","active"
"40b63b04","knowledge/week5_ingested/01_研究报告/W5-0EF14A-SYMBIOTIC_CONTRACT.md","reference","general","active"
"c7e5e4fc","knowledge/week5_ingested/01_研究报告/W5-E186E9-TODAY_EXECUTION_PLAN.md","reference","general","active"
"8c211076","knowledge/week5_ingested/01_研究报告/W5-E1B5DE-SYSTEM_AUDIT_REPORT_2026-03-20.md","reference","general","active"
"6025ba6b","knowledge/week5_ingested/01_研究报告/W5-100404-SCATTERED_MECHANISMS_BATCH2.md","reference","general","active"
"4554ada6","knowledge/week5_ingested/01_研究报告/W5-69A040-SECURITY_GAP_ANALYSIS_2026-03-26.md","reference","general","active"
"8d66d44e","knowledge/week5_ingested/01_研究报告/W5-307402-SECURITY_BASELINE_DEPLOYED_2026-03-26.md","reference","xu_sir","active"
"c15a940f","knowledge/week5_ingested/01_研究报告/W5-ECBA36-SYSTEMATIC_EXECUTION_CHECKLIST.md","reference","general","active"
"b69c1ff8","knowledge/week5_ingested/01_研究报告/W5-465F96-TEN_IRON_RULES.md","reference","xie_baojian","active"
"e83cf02c","knowledge/week5_ingested/01_研究报告/W5-ABA98A-TONIGHT_EXECUTION_REPORT.md","reference","general","active"
"65025ced","knowledge/week5_ingested/01_研究报告/W5-8D8FDA-TIERED_OUTPUT_SYSTEM.md","reference","general","active"
"a951f546","knowledge/week5_ingested/01_研究报告/W5-A94D03-SYSTEMATIC_ISSUE_DEEP_DIVE.md","reference","general","active"
"08d488eb","knowledge/week5_ingested/01_研究报告/W5-DF370F-STANDARDS_5PLUS2_V1.md","reference","general","active"
"a2707b70","knowledge/week5_ingested/01_研究报告/W5-8AA1D7-ZEROTOKEN_OPTIMIZATION_DEPLOYED_2026-03-26.md","reference","general","active"
"bb57ef18","knowledge/week5_ingested/01_研究报告/W5-05F11F-TESTING_FRAMEWORK_GUIDE.md","reference","general","active"
"1d46b9b1","knowledge/week5_ingested/01_研究报告/W5-28D026-SECURITY_AUDIT_2026-03-26.md","reference","general","active"
"ee5913e7","knowledge/week5_ingested/01_研究报告/W5-B1E2D9-SYSTEM_TRUTH_REPORT.md","reference","general","active"
"3a8a8b3b","knowledge/week5_ingested/01_研究报告/W5-C6CF6C-TODAY_COMPLETION_REPORT.md","reference","general","active"
"136a67b4","knowledge/week5_ingested/01_研究报告/W5-F0F8F1-WLU-ARCH-v1.0-FIN-260322-Totem-System-unified.md","reference","liu_honglei","active"
"c86be6e8","knowledge/week5_ingested/01_研究报告/W5-90E480-TODAY_COMPLETION_REPORT_20260321.md","reference","xu_sir","active"
"4d1a2395","knowledge/week5_ingested/01_研究报告/W5-53D24B-TRUSTED_PLUGINS.md","reference","general","active"
"0af4f073","knowledge/week5_ingested/01_研究报告/W5-AE5F32-TASK_MASTER.md","reference","liu_honglei","active"
"e51d5cdc","knowledge/week5_ingested/01_研究报告/W5-464F1F-SENTINEL-GUARD-V1.0-5STANDARD-ACCEPTANCE.md","reference","general","active"
"4f80fe75","knowledge/week5_ingested/01_研究报告/W5-BB9270-SECURITY_AUDIT_2026-03-21.md","reference","xu_sir","active"
"98774b0b","knowledge/week5_ingested/01_研究报告/W5-45EBA7-SCATTERED_MECHANISMS_BATCH3.md","reference","general","active"
"2ddaff54","knowledge/week5_ingested/01_研究报告/W5-2ABF56-SKILL_RECOVERY_COMPLETE.md","methodology","general","active"
"afcfd4fd","knowledge/week5_ingested/01_研究报告/W5-F09544-SECURITY_AUDIT_FIX.md","reference","general","active"
"e35e5137","knowledge/week5_ingested/01_研究报告/W5-8A2E95-VERIFICATION_REPORT_QUICK.md","reference","general","active"
"43c035da","knowledge/week5_ingested/01_研究报告/W5-64F9F1-WECOM_TASK_BOARD_DEPLOYMENT.md","reference","xu_sir","active"
"3d10a5c8","knowledge/week5_ingested/01_研究报告/W5-A59CA2-TOTEM_SYSTEM_NGT_FUSION.md","reference","liu_honglei","active"
"0148acc0","knowledge/week5_ingested/01_研究报告/W5-E04133-TASK_MASTER_V1.5.md","reference","general","active"
"ca31463d","knowledge/week5_ingested/01_研究报告/W5-10C1F4-TOKEN_OPTIMIZATION_ANALYSIS.md","reference","xu_sir","active"
"f92232a6","knowledge/week5_ingested/01_研究报告/W5-EE6407-TOKEN_OPTIMIZATION_MASTERPLAN.md","reference","general","active"
"fbcc0993","knowledge/week5_ingested/01_研究报告/W5-C01C4A-SILENCE_VS_HIBERNATION.md","reference","xu_sir","active"
"18ee9b5a","knowledge/week5_ingested/WEEK5_REPORT.md","reference","general","active"
"c5cc50af","knowledge/week4_ingested/WEEK4_REPORT.md","reference","general","active"
"55cd9642","knowledge/week4_ingested/01_研究报告/W4-BB7BD6-OPERATIONAL_DASHBOARD_V1.md","reference","general","active"
"d540f4f1","knowledge/week4_ingested/01_研究报告/W4-5BE0ED-INFO_COLLECTION_README.md","reference","xu_sir","active"
"b49fae46","knowledge/week4_ingested/01_研究报告/W4-FAD732-FILE_SKILL_RECOVERY_REPORT.md","methodology","general","active"
"55662054","knowledge/week4_ingested/01_研究报告/W4-65C013-FEISHU_WECOM_QUICKSTART.md","reference","general","active"
"0394c404","knowledge/week4_ingested/01_研究报告/W4-4DF47C-LEARNING_REPORT_Immortal_State_2026-03-26.md","reference","general","active"
"c8ec3043","knowledge/week4_ingested/01_研究报告/W4-FD95C0-FULL_PROMISE_AUDIT.md","reference","general","active"
"78ef269c","knowledge/week4_ingested/01_研究报告/W4-D41C50-P0_VERIFICATION_7STANDARD_2026-03-21.md","reference","general","active"
"0a27a416","knowledge/week4_ingested/01_研究报告/W4-66D0E4-QUANTITATIVE_METRICS_V1.md","reference","xu_sir","active"
"cf9f2707","knowledge/week4_ingested/01_研究报告/W4-E82C0D-LEAN_7_WASTES_TRACKING.md","reference","luo_han","active"
"c5b80e90","knowledge/week4_ingested/01_研究报告/W4-25B22B-FULL_CONVERSION_REPORT_2026-03-20.md","reference","luo_han","active"
"0cfcd65f","knowledge/week4_ingested/01_研究报告/W4-A02F6A-FEISHU_WECOM_INTEGRATION_PLAN.md","reference","general","active"
"b03396e8","knowledge/week4_ingested/01_研究报告/W4-A6EE2B-INTEGRATION_OPTIMIZATION_AUDIT_2026-03-21.md","reference","general","active"
"ce95a5af","knowledge/week4_ingested/01_研究报告/W4-5E361B-MECHANISM_INVENTORY_FULL.md","reference","luo_han","active"
"629d7175","knowledge/week4_ingested/01_研究报告/W4-728575-PENDING_INSTRUCTIONS_REPORT.md","reference","xu_sir","active"
"1b9e842d","knowledge/week4_ingested/01_研究报告/W4-6A78BE-PROMISE_BATH_PROGRESS_REPORT_01.md","reference","general","active"
"307c72bb","knowledge/week4_ingested/01_研究报告/W4-72C9E3-P0_FIX_FINAL_REPORT.md","reference","general","active"
"3050ccf8","knowledge/week4_ingested/01_研究报告/W4-7C02CC-MGT-ARCH-v1.0-FIN-260322-Namespace-Enforcement.md","reference","general","active"
"27d25359","knowledge/week4_ingested/01_研究报告/W4-4B670D-PROMISE_BATH_PROJECT.md","reference","general","active"
"4d5fc3ac","knowledge/week4_ingested/01_研究报告/W4-4DB548-FILE_GOVERNANCE_V1.md","reference","xu_sir","active"
"e99edca4","knowledge/week4_ingested/01_研究报告/W4-E6BEA9-QUALITY_CHECK_PROCESS.md","reference","general","active"
"e51a1cdf","knowledge/week4_ingested/01_研究报告/W4-9400B4-FINAL_REPORT_V3.md","reference","general","active"
"2283bc92","knowledge/week4_ingested/01_研究报告/W4-F57BDB-NGT_CLAW_FUSION_DESIGN.md","reference","fang_yifeng","active"
"ddc8c927","knowledge/week4_ingested/01_研究报告/W4-D71814-NEW_RULES_7STANDARD_2026-03-21.md","reference","luo_han","active"
"a8c5acfa","knowledge/week4_ingested/01_研究报告/W4-36EFDD-GLOBAL_TIER1_EXECUTION_PLAN.md","reference","xie_baojian","active"
"e7a54a74","knowledge/week4_ingested/01_研究报告/W4-B08E91-PHASE3_EXECUTION_MASTER.md","reference","xie_baojian","active"
"d13af492","knowledge/week4_ingested/01_研究报告/W4-95A8CF-RED_TEAM_AUDIT_REPORT_2026-03-26.md","reference","liu_honglei","active"
"8d2ebbf1","knowledge/week4_ingested/01_研究报告/W4-74B828-FINAL_VERIFICATION_REPORT_2026-03-21.md","reference","general","active"
"2376f5e0","knowledge/week4_ingested/01_研究报告/W4-98A571-QUALITY_STANDARDS.md","reference","general","active"
"59337a21","knowledge/week4_ingested/01_研究报告/W4-E6DE71-INFO_LOOP_ISSUE_REVIEW.md","reference","general","active"
"552ff9d7","knowledge/week4_ingested/01_研究报告/W4-916056-NETWORK_WHITELIST_V1.md","reference","xu_sir","active"
"977664a7","knowledge/week4_ingested/01_研究报告/W4-5968F6-FINAL_REPORT_V4.md","reference","general","active"
"3d95c428","knowledge/week4_ingested/01_研究报告/W4-AB7B36-PHASE1_7_COMPLETION_REPORT_HONEST.md","reference","general","active"
"9072a155","knowledge/week4_ingested/01_研究报告/W4-A783F5-FULL_PROBLEM_LIST.md","reference","general","active"
"2f29c5d0","knowledge/week4_ingested/01_研究报告/W4-95CCCF-GLOBAL_FILE_GOVERNANCE_V1.md","reference","xu_sir","active"
"458c1e82","knowledge/week4_ingested/01_研究报告/W4-343856-PROMISE_BATH_FINAL_REPORT.md","reference","general","active"
"0f66ef70","knowledge/week4_ingested/01_研究报告/W4-29A1D5-HIDDEN_MECHANISMS_DISCOVERY.md","reference","general","active"
"f51204bf","knowledge/week4_ingested/01_研究报告/W4-0A776F-PROJECT_DASHBOARD.md","reference","general","active"
"2f69fe59","knowledge/week4_ingested/01_研究报告/W4-23D35B-OPERATIONS.md","reference","general","active"
"21d4d645","knowledge/week4_ingested/01_研究报告/W4-973B44-REPLACEMENT_REPORT_P0.md","reference","general","active"
"25a06009","knowledge/week4_ingested/01_研究报告/W4-FD5D0D-FINAL_STATUS_1445.md","reference","xie_baojian","active"
"bc9af433","knowledge/week4_ingested/01_研究报告/W4-3CD001-NGT-ARCH-v1.0-FIN-260322-Fusion-Completion-Report.md","reference","general","active"
"0cb6a6ec","knowledge/week4_ingested/01_研究报告/W4-A3E168-OPTIMIZATION_4_SCHEMES_DEPLOYED_2026-03-26.md","reference","xie_baojian","active"
"adf3d231","knowledge/week4_ingested/01_研究报告/W4-12766C-RED_TEAM_AUDIT_REPORT_2026-03-21.md","reference","xu_sir","active"
"6acb04fc","knowledge/week4_ingested/01_研究报告/W4-7BD149-SCATTERED_MECHANISMS_BATCH1.md","reference","general","active"
"cdef4fc8","knowledge/week4_ingested/01_研究报告/W4-796474-NGT-ARCH-v1.0-FIN-260322-5Standard-Self-Check.md","reference","general","active"
"8fdef475","knowledge/week4_ingested/01_研究报告/W4-DB568C-META_AUDITOR_PRACTICE_REPORT.md","reference","xu_sir","active"
"d90f8198","knowledge/week4_ingested/01_研究报告/W4-08E682-HIBERNATION_VULNERABILITY_FIX.md","reference","general","active"
"481e53d5","knowledge/week4_ingested/01_研究报告/W4-E8F0C7-FACING_ALL_COMMITMENTS.md","reference","general","active"
"747e3dc2","knowledge/week4_ingested/01_研究报告/W4-F8E98B-FINAL_CLEANUP_REPORT.md","reference","general","active"
"22836af8","knowledge/week4_ingested/02_实施方案/W4-DEAF6D-IMPLICIT-RULES-CONVERSION-REPORT.md","implementation","general","active"
"53a269cc","knowledge/insights/frameworks/partner_selection_framework.md","reference","general","active"
"8cf2ad0d","knowledge/week20_ingested/12_记忆档案/W20-0C7D3C-v1.3_upgrade_decision_list.md","reference","xu_sir","active"
"f50edb95","knowledge/week20_ingested/12_记忆档案/W20-883EA2-第一性原则强制执行验证报告_2026-03-15.md","reference","liu_honglei","active"
"f090c558","knowledge/week20_ingested/12_记忆档案/W20-968351-today_research_tasks.md","reference","liu_honglei","active"
"751caae1","knowledge/week20_ingested/12_记忆档案/W20-91A27A-totem_expert_integration.md","reference","luo_han","active"
"98c6851a","knowledge/week20_ingested/12_记忆档案/W20-1CEE6A-v1.3_content_calibration.md","reference","luo_han","active"
"e0d5924c","knowledge/week20_ingested/12_记忆档案/W20-92DE5D-v1.3_content_calibration_report.md","reference","luo_han","active"
"64280b05","knowledge/week20_ingested/12_记忆档案/W20-E01652-resource-execution-handbook.md","reference","xu_sir","active"
"2bcde663","knowledge/week20_ingested/12_记忆档案/W20-F87E45-superpowers_security_audit.md","reference","general","active"
"cfcf3b90","knowledge/week20_ingested/12_记忆档案/W20-C5206B-user_decisions_2026-03-24.md","reference","xu_sir","active"
"ca8d84c2","knowledge/week20_ingested/12_记忆档案/W20-865A28-today_execution_plan.md","reference","general","active"
"969591b8","knowledge/week20_ingested/12_记忆档案/W20-1C98B7-v1.3_parallel_phrases_report.md","reference","luo_han","active"
"25ab29e0","knowledge/week20_ingested/12_记忆档案/W20-DF6884-v1.3_parallel_phrases.md","reference","general","active"
"0e4417d7","knowledge/week20_ingested/12_记忆档案/W20-67599D-voice_memo_insights.md","reference","xie_baojian","active"
"c8ed8112","knowledge/week20_ingested/12_记忆档案/W20-7C851E-v1.3_calibration_full_report.md","reference","luo_han","active"
"a11894e6","knowledge/week20_ingested/12_记忆档案/W20-AB4E51-skill_treasure_hunt.md","methodology","xu_sir","active"
"81f777bc","knowledge/week20_ingested/12_记忆档案/W20-8BC425-token_optimization_strategy.md","reference","general","active"
"352ed63c","knowledge/week20_ingested/12_记忆档案/W20-CE8719-partners_mountain_ep1_script.md","reference","general","active"
"a2cd7f22","knowledge/week20_ingested/12_记忆档案/W20-464BDD-v1.3_final_decisions.md","reference","xu_sir","active"
"d502c185","knowledge/week20_ingested/12_记忆档案/W20-5ECFA6-token_tracking_2026-03-24.md","reference","general","active"
"9f6a462c","knowledge/week20_ingested/12_记忆档案/W20-AEDDAC-v1.3_upgrade_completion_report.md","reference","xu_sir","active"
"f8543472","knowledge/week20_ingested/12_记忆档案/W20-8F416A-nine_grid_launch_plan.md","reference","general","active"
"4245308f","knowledge/week20_ingested/WEEK20_REPORT.md","reference","general","active"
"31227405","knowledge/week11_ingested/WEEK11_REPORT.md","reference","general","active"
"54bedfc9","knowledge/week11_ingested/11_Skill文档/W11-BF20CC-SKILL.md","methodology","xu_sir","active"
"6ca854e3","knowledge/week11_ingested/11_Skill文档/W11-A75765-SKILL.md","methodology","general","active"
"666127c7","knowledge/week11_ingested/11_Skill文档/W11-90A16F-SKILL.md","methodology","general","active"
"a56ece74","knowledge/week11_ingested/11_Skill文档/W11-626A58-advanced.md","reference","general","active"
"bf0c5786","knowledge/week11_ingested/11_Skill文档/W11-4FDC97-README.md","reference","general","active"
"7b35cc05","knowledge/week11_ingested/11_Skill文档/W11-0AB42C-README.md","reference","general","active"
"46f8178a","knowledge/week11_ingested/11_Skill文档/W11-2E8B0E-SKILL.md","methodology","general","active"
"c5039ae4","knowledge/week11_ingested/11_Skill文档/W11-552BA3-SKILL.md","methodology","general","active"
"418b9ac0","knowledge/week11_ingested/11_Skill文档/W11-CDDBE8-SKILL.md","methodology","general","active"
"93e8db77","knowledge/week11_ingested/11_Skill文档/W11-330E7E-SKILL.md","methodology","general","active"
"8aa0d731","knowledge/week11_ingested/11_Skill文档/W11-2E83BF-SKILL.md","methodology","general","active"
"b1566893","knowledge/week11_ingested/11_Skill文档/W11-692216-SKILL.md","methodology","xu_sir","active"
"9ae53f31","knowledge/week11_ingested/11_Skill文档/W11-443562-SKILL.md","methodology","general","active"
"a9b13952","knowledge/week11_ingested/11_Skill文档/W11-A169AB-SKILL.md","methodology","liu_honglei","active"
"ed31ede7","knowledge/week11_ingested/11_Skill文档/W11-90BCD6-SKILL.md","methodology","xu_sir","active"
"11b1522f","knowledge/week11_ingested/11_Skill文档/W11-FB15D2-kimi-function-prompts.md","reference","general","active"
"b9e7025e","knowledge/week11_ingested/11_Skill文档/W11-F8B4BC-SKILL.md","methodology","general","active"
"a6986723","knowledge/week11_ingested/11_Skill文档/W11-D1AF31-kimi-prompts-v2.md","reference","general","active"
"b2af3e6b","knowledge/week11_ingested/11_Skill文档/W11-E3B57D-SKILL.md","methodology","xu_sir","active"
"d7f0df59","knowledge/week11_ingested/11_Skill文档/W11-4F5575-SKILL.md","methodology","general","active"
"bd63d1ce","knowledge/week11_ingested/11_Skill文档/W11-E13C6B-history.md","reference","general","active"
"056709a3","knowledge/week11_ingested/11_Skill文档/W11-488584-SKILL.md","methodology","general","active"
"d50a285b","knowledge/week11_ingested/11_Skill文档/W11-875B40-README.md","reference","xu_sir","active"
"34c773c5","knowledge/week11_ingested/11_Skill文档/W11-7BB6FD-SKILL.md","methodology","general","active"
"354c4635","knowledge/week11_ingested/11_Skill文档/W11-B05127-SKILL.md","methodology","general","active"
"dda1c618","knowledge/week11_ingested/11_Skill文档/W11-FDFBC3-commands.md","reference","general","active"
"818f10fb","knowledge/week11_ingested/11_Skill文档/W11-E775A0-SKILL.md","methodology","xu_sir","active"
"5502905f","knowledge/week11_ingested/11_Skill文档/W11-6935B9-README.md","reference","general","active"
"f965acc8","knowledge/week11_ingested/11_Skill文档/W11-48179A-SKILL.md","methodology","luo_han","active"
"25a1ae75","knowledge/week11_ingested/11_Skill文档/W11-4136D3-collaboration.md","reference","general","active"
"15ef88d4","knowledge/week11_ingested/11_Skill文档/W11-141AB6-SKILL.md","methodology","xu_sir","active"
"925d6560","knowledge/week11_ingested/11_Skill文档/W11-3FF16D-SKILL.md","methodology","xie_baojian","active"
"591d31e2","knowledge/week11_ingested/11_Skill文档/W11-ED1974-SKILL.md","methodology","general","active"
"781553f1","knowledge/week11_ingested/11_Skill文档/W11-06EE19-SKILL.md","methodology","xu_sir","active"
"ae8516b4","knowledge/week11_ingested/11_Skill文档/W11-D20F95-SKILL.md","methodology","general","active"
"23444b38","knowledge/week11_ingested/11_Skill文档/W11-2B3C17-README.md","reference","general","active"
"f9ec78cb","knowledge/week11_ingested/11_Skill文档/W11-60BE18-SKILL.md","methodology","general","active"
"3b2c9163","knowledge/week11_ingested/11_Skill文档/W11-E317E5-membership-benefits-guide.md","reference","general","active"
"e191a7ea","knowledge/week11_ingested/11_Skill文档/W11-9A6C6B-SKILL.md","methodology","xie_baojian","active"
"f7d78131","knowledge/week11_ingested/11_Skill文档/W11-EA1B39-SKILL.md","methodology","xu_sir","active"
"5ed23e76","knowledge/week11_ingested/11_Skill文档/W11-A4E261-SKILL.md","methodology","general","active"
"7e2ac4d5","knowledge/week11_ingested/11_Skill文档/W11-5CAA5B-SKILL.md","methodology","general","active"
"d99af574","knowledge/week11_ingested/11_Skill文档/W11-C3854B-SKILL.md","methodology","xu_sir","active"
"43e4c29f","knowledge/week11_ingested/11_Skill文档/W11-AB86F9-SKILL.md","methodology","general","active"
"ae03b312","knowledge/week11_ingested/11_Skill文档/W11-3B3A93-SKILL.md","methodology","general","active"
"c24375a6","knowledge/week11_ingested/11_Skill文档/W11-1E6F2B-SKILL.md","methodology","general","active"
"9b9a0a9b","knowledge/week11_ingested/11_Skill文档/W11-056EF0-README.md","reference","general","active"
"847dd173","knowledge/week11_ingested/11_Skill文档/W11-7741BF-SKILL.md","methodology","general","active"
"3c3fbe63","knowledge/week11_ingested/11_Skill文档/W11-E71959-SKILL.md","methodology","general","active"
"704f70d5","knowledge/week11_ingested/11_Skill文档/W11-FBB96C-QUICKSTART.md","reference","xu_sir","active"
"1874aa77","knowledge/products/partner_match_system/OVERVIEW.md","reference","liu_honglei","active"
"3ace92e5","knowledge/products/partner_match_system/README.md","reference","liu_honglei","active"
"b16e4ed2","knowledge/products/partner_match_system/DELIVERY.md","reference","luo_han","active"
"825b206e","knowledge/products/partner_match_system/API.md","reference","general","active"
"c74db82c","knowledge/products/partner_match_system/USER_MANUAL.md","reference","general","active"
"0d8375e8","knowledge/products/partner_founder_intelligence/iteration-3-intervention-system.md","reference","xie_baojian","active"
"bb7ade4d","knowledge/products/partner_founder_intelligence/iteration-2-prediction-models.md","reference","xu_sir","active"
"608cf1eb","knowledge/products/partner_founder_intelligence/PFI-2.0-Ultimate-Handbook.md","reference","xu_sir","active"
"9ba4ddd5","knowledge/products/partner_founder_intelligence/iteration-4-scale-delivery.md","reference","xu_sir","active"
"2a991dcd","knowledge/products/partner_founder_intelligence/iteration-5-data-asset.md","reference","xie_baojian","active"
"1aeb5d2f","knowledge/products/partner_founder_intelligence/iteration-1-deep-assessment.md","reference","fang_yifeng","active"
"21c85766","knowledge/week3_ingested/01_研究报告/W3-0D0B9F-BATCH_SCRIPT_CREATION_1.md","reference","general","active"
"3438bd1d","knowledge/week3_ingested/01_研究报告/W3-0AD351-BATCH_CRON_INTEGRATION_2.md","reference","general","active"
"8c5985ca","knowledge/week3_ingested/01_研究报告/W3-682A9F-BULK_CONVERSION_TRACKER.md","reference","general","active"
"3d060033","knowledge/week3_ingested/01_研究报告/W3-3E8065-5STANDARD_STATUS_REPORT.md","reference","general","active"
"ea64e086","knowledge/week3_ingested/01_研究报告/W3-32BDBE-DISASTER_RECOVERY_V1.1.md","reference","xu_sir","active"
"147f3286","knowledge/week3_ingested/01_研究报告/W3-FFAFBF-5STANDARD_TODO_P2.md","reference","xu_sir","active"
"aeedfaf1","knowledge/week3_ingested/01_研究报告/W3-5BD6D3-COMPLETENESS_TRACKER_LATEST.md","reference","general","active"
"53056e3c","knowledge/week3_ingested/01_研究报告/W3-961FF4-AUDIT_MASTER.md","reference","general","active"
"4d35c0cd","knowledge/week3_ingested/01_研究报告/W3-4FB030-COMPLETION_REPORT_2026-03-26.md","reference","general","active"
"155b9550","knowledge/week3_ingested/01_研究报告/W3-5A5380-BLUE_ARMY_STRESS_TEST_PLAN.md","reference","xu_sir","active"
"cd57fb15","knowledge/week3_ingested/01_研究报告/W3-DF48D0-5STANDARD_COMPLETION_REPORT.md","reference","general","active"
"7d7b6e90","knowledge/week3_ingested/01_研究报告/W3-BC2B7F-DISASTER_RECOVERY_EXECUTION_PLAN.md","reference","general","active"
"2727ce34","knowledge/week3_ingested/01_研究报告/W3-C93C2F-API_KEY_ROTATION_PLAN_A.md","reference","xu_sir","active"
"44270903","knowledge/week3_ingested/01_研究报告/W3-7BA90A-BLUE_SENTINEL_7STANDARD_SCHEME.md","reference","xu_sir","active"
"ea74e085","knowledge/week3_ingested/01_研究报告/W3-0714FE-5STANDARD_REMEDIATION_STATUS.md","reference","general","active"
"7963b370","knowledge/week3_ingested/01_研究报告/W3-FA7DE3-BATCH_CRON_INTEGRATION_1.md","reference","xu_sir","active"
"149351bc","knowledge/week3_ingested/01_研究报告/W3-5BC1BE-AUTOMATION_PIPELINE_FIX_PLAN.md","reference","general","active"
"24f99332","knowledge/week3_ingested/01_研究报告/W3-04A57A-ACTION_PLAN_Immortal_State_2026-03-26.md","reference","general","active"
"e21bf052","knowledge/week3_ingested/01_研究报告/W3-3B19ED-BLUE_TEAM_EXECUTION_REPORT_2026-03-27.md","reference","general","active"
"3c9738b9","knowledge/week3_ingested/01_研究报告/W3-6FA326-DEVILS_ADVOCATE_VIEWS.md","reference","general","active"
"4779652c","knowledge/week3_ingested/01_研究报告/W3-3C59CD-BLUE_ARMY_STRESS_TEST_REPORT.md","reference","xu_sir","active"
"b6273353","knowledge/week3_ingested/01_研究报告/W3-66EEC2-CALIBRATION_REPORT.md","reference","luo_han","active"
"92165baa","knowledge/week3_ingested/01_研究报告/W3-7C2079-DUAL_LINK_ANALYSIS_2026-03-26.md","reference","luo_han","active"
"34153f2f","knowledge/week3_ingested/01_研究报告/W3-A1E93B-BLUE_TEAM_COMPREHENSIVE_AUDIT_2026-03-26.md","reference","general","active"
"cca29999","knowledge/week3_ingested/01_研究报告/W3-563DE2-CRON-ANALYSIS-v1.0-FIN-260322-Time-Conflict.md","reference","general","active"
"4942b52e","knowledge/week3_ingested/01_研究报告/W3-BAB3DF-BLUE_TEAM_SUPERVISION_AUDIT_2026-03-26.md","reference","general","active"
"9bf1029b","knowledge/week3_ingested/01_研究报告/W3-1547CD-BULK_PROGRESS_REPORT_1350.md","reference","xie_baojian","active"
"ba96ed41","knowledge/week3_ingested/01_研究报告/W3-F1ADCB-CONTENT_CONSISTENCY_V1.md","reference","liu_honglei","active"
"4c3287e8","knowledge/week3_ingested/01_研究报告/W3-227708-COMPLETE_COMMITMENT_AUDIT.md","reference","general","active"
"776f5aec","knowledge/week3_ingested/01_研究报告/W3-400076-ASSOCIATED_CORRECTIONS_REPORT.md","reference","general","active"
"e43bc786","knowledge/week3_ingested/01_研究报告/W3-75FA03-5STANDARD_TODO_LIST.md","reference","general","active"
"52e4681c","knowledge/week3_ingested/01_研究报告/W3-F3A2B1-5STANDARD_UNCOVERED_SKILLS.md","methodology","xu_sir","active"
"cd4563d7","knowledge/week3_ingested/01_研究报告/W3-A6BC61-5STANDARD_100_PERCENT_COMPLETE_2026-03-26.md","reference","general","active"
"8a5d6a67","knowledge/week3_ingested/01_研究报告/W3-8376BF-CRON_V2_DEPLOYMENT_REPORT.md","reference","general","active"
"75556238","knowledge/week3_ingested/01_研究报告/W3-CA1976-DISASTER_RECOVERY_V2.md","reference","xu_sir","active"
"d07274e2","knowledge/week3_ingested/01_研究报告/W3-B2EB3A-7STANDARD_META_AUDIT.md","reference","general","active"
"1073c1ab","knowledge/week3_ingested/01_研究报告/W3-45B521-DEPLOYMENT_REPORT.md","reference","general","active"
"20991c87","knowledge/week3_ingested/01_研究报告/W3-398272-COMMIT_CHECKLIST.md","reference","general","active"
"6d7e8db0","knowledge/week3_ingested/01_研究报告/W3-E2AFAD-BLUE_ARMY_AUDIT_LOG.md","reference","xu_sir","active"
"b0e421d0","knowledge/week3_ingested/01_研究报告/W3-05268D-BATCH_SCRIPT_CREATION_2.md","reference","xu_sir","active"
"6dc383b7","knowledge/week3_ingested/01_研究报告/W3-A0918A-ANNOUNCEMENT_READINESS_CHECK.md","reference","xie_baojian","active"
"23eff7b1","knowledge/week3_ingested/01_研究报告/W3-7253E2-BLUE_AUDIT_REMEDIATION_REPORT.md","reference","xu_sir","active"
"daed2637","knowledge/week3_ingested/01_研究报告/W3-EDE5C9-API_INTEGRATION_STATUS.md","reference","general","active"
"c3cec6da","knowledge/week3_ingested/01_研究报告/W3-9E0B31-BLUE_TEAM_TOKEN_OPTIMIZATION_REPORT_2026-03-26.md","reference","general","active"
"4f027416","knowledge/week3_ingested/01_研究报告/W3-EF8428-DISASTER_RECOVERY_GAP_ANALYSIS.md","reference","general","active"
"6a552c68","knowledge/week3_ingested/01_研究报告/W3-EE2F11-DIGITAL_PERSONA_COMPLETE_REPORT_2026-03-26.md","reference","liu_honglei","active"
"c2fcfeb4","knowledge/week3_ingested/01_研究报告/W3-7F5A7C-BLUE_ARMY_STRESS_TEST_EXECUTION.md","reference","xu_sir","active"
"037a5eb8","knowledge/week3_ingested/01_研究报告/W3-8FC400-BULK_PROGRESS_REALTIME.md","reference","general","active"
"52f3f3ae","knowledge/week3_ingested/01_研究报告/W3-0722DE-DEEP_CLEANING_REPORT.md","reference","liu_honglei","active"
"c4043341","knowledge/week3_ingested/WEEK3_REPORT.md","reference","general","active"
"91c79612","knowledge/week3_ingested/02_实施方案/W3-856F71-CRON_IMPLICIT_MECHANISMS.md","implementation","general","active"
"408a4f19","knowledge/week12_ingested/11_Skill文档/W12-4ED1B9-SKILL.md","methodology","general","active"
"95bd65e3","knowledge/week12_ingested/11_Skill文档/W12-3AB714-SKILL.md","methodology","general","active"
"f94f326e","knowledge/week12_ingested/11_Skill文档/W12-9DB2B8-SKILL.md","methodology","general","active"
"13736e64","knowledge/week12_ingested/11_Skill文档/W12-C57756-SKILL.md","methodology","general","active"
"c6cbd88d","knowledge/week12_ingested/11_Skill文档/W12-1EE727-CHANNELLOG.md","reference","general","active"
"b69e453d","knowledge/week12_ingested/11_Skill文档/W12-8BF9C3-SKILL.md","methodology","luo_han","active"
"95f22578","knowledge/week12_ingested/11_Skill文档/W12-4C34DB-SKILL.md","methodology","general","active"
"a4979cb6","knowledge/week12_ingested/11_Skill文档/W12-7A4144-SKILL.md","methodology","general","active"
"787f7c09","knowledge/week12_ingested/11_Skill文档/W12-350686-SKILL.md","methodology","general","active"
"f3161e78","knowledge/week12_ingested/11_Skill文档/W12-50E7B0-SKILL.md","methodology","xie_baojian","active"
"0d3c8d8c","knowledge/week12_ingested/11_Skill文档/W12-95A89A-SKILL.md","methodology","general","active"
"24dfbd8a","knowledge/week12_ingested/11_Skill文档/W12-A5BC13-SKILL.md","methodology","general","active"
"7df9a6ea","knowledge/week12_ingested/11_Skill文档/W12-574197-SKILL.md","methodology","general","active"
"f28c7cf2","knowledge/week12_ingested/11_Skill文档/W12-940D5E-SKILL.md","methodology","general","active"
"bef535fc","knowledge/week12_ingested/11_Skill文档/W12-200F8C-SKILL.md","methodology","luo_han","active"
"3d97e436","knowledge/week12_ingested/11_Skill文档/W12-2397D5-SKILL.md","methodology","general","active"
"a9ccd8cc","knowledge/week12_ingested/11_Skill文档/W12-BE1F44-SKILL.md","methodology","general","active"
"62928dc1","knowledge/week12_ingested/11_Skill文档/W12-7F31D4-SKILL.md","methodology","liu_honglei","active"
"2062b309","knowledge/week12_ingested/11_Skill文档/W12-60EF8D-SKILL.md","methodology","general","active"
"13bb2bd0","knowledge/week12_ingested/11_Skill文档/W12-028F99-SKILL.md","methodology","general","active"
"52f1b0dc","knowledge/week12_ingested/11_Skill文档/W12-5C4DDD-SKILL.md","methodology","general","active"
"f1c71d2f","knowledge/week12_ingested/11_Skill文档/W12-A3A10D-CHANGELOG.md","reference","general","active"
"216da577","knowledge/week12_ingested/11_Skill文档/W12-7379C9-SKILL.md","methodology","general","active"
"72f63ab8","knowledge/week12_ingested/11_Skill文档/W12-B67AA1-19cece98-7592-8ae5-8000-000001068550_runbook-template.md","reference","general","active"
"f76c2e9b","knowledge/week12_ingested/11_Skill文档/W12-1786FE-SKILL.md","methodology","xu_sir","active"
"f220e04c","knowledge/week12_ingested/11_Skill文档/W12-5DDD05-SKILL.md","methodology","general","active"
"3a2fe695","knowledge/week12_ingested/11_Skill文档/W12-A5C815-SKILL.md","methodology","general","active"
"19e62482","knowledge/week12_ingested/11_Skill文档/W12-1D61BA-SKILL.md","methodology","xu_sir","active"
"985d6561","knowledge/week12_ingested/11_Skill文档/W12-ADA657-SKILL.md","methodology","xie_baojian","active"
"3f782556","knowledge/week12_ingested/11_Skill文档/W12-07B079-SKILL.md","methodology","general","active"
"c7de68a6","knowledge/week12_ingested/11_Skill文档/W12-F97D3C-SKILL.md","methodology","xu_sir","active"
"f25634df","knowledge/week12_ingested/11_Skill文档/W12-518F74-SKILL.md","methodology","general","active"
"5cf94a48","knowledge/week12_ingested/11_Skill文档/W12-111CB5-SKILL.md","methodology","general","active"
"53022ed9","knowledge/week12_ingested/11_Skill文档/W12-E33B8B-SKILL.md","methodology","general","active"
"73bef523","knowledge/week12_ingested/11_Skill文档/W12-49BAC3-SKILL.md","methodology","general","active"
"68d8c79a","knowledge/week12_ingested/11_Skill文档/W12-D5DC4C-international-search.md","reference","xie_baojian","active"
"f17eca45","knowledge/week12_ingested/11_Skill文档/W12-62B1D5-SKILL.md","methodology","general","active"
"9930d4c7","knowledge/week12_ingested/11_Skill文档/W12-556A45-SKILL.md","methodology","general","active"
"bacf3f5a","knowledge/week12_ingested/11_Skill文档/W12-4790AD-config_guide.md","implementation","xu_sir","active"
"871ca4a2","knowledge/week12_ingested/11_Skill文档/W12-19B797-SKILL.md","methodology","general","active"
"6a56b034","knowledge/week12_ingested/11_Skill文档/W12-66163B-SKILL.md","methodology","general","active"
"e3143b23","knowledge/week12_ingested/11_Skill文档/W12-0C3504-SKILL.md","methodology","general","active"
"6ee5f35c","knowledge/week12_ingested/11_Skill文档/W12-83DCBA-SKILL.md","methodology","general","active"
"1a5f749b","knowledge/week12_ingested/11_Skill文档/W12-375D0A-SKILL.md","methodology","general","active"
"b6008258","knowledge/week12_ingested/11_Skill文档/W12-C49B33-SKILL.md","methodology","xu_sir","active"
"c8c02106","knowledge/week12_ingested/11_Skill文档/W12-08D58E-SKILL.md","methodology","general","active"
"8f5bf476","knowledge/week12_ingested/11_Skill文档/W12-3642C5-SKILL.md","methodology","general","active"
"3e29b0c1","knowledge/week12_ingested/11_Skill文档/W12-5C4FDB-SKILL.md","methodology","general","active"
"23391095","knowledge/week12_ingested/11_Skill文档/W12-BB15E6-SKILL.md","methodology","general","active"
"70bdee5d","knowledge/week12_ingested/11_Skill文档/W12-4CE470-SKILL.md","methodology","general","active"
"8a1c7f66","knowledge/week12_ingested/WEEK12_REPORT.md","reference","general","active"
"fc308fca","knowledge/week18_ingested/12_记忆档案/W18-AC96F1-hourly-check-2026-03-15-0624.md","reference","general","active"
"3940fe43","knowledge/week18_ingested/12_记忆档案/W18-469204-cron-expansion-plan-2026-03-27.md","reference","xu_sir","active"
"ab81e5a5","knowledge/week18_ingested/12_记忆档案/W18-75BDD7-2026-03-20-link-06-firecrawl.md","reference","general","active"
"8359245b","knowledge/week18_ingested/12_记忆档案/W18-76B3DB-info-collection-2026-03-15-1700.md","reference","xu_sir","active"
"7c3895a2","knowledge/week18_ingested/12_记忆档案/W18-340840-2026-03-20-link-16-placeholder.md","reference","general","active"
"551383e8","knowledge/week18_ingested/12_记忆档案/W18-BCEC34-OTHER_LINKS_CHECK_PLAN.md","reference","general","active"
"896e3f7b","knowledge/week18_ingested/12_记忆档案/W18-D5A441-2026-03-20-link-17-placeholder.md","reference","general","active"
"adfedf4b","knowledge/week18_ingested/12_记忆档案/W18-4BA1E8-hourly_coordination_2026-03-15_1124.md","reference","general","active"
"2e263821","knowledge/week18_ingested/12_记忆档案/W18-239227-blue-army-deep-audit-2026-03-27.md","reference","general","active"
"c49dae1d","knowledge/week18_ingested/12_记忆档案/W18-AC63FE-kimi_link_01_record.md","reference","general","active"
"eb89875a","knowledge/week18_ingested/12_记忆档案/W18-ADF9F3-blue-army-final-audit-2026-03-27.md","reference","general","active"
"46c1cb7f","knowledge/week18_ingested/12_记忆档案/W18-B63FA9-kimi_link_04_record.md","reference","general","active"
"83471c7c","knowledge/week18_ingested/12_记忆档案/W18-213551-2026-03-20-link-21-placeholder.md","reference","general","active"
"760d6662","knowledge/week18_ingested/12_记忆档案/W18-415E75-2026-03-20-link-05-mineru.md","reference","general","active"
"abc02cad","knowledge/week18_ingested/12_记忆档案/W18-B59D1C-2026-03-20-link-11-ollama.md","reference","general","active"
"9c6b57bb","knowledge/week18_ingested/12_记忆档案/W18-7DC196-2026-03-16_06-00_hourly.md","reference","xie_baojian","active"
"e91c15a9","knowledge/week18_ingested/12_记忆档案/W18-ADB15D-2026-03-20-link-19-placeholder.md","reference","general","active"
"66e0ac68","knowledge/week18_ingested/12_记忆档案/W18-355F56-2026-03-20-link-09-reactemail.md","reference","general","active"
"c3669c0f","knowledge/week18_ingested/12_记忆档案/W18-40F02F-2026-03-20-link-03-typeui.md","reference","xu_sir","active"
"6f20a99a","knowledge/week18_ingested/12_记忆档案/W18-DBF2D5-2026-03-20-link-01-deepseek.md","reference","general","active"
"056e8b99","knowledge/week18_ingested/12_记忆档案/W18-34FD17-link_check_progress.md","reference","general","active"
"9fa326ba","knowledge/week18_ingested/12_记忆档案/W18-1F6A6C-2026-03-20-link-20-placeholder.md","reference","general","active"
"49f5f091","knowledge/week18_ingested/12_记忆档案/W18-A15773-fang_yifeng_profile_v1.md","reference","fang_yifeng","active"
"e7b74125","knowledge/week18_ingested/12_记忆档案/W18-298AE1-link-selfcheck-report.md","reference","general","active"
"dac87615","knowledge/week18_ingested/12_记忆档案/W18-FAC561-2026-03-20-link-10-notion.md","reference","general","active"
"786c9018","knowledge/week18_ingested/12_记忆档案/W18-879264-CONFIRMED_EXECUTION_PLAN.md","reference","general","active"
"110039bf","knowledge/week18_ingested/12_记忆档案/W18-5857E0-ERR-202603-0001.md","reference","general","active"
"89c5344c","knowledge/week18_ingested/12_记忆档案/W18-DFCED1-chen_guoxiang_profile_v1.md","reference","fang_yifeng","active"
"423e0384","knowledge/week18_ingested/12_记忆档案/W18-1F3929-improvement-report-2026-03-15.md","reference","xu_sir","active"
"57fdd141","knowledge/week18_ingested/12_记忆档案/W18-DAB307-2026-03-20-link-08-brave.md","reference","general","active"
"dc138fdb","knowledge/week18_ingested/12_记忆档案/W18-8C727C-fang_yifeng_profile_v2.md","reference","fang_yifeng","active"
"c4c6f14c","knowledge/week18_ingested/12_记忆档案/W18-5B8F83-2026-03-20-link-12-chroma.md","reference","general","active"
"6db33f0f","knowledge/week18_ingested/12_记忆档案/W18-F6A852-feishu-api-capability-tracker.md","reference","xu_sir","active"
"57ff6c57","knowledge/week18_ingested/12_记忆档案/W18-6C75DC-LOST_PROMISES_REGISTRY_UPDATED.md","reference","general","active"
"2b927767","knowledge/week18_ingested/12_记忆档案/W18-473945-_build_report_v1.md","reference","xu_sir","active"
"184434af","knowledge/week18_ingested/12_记忆档案/W18-4DE4AA-feishu-wecom-test-report-2026-03-27.md","reference","xu_sir","active"
"d2a5d52f","knowledge/week18_ingested/12_记忆档案/W18-CF7407-2026-03-20-link-14-placeholder.md","reference","general","active"
"3eb1f4d5","knowledge/week18_ingested/12_记忆档案/W18-CA0786-2026-03-20-link-15-placeholder.md","reference","general","active"
"43313ce9","knowledge/week18_ingested/12_记忆档案/W18-1E8FF9-LINK_AUDIT_REPORT.md","reference","general","active"
"06ea1f81","knowledge/week18_ingested/12_记忆档案/W18-40A755-2026-03-20-link-07-tavily.md","reference","xu_sir","active"
"ac3b1e48","knowledge/week18_ingested/12_记忆档案/W18-F273C4-kimi_link_02_record.md","reference","xie_baojian","active"
"d4025aae","knowledge/week18_ingested/12_记忆档案/W18-DB525D-2026-03-20-link-02-openmaic.md","reference","xu_sir","active"
"dc7a8acf","knowledge/week18_ingested/12_记忆档案/W18-CF3C4B-2026-03-20-link-18-placeholder.md","reference","general","active"
"e4d56ac6","knowledge/week18_ingested/12_记忆档案/W18-2DF3BF-kimi_link_03_record.md","reference","xie_baojian","active"
"147eab5b","knowledge/week18_ingested/12_记忆档案/W18-F7486F-kimi_link_05_record.md","reference","general","active"
"f4c50e57","knowledge/week18_ingested/12_记忆档案/W18-CF3959-AUDIT_EXECUTION_PLAN.md","reference","general","active"
"985e3f84","knowledge/week18_ingested/12_记忆档案/W18-387C82-2026-03-20-link-13-langchain.md","reference","xu_sir","active"
"1333ae83","knowledge/week18_ingested/12_记忆档案/W18-271668-2026-03-21_资讯摘要.md","reference","xu_sir","active"
"042f0556","knowledge/week18_ingested/12_记忆档案/W18-78AAF0-2026-03-20-link-04-kimicli.md","reference","general","active"
"7327cdab","knowledge/week18_ingested/12_记忆档案/W18-CE1525-honesty-redline-selfcheck.md","reference","general","active"
"ac07308a","knowledge/week18_ingested/WEEK18_REPORT.md","reference","general","active"
"872b00fa","knowledge/week10_ingested/11_Skill文档/W10-506E77-SKILL.md","methodology","general","active"
"7bd90c36","knowledge/week10_ingested/11_Skill文档/W10-71A6AB-SKILL.md","methodology","general","active"
"38f6a086","knowledge/week10_ingested/11_Skill文档/W10-98DB9E-README.md","reference","general","active"
"8743f522","knowledge/week10_ingested/11_Skill文档/W10-228B4A-SKILL.md","methodology","general","active"
"ef3db597","knowledge/week10_ingested/11_Skill文档/W10-C8D75B-SKILL.md","methodology","general","active"
"3a1fccba","knowledge/week10_ingested/11_Skill文档/W10-AB4A31-README.md","reference","general","active"
"bf5c27ef","knowledge/week10_ingested/11_Skill文档/W10-27767D-README.md","reference","general","active"
"2c47898f","knowledge/week10_ingested/11_Skill文档/W10-BB6853-SKILL.md","methodology","luo_han","active"
"446bc361","knowledge/week10_ingested/11_Skill文档/W10-CFC5ED-SKILL.md","methodology","general","active"
"4cb71901","knowledge/week10_ingested/11_Skill文档/W10-F45BAD-SKILL.md","methodology","general","active"
"9c6edea4","knowledge/week10_ingested/11_Skill文档/W10-B45591-SKILL.md","methodology","general","active"
"491322fc","knowledge/week10_ingested/11_Skill文档/W10-A250E4-README.md","reference","general","active"
"c303224f","knowledge/week10_ingested/11_Skill文档/W10-9A47B6-SKILL.md","methodology","general","active"
"da32d9ed","knowledge/week10_ingested/11_Skill文档/W10-115ACE-SKILL.md","methodology","general","active"
"497c7bae","knowledge/week10_ingested/11_Skill文档/W10-AE4F4C-SKILL.md","methodology","general","active"
"3bb6d703","knowledge/week10_ingested/11_Skill文档/W10-CA24D3-README.md","reference","general","active"
"ee21272d","knowledge/week10_ingested/11_Skill文档/W10-89E90C-SKILL.md","methodology","general","active"
"f58379e4","knowledge/week10_ingested/11_Skill文档/W10-22C6BD-SKILL.md","methodology","liu_honglei","active"
"5a80964f","knowledge/week10_ingested/11_Skill文档/W10-162E85-SKILL.md","methodology","general","active"
"b1d3e9eb","knowledge/week10_ingested/11_Skill文档/W10-836829-SKILL.md","methodology","general","active"
"d3f88fec","knowledge/week10_ingested/11_Skill文档/W10-0480E6-SKILL.md","methodology","general","active"
"06f927a3","knowledge/week10_ingested/11_Skill文档/W10-23C357-SKILL.md","methodology","general","active"
"8c5e1c3a","knowledge/week10_ingested/11_Skill文档/W10-503EC8-README.md","reference","general","active"
"ad6137fc","knowledge/week10_ingested/11_Skill文档/W10-3224D4-SKILL.md","methodology","general","active"
"f2738866","knowledge/week10_ingested/11_Skill文档/W10-6EC931-templates.md","reference","general","active"
"19577826","knowledge/week10_ingested/11_Skill文档/W10-019DA3-SKILL.md","methodology","general","active"
"cef4be92","knowledge/week10_ingested/11_Skill文档/W10-8FDDA7-README.md","reference","general","active"
"518ef5fd","knowledge/week10_ingested/11_Skill文档/W10-B8CAA9-README.md","reference","general","active"
"f6ffd5f9","knowledge/week10_ingested/11_Skill文档/W10-45CE6E-SKILL.md","methodology","general","active"
"54c122fa","knowledge/week10_ingested/11_Skill文档/W10-C111E2-SKILL.md","methodology","general","active"
"1af3e11b","knowledge/week10_ingested/11_Skill文档/W10-0BFE2B-SKILL.md","methodology","general","active"
"5a9ea432","knowledge/week10_ingested/11_Skill文档/W10-FA4553-audit-report-template.md","reference","general","active"
"f9a1b3bb","knowledge/week10_ingested/11_Skill文档/W10-88FADD-README.md","reference","general","active"
"0ed54196","knowledge/week10_ingested/11_Skill文档/W10-2F85B8-SKILL.md","methodology","general","active"
"ee4b3124","knowledge/week10_ingested/11_Skill文档/W10-6D8583-SKILL.md","methodology","general","active"
"c2d5a606","knowledge/week10_ingested/11_Skill文档/W10-CDAC24-SKILL.md","methodology","general","active"
"5706a9ea","knowledge/week10_ingested/11_Skill文档/W10-A0CAC0-SKILL.md","methodology","general","active"
"75e6c026","knowledge/week10_ingested/11_Skill文档/W10-D87034-README.md","reference","general","active"
"53183105","knowledge/week10_ingested/11_Skill文档/W10-0CE2A7-README.md","reference","general","active"
"4987a8a5","knowledge/week10_ingested/11_Skill文档/W10-F15B74-README.md","reference","general","active"
"b7110240","knowledge/week10_ingested/11_Skill文档/W10-57E642-troubleshooting.md","reference","general","active"
"abfc1f46","knowledge/week10_ingested/11_Skill文档/W10-54A9D8-README.md","reference","general","active"
"5428cd1a","knowledge/week10_ingested/11_Skill文档/W10-0D8812-README.md","reference","general","active"
"8a3155d1","knowledge/week10_ingested/11_Skill文档/W10-347C85-api.md","reference","general","active"
"d383bf54","knowledge/week10_ingested/11_Skill文档/W10-ED928F-SKILL.md","methodology","general","active"
"b5acee0c","knowledge/week10_ingested/11_Skill文档/W10-650651-README.md","reference","general","active"
"d9d5f5be","knowledge/week10_ingested/11_Skill文档/W10-3C6D39-SKILL.md","methodology","xu_sir","active"
"d51e033b","knowledge/week10_ingested/11_Skill文档/W10-BF0950-README.md","reference","general","active"
"5b0f6d13","knowledge/week10_ingested/11_Skill文档/W10-7DF236-SKILL.md","methodology","general","active"
"b94ec966","knowledge/week10_ingested/11_Skill文档/W10-F7F1CA-experiment-design-template.md","reference","general","active"
"711c9330","knowledge/week10_ingested/WEEK10_REPORT.md","reference","general","active"
"0fc7c993","knowledge/week17_ingested/WEEK17_REPORT.md","reference","general","active"
"30a67f5d","knowledge/week17_ingested/12_记忆档案/W17-6E47BE-URG-001-完成报告.md","reference","xu_sir","active"
"a3686b28","knowledge/week17_ingested/12_记忆档案/W17-1071FC-TASK_SCAN_REPORT_2026-03-10.md","reference","liu_honglei","active"
"0f1dbb2e","knowledge/week17_ingested/12_记忆档案/W17-E602C2-2026-03-27.md","reference","general","active"
"93e52114","knowledge/week17_ingested/12_记忆档案/W17-9C93AC-BLUE_TEAM_REPORT_RECEIVED.md","reference","general","active"
"2b11e21b","knowledge/week17_ingested/12_记忆档案/W17-E2EC20-USER.md","reference","general","active"
"cd933e73","knowledge/week17_ingested/12_记忆档案/W17-F852F8-2026-03-25.md","reference","general","active"
"97d63d7a","knowledge/week17_ingested/12_记忆档案/W17-F54B0F-SYSTEM_FIX_EXECUTION_20260321.md","reference","xu_sir","active"
"718dea8c","knowledge/week17_ingested/12_记忆档案/W17-084367-2026-03-13.md","reference","general","active"
"7546d933","knowledge/week17_ingested/12_记忆档案/W17-8B0606-audit_report_20260315.md","reference","general","active"
"f9c0b3a5","knowledge/week17_ingested/12_记忆档案/W17-B4124E-README.md","reference","xu_sir","active"
"a2b9d3af","knowledge/week17_ingested/12_记忆档案/W17-9C9A94-HIBERNATION_STATUS.md","reference","general","active"
"57793d7b","knowledge/week17_ingested/12_记忆档案/W17-62A27B-conversation-summary-2026-03-15.md","reference","xu_sir","active"
"e8136864","knowledge/week17_ingested/12_记忆档案/W17-674911-47-systems-honest-assessment.md","reference","xu_sir","active"
"84fba5d9","knowledge/week17_ingested/12_记忆档案/W17-51ADF6-clawhub-install-retry-report-2026-03-13.md","reference","general","active"
"efea0190","knowledge/week17_ingested/12_记忆档案/W17-641ADB-2026-03-26.md","reference","general","active"
"f1dc8241","knowledge/week17_ingested/12_记忆档案/W17-DBC57A-IDENTITY.md","reference","xu_sir","active"
"5f368d58","knowledge/week17_ingested/12_记忆档案/W17-2CE85F-SOUL.md","reference","xu_sir","active"
"1b802b3c","knowledge/week17_ingested/12_记忆档案/W17-1D8C26-comprehensive-lost-promises-audit-2026-03-20.md","reference","xu_sir","active"
"d582bcc8","knowledge/week17_ingested/12_记忆档案/W17-A66053-BACKUP_DASHBOARD.md","reference","general","active"
"694159cc","knowledge/week17_ingested/12_记忆档案/W17-26FD61-DISASTER_RECOVERY_V1.md","reference","xu_sir","active"
"d6c9b431","knowledge/week17_ingested/12_记忆档案/W17-ACA6C3-MEMORY.md","reference","xu_sir","active"
"8a9ca1f1","knowledge/week17_ingested/12_记忆档案/W17-321B1B-TASK_BOARD_20260320.md","reference","general","active"
"0a42f4f3","knowledge/week17_ingested/11_Skill文档/W17-F9389E-SKILL.md","methodology","general","active"
"dfc37c49","knowledge/week17_ingested/11_Skill文档/W17-1F9A29-SKILL_LIMITATIONS.md","methodology","xu_sir","active"
"bc13271f","knowledge/week17_ingested/11_Skill文档/W17-369094-SKILL.md","methodology","luo_han","active"
"d61bff23","knowledge/week17_ingested/11_Skill文档/W17-E21EB0-SKILL.md","methodology","general","active"
"7411c5a0","knowledge/week17_ingested/11_Skill文档/W17-87D63D-configuration.md","implementation","general","active"
"4431330d","knowledge/week17_ingested/11_Skill文档/W17-CD1213-LEVEL5_UPGRADE_REPORT.md","reference","general","active"
"161e2a08","knowledge/week17_ingested/11_Skill文档/W17-1D9CA2-api_monitor_report_2026-03-21.md","reference","general","active"
"e4eae7cb","knowledge/week17_ingested/11_Skill文档/W17-4295BF-5standard-completion-report.md","reference","general","active"
"feb2996b","knowledge/week17_ingested/11_Skill文档/W17-3E2789-SKILL.md","methodology","general","active"
"c63b9ea1","knowledge/week17_ingested/11_Skill文档/W17-658CE2-SKILL.md","methodology","general","active"
"a3a58f0f","knowledge/week17_ingested/11_Skill文档/W17-2E8D50-report_daily_20260321_195403.md","reference","general","active"
"2ebbb847","knowledge/week17_ingested/11_Skill文档/W17-8F856F-daily-report.md","reference","xu_sir","active"
"b74d810a","knowledge/week17_ingested/11_Skill文档/W17-FC301D-SKILL.md","methodology","general","active"
"e07eec3d","knowledge/week17_ingested/11_Skill文档/W17-665EA0-QUICK_REFERENCE.md","reference","general","active"
"56e95ada","knowledge/week17_ingested/11_Skill文档/W17-F538DA-SKILL.md","methodology","general","active"
"35425922","knowledge/week17_ingested/11_Skill文档/W17-9AA028-report_daily_20260327_151956.md","reference","general","active"
"5e2f0a67","knowledge/week17_ingested/11_Skill文档/W17-347111-SKILL.md","methodology","general","active"
"e7f938f6","knowledge/week17_ingested/11_Skill文档/W17-D41054-5standard-completion-report.md","reference","general","active"
"dc7acd08","knowledge/week17_ingested/11_Skill文档/W17-55923D-SKILL_REQUIREMENTS.md","methodology","general","active"
"4cec4adc","knowledge/week17_ingested/11_Skill文档/W17-420D63-README.md","reference","general","active"
"4ab83f6e","knowledge/week17_ingested/11_Skill文档/W17-307C30-SKILL.md","methodology","general","active"
"825bf9c0","knowledge/week17_ingested/11_Skill文档/W17-FFD14E-SKILL.md","methodology","xu_sir","active"
"cd75bb98","knowledge/week17_ingested/11_Skill文档/W17-3AAEFB-COMPLIANCE_REPORT.md","reference","general","active"
"100ae1ee","knowledge/week17_ingested/11_Skill文档/W17-7826B0-SKILL.md","methodology","xu_sir","active"
"1b9dea4c","knowledge/week17_ingested/11_Skill文档/W17-C0D359-SKILL.md","methodology","general","active"
"ea57bba9","knowledge/week17_ingested/11_Skill文档/W17-FC9F71-SKILL.md","methodology","general","active"
"c5fbe7a3","knowledge/week17_ingested/11_Skill文档/W17-4DF4F3-SELF_CHECK_REPORT.md","reference","general","active"
"53ff7136","knowledge/week17_ingested/11_Skill文档/W17-AB3363-README.md","reference","general","active"
"62b8adeb","knowledge/system/semantic_markup_spec.md","reference","liu_honglei","active"
"35e8f497","knowledge/system/validation_report.md","reference","liu_honglei","active"
"041cb189","knowledge/system/index.md","reference","liu_honglei","active"
"01b0c451","knowledge/week9_ingested/WEEK9_REPORT.md","reference","general","active"
"c4a35560","knowledge/week9_ingested/11_Skill文档/W9-A6E99A-SKILL.md","methodology","general","active"
"0216a0af","knowledge/week9_ingested/11_Skill文档/W9-5E1EAC-design.md","reference","general","active"
"aa6fa818","knowledge/week9_ingested/11_Skill文档/W9-B17B73-SKILL.md","methodology","general","active"
"dae71520","knowledge/week9_ingested/11_Skill文档/W9-5403CA-README.md","reference","general","active"
"ac59ba2b","knowledge/week9_ingested/11_Skill文档/W9-F23B11-SKILL.md","methodology","general","active"
"fe609d82","knowledge/week9_ingested/11_Skill文档/W9-F24607-SKILL.md","methodology","general","active"
"ccb669f0","knowledge/week9_ingested/11_Skill文档/W9-6CEB3E-SKILL.md","methodology","general","active"
"2a378ec4","knowledge/week9_ingested/11_Skill文档/W9-ABFE7E-README.md","reference","general","active"
"862b1ea2","knowledge/week9_ingested/11_Skill文档/W9-699E96-SKILL.md","methodology","xu_sir","active"
"039a8d78","knowledge/week9_ingested/11_Skill文档/W9-F1DEA2-SKILL.md","methodology","general","active"
"3290c173","knowledge/week9_ingested/11_Skill文档/W9-5AB5AC-SKILL.md","methodology","general","active"
"7d28d816","knowledge/week9_ingested/11_Skill文档/W9-8E053B-SKILL.md","methodology","general","active"
"47ab847f","knowledge/week9_ingested/11_Skill文档/W9-02C2B1-SKILL.md","methodology","general","active"
"d8501288","knowledge/week9_ingested/11_Skill文档/W9-2289D0-SKILL.md","methodology","xie_baojian","active"
"29aecf91","knowledge/week9_ingested/11_Skill文档/W9-9A9722-SKILL.md","methodology","xu_sir","active"
"5db598b8","knowledge/week9_ingested/11_Skill文档/W9-77A445-README.md","reference","general","active"
"ea3e7015","knowledge/week9_ingested/11_Skill文档/W9-DAD5D4-SKILL.md","methodology","general","active"
"7ca3ec05","knowledge/week9_ingested/11_Skill文档/W9-E9A68E-SKILL.md","methodology","xu_sir","active"
"31c135be","knowledge/week9_ingested/11_Skill文档/W9-49E27D-README.md","reference","general","active"
"b9214caa","knowledge/week9_ingested/11_Skill文档/W9-927EB0-SKILL.md","methodology","general","active"
"c85c91de","knowledge/week9_ingested/11_Skill文档/W9-669F08-README.md","reference","general","active"
"936e642f","knowledge/week9_ingested/11_Skill文档/W9-641709-README.md","reference","general","active"
"aec004bb","knowledge/week9_ingested/11_Skill文档/W9-EDBEA8-SKILL.md","methodology","general","active"
"14da5a9e","knowledge/week9_ingested/11_Skill文档/W9-8E9A45-SKILL.md","methodology","general","active"
"030635cf","knowledge/week9_ingested/11_Skill文档/W9-A1751D-README.md","reference","general","active"
"1c2a0cf4","knowledge/week9_ingested/11_Skill文档/W9-5B2A19-SKILL.md","methodology","xu_sir","active"
"74809a7e","knowledge/week9_ingested/11_Skill文档/W9-49E6A6-README.md","reference","general","active"
"e8ccd055","knowledge/week9_ingested/11_Skill文档/W9-6924A2-README.md","reference","general","active"
"e8cfddc3","knowledge/week9_ingested/11_Skill文档/W9-BA316A-README.md","reference","general","active"
"05feb604","knowledge/week9_ingested/11_Skill文档/W9-F1E20C-SKILL.md","methodology","xie_baojian","active"
"f99103c0","knowledge/week9_ingested/11_Skill文档/W9-4E7774-README.md","reference","general","active"
"be998f25","knowledge/week9_ingested/11_Skill文档/W9-8DB8B9-README.md","reference","general","active"
"bdeedac9","knowledge/week9_ingested/11_Skill文档/W9-971ADB-SKILL.md","methodology","general","active"
"0a8097e7","knowledge/week9_ingested/11_Skill文档/W9-2DA308-weekly_report.md","reference","general","active"
"4c4bd2a8","knowledge/week9_ingested/11_Skill文档/W9-5B4163-SKILL.md","methodology","xu_sir","active"
"7c222a22","knowledge/week9_ingested/11_Skill文档/W9-535EC6-README.md","reference","general","active"
"527f9b10","knowledge/week9_ingested/11_Skill文档/W9-E0DC92-README.md","reference","general","active"
"8b18540b","knowledge/week9_ingested/11_Skill文档/W9-2BDC4C-SKILL.md","methodology","general","active"
"42d1705b","knowledge/week9_ingested/11_Skill文档/W9-466B75-README.md","reference","xu_sir","active"
"b6d48206","knowledge/week9_ingested/11_Skill文档/W9-3C92F1-SKILL.md","methodology","xu_sir","active"
"6d7ba01c","knowledge/week9_ingested/11_Skill文档/W9-10475F-SKILL.md","methodology","general","active"
"9f121570","knowledge/week9_ingested/11_Skill文档/W9-85A07E-README.md","reference","general","active"
"a63a7490","knowledge/week9_ingested/11_Skill文档/W9-7A5AC3-SKILL_UPGRADE_PLAN.md","methodology","xu_sir","active"
"5addaef8","knowledge/week9_ingested/11_Skill文档/W9-265960-optimization_plan.md","reference","general","active"
"bd87f200","knowledge/week9_ingested/11_Skill文档/W9-79EC8A-audit_template.md","reference","general","active"
"e3cff3d7","knowledge/week9_ingested/11_Skill文档/W9-982AB0-README.md","reference","general","active"
"287721db","knowledge/week9_ingested/11_Skill文档/W9-2C9F9F-widgets.md","reference","general","active"
"5521d3fd","knowledge/week9_ingested/11_Skill文档/W9-358CE2-SKILL.md","methodology","general","active"
"5f79b327","knowledge/week9_ingested/11_Skill文档/W9-716F8D-README.md","reference","general","active"
"485077af","knowledge/week9_ingested/11_Skill文档/W9-0EFE3E-SKILL.md","methodology","general","active"
"5daa48bf","A-manyige/07_📊数据资产/📄 源文件/五路图腾信息图V1.0.md","reference","general","active"
"7f177652","A-manyige/07_📊数据资产/📄 源文件/Mermaid图表模板库.md","reference","liu_honglei","active"
"3c6c3a24","A-manyige/07_📊数据资产/📄 源文件/数据选题转化测试报告.md","reference","xu_sir","active"
"6e0624e6","A-manyige/07_📊数据资产/📄 源文件/API配置记录.md","reference","general","active"
"c7b71700","A-manyige/07_📊数据资产/📄 源文件/自主运营仪表盘.md","reference","liu_honglei","active"
"d6d0068c","A-manyige/07_📊数据资产/📄 源文件/工具部署记录.md","reference","general","active"
"422b54f2","A-manyige/07_📊数据资产/五路图腾信息图V1.0.md","reference","general","active"
"9a2f6496","A-manyige/07_📊数据资产/信息采集报告/信息采集报告_2026-03-16_0500.md","reference","luo_han","active"
"d8a9958d","A-manyige/07_📊数据资产/Mermaid图表模板库.md","reference","liu_honglei","active"
"3e26389b","A-manyige/07_📊数据资产/信息采集日志/2026-03-15_14-00_信息采集.md","reference","xu_sir","active"
"7562cbf0","A-manyige/07_📊数据资产/进度监控/📄 源文件/README.md","reference","general","active"
"d646e9fd","A-manyige/07_📊数据资产/进度监控/README.md","reference","general","active"
"8596ea1b","A-manyige/07_📊数据资产/数据选题转化测试报告.md","reference","xu_sir","active"
"5fb90b79","A-manyige/07_📊数据资产/API配置记录.md","reference","general","active"
"3e361618","A-manyige/07_📊数据资产/自主运营仪表盘.md","reference","liu_honglei","active"
"96b11bb6","A-manyige/07_📊数据资产/信息采集/硬科技信息采集_2026-03-15_1600.md","reference","xie_baojian","active"
"2b792a0e","A-manyige/07_📊数据资产/信息采集/信息库_2026-03-15_1500.md","reference","xie_baojian","active"
"41895330","A-manyige/07_📊数据资产/工具部署记录.md","reference","general","active"
"42b6aab8","A-manyige/07_📊数据资产/资源看板/📄 源文件/资源清单.md","reference","liu_honglei","active"
"87b3296f","A-manyige/07_📊数据资产/资源看板/资源清单.md","reference","liu_honglei","active"
"e8c901f4","A-manyige/07_📊数据资产/信息采集记录/info-collection-2026-03-15-1254.md","reference","xu_sir","active"
"d445afc4","A-manyige/07_📊数据资产/决策日志/📄 源文件/决策记录模板.md","reference","xie_baojian","active"
"582df99b","A-manyige/07_📊数据资产/决策日志/决策记录模板.md","reference","xie_baojian","active"
"db1458d0","A-manyige/AI灵魂复刻包V2.0/config/📄 源文件/配置说明.md","reference","xu_sir","active"
"04938fd6","A-manyige/AI灵魂复刻包V2.0/config/配置说明.md","reference","xu_sir","active"
"4c4f20c0","A-manyige/AI灵魂复刻包V2.0/management/📄 源文件/管理模板.md","reference","xu_sir","active"
"74fd087e","A-manyige/AI灵魂复刻包V2.0/management/管理模板.md","reference","xu_sir","active"
"8794c013","A-manyige/AI灵魂复刻包V2.0/📄 源文件/00_README_复刻指南.md","reference","xie_baojian","active"
"766597e7","A-manyige/AI灵魂复刻包V2.0/00_README_复刻指南.md","reference","xie_baojian","active"
"05310750","A-manyige/AI灵魂复刻包V2.0/skills/📄 源文件/00_SKILL_REGISTRY.md","methodology","general","active"
"abed005f","A-manyige/AI灵魂复刻包V2.0/skills/00_SKILL_REGISTRY.md","methodology","general","active"
"284f4452","A-manyige/AI灵魂复刻包V2.0/workspace/成果交付/📄 源文件/满意解研究所V1.0成果汇总_审阅版.md","reference","liu_honglei","active"
"4b375d34","A-manyige/AI灵魂复刻包V2.0/workspace/成果交付/满意解研究所V1.0成果汇总_审阅版.md","reference","liu_honglei","active"
"10e6183e","A-manyige/AI灵魂复刻包V2.0/workspace/成果交付/方案文档/📄 源文件/满意解研究所V1.0成果汇总_审阅版.md","reference","liu_honglei","active"
"a77a7bf3","A-manyige/AI灵魂复刻包V2.0/workspace/成果交付/方案文档/满意解研究所V1.0成果汇总_审阅版.md","reference","liu_honglei","active"
"d34af49a","A-manyige/AI灵魂复刻包V2.0/runtime/📄 源文件/运行时说明.md","reference","xu_sir","active"
"10f5c5f2","A-manyige/AI灵魂复刻包V2.0/runtime/运行时说明.md","reference","xu_sir","active"
"2fe15ed7","A-manyige/AI灵魂复刻包V2.0/communication/📄 源文件/COMMUNICATION_DNA.md","reference","xu_sir","active"
"34cd10b5","A-manyige/AI灵魂复刻包V2.0/communication/COMMUNICATION_DNA.md","reference","xu_sir","active"
"01e07bfe","A-manyige/AI灵魂复刻包V2.0/knowledge/满意解研究所资料库/经验萃取官_角色定义.md","reference","xie_baojian","active"
"67147226","A-manyige/AI灵魂复刻包V2.0/knowledge/满意解研究所资料库/📄 源文件/经验萃取官_角色定义.md","reference","xie_baojian","active"
"664ba555","A-manyige/AI灵魂复刻包V2.0/knowledge/满意解研究所资料库/📄 源文件/README.md","reference","xie_baojian","active"
"628ef670","A-manyige/AI灵魂复刻包V2.0/knowledge/满意解研究所资料库/📄 源文件/项目进化官_角色定义.md","reference","xie_baojian","active"
"41785903","A-manyige/AI灵魂复刻包V2.0/knowledge/满意解研究所资料库/05_话术工具/📄 源文件/首批客户销售材料包_V0.1_模拟版.md","reference","xu_sir","active"
"a66b9634","A-manyige/AI灵魂复刻包V2.0/knowledge/满意解研究所资料库/05_话术工具/📄 源文件/对外话术转换手册.md","reference","xie_baojian","active"
"f7fba33d","A-manyige/AI灵魂复刻包V2.0/knowledge/满意解研究所资料库/05_话术工具/首批客户销售材料包_V0.1_模拟版.md","reference","xu_sir","active"
"c3768a26","A-manyige/AI灵魂复刻包V2.0/knowledge/满意解研究所资料库/05_话术工具/对外话术转换手册.md","reference","xie_baojian","active"
"a7f2f408","A-manyige/AI灵魂复刻包V2.0/knowledge/满意解研究所资料库/README.md","reference","xie_baojian","active"
"1aad3a6a","A-manyige/AI灵魂复刻包V2.0/knowledge/满意解研究所资料库/项目进化官_角色定义.md","reference","xie_baojian","active"
"58bc33e7","A-manyige/AI灵魂复刻包V2.0/knowledge/满意解研究所资料库/03_学术根基/📄 源文件/六祖慧能_顿悟与红莲的双重关联.md","reference","xu_sir","active"
"6703e6b3","A-manyige/AI灵魂复刻包V2.0/knowledge/满意解研究所资料库/03_学术根基/📄 源文件/五路图腾深化研究_慧能红莲立体解析.md","reference","luo_han","active"
"7343ee84","A-manyige/AI灵魂复刻包V2.0/knowledge/满意解研究所资料库/03_学术根基/📄 源文件/学术根基-西蒙理论.md","reference","general","active"
"151bc08c","A-manyige/AI灵魂复刻包V2.0/knowledge/满意解研究所资料库/03_学术根基/📄 源文件/五路图腾深化研究_红莲与六祖慧能.md","reference","luo_han","active"
"63ad918a","A-manyige/AI灵魂复刻包V2.0/knowledge/满意解研究所资料库/03_学术根基/📄 源文件/研究报告审核意见_感知力决策知识图谱.md","reference","fang_yifeng","active"
"999da522","A-manyige/AI灵魂复刻包V2.0/knowledge/满意解研究所资料库/03_学术根基/六祖慧能_顿悟与红莲的双重关联.md","reference","xu_sir","active"
"40166739","A-manyige/AI灵魂复刻包V2.0/knowledge/满意解研究所资料库/03_学术根基/五路图腾深化研究_慧能红莲立体解析.md","reference","luo_han","active"
"8a6098f8","A-manyige/AI灵魂复刻包V2.0/knowledge/满意解研究所资料库/03_学术根基/学术根基-西蒙理论.md","reference","general","active"
"82dc1393","A-manyige/AI灵魂复刻包V2.0/knowledge/满意解研究所资料库/03_学术根基/五路图腾深化研究_红莲与六祖慧能.md","reference","luo_han","active"
"5f92e8b7","A-manyige/AI灵魂复刻包V2.0/knowledge/满意解研究所资料库/03_学术根基/研究报告审核意见_感知力决策知识图谱.md","reference","fang_yifeng","active"
"2f258e90","A-manyige/AI灵魂复刻包V2.0/knowledge/满意解研究所资料库/01_战略核心/📄 源文件/创始人画像_Egbertie.md","reference","xie_baojian","active"
"2a9fc17c","A-manyige/AI灵魂复刻包V2.0/knowledge/满意解研究所资料库/01_战略核心/📄 源文件/专家会诊流程模板.md","reference","luo_han","active"
"892be5a8","A-manyige/AI灵魂复刻包V2.0/knowledge/满意解研究所资料库/01_战略核心/📄 源文件/压力测试执行手册_极限72小时.md","reference","xu_sir","active"
"5bf2cf33","A-manyige/AI灵魂复刻包V2.0/knowledge/满意解研究所资料库/01_战略核心/📄 源文件/完整组织架构_整合版.md","reference","luo_han","active"
"a938f558","A-manyige/AI灵魂复刻包V2.0/knowledge/满意解研究所资料库/01_战略核心/📄 源文件/组织架构与职能说明.md","reference","xie_baojian","active"
"e23ca235","A-manyige/AI灵魂复刻包V2.0/knowledge/满意解研究所资料库/01_战略核心/📄 源文件/完整组织架构.md","reference","xie_baojian","active"
"6bbd741f","A-manyige/AI灵魂复刻包V2.0/knowledge/满意解研究所资料库/01_战略核心/📄 源文件/合伙人评估问卷_V2.0_感知力决策版.md","reference","general","active"
"9eb0013f","A-manyige/AI灵魂复刻包V2.0/knowledge/满意解研究所资料库/01_战略核心/📄 源文件/战略核心档案.md","reference","xie_baojian","active"
"31aab44f","A-manyige/AI灵魂复刻包V2.0/knowledge/满意解研究所资料库/01_战略核心/创始人画像_Egbertie.md","reference","xie_baojian","active"
"83fd68d3","A-manyige/AI灵魂复刻包V2.0/knowledge/满意解研究所资料库/01_战略核心/专家会诊流程模板.md","reference","luo_han","active"
"cb1747bb","A-manyige/AI灵魂复刻包V2.0/knowledge/满意解研究所资料库/01_战略核心/压力测试执行手册_极限72小时.md","reference","xu_sir","active"
"2d46777d","A-manyige/AI灵魂复刻包V2.0/knowledge/满意解研究所资料库/01_战略核心/完整组织架构_整合版.md","reference","luo_han","active"
"70046559","A-manyige/AI灵魂复刻包V2.0/knowledge/满意解研究所资料库/01_战略核心/组织架构与职能说明.md","reference","xie_baojian","active"
"53d3b5c4","A-manyige/AI灵魂复刻包V2.0/knowledge/满意解研究所资料库/01_战略核心/完整组织架构.md","reference","xie_baojian","active"
"d87a2717","A-manyige/AI灵魂复刻包V2.0/knowledge/满意解研究所资料库/01_战略核心/合伙人评估问卷_V2.0_感知力决策版.md","reference","general","active"
"0b5b527f","A-manyige/AI灵魂复刻包V2.0/knowledge/满意解研究所资料库/01_战略核心/战略核心档案.md","reference","xie_baojian","active"
"4feb1ddd","A-manyige/AI灵魂复刻包V2.0/knowledge/满意解研究所资料库/02_版本迭代/五路图腾更新记录_红莲到慧能.md","reference","xu_sir","active"
"c037b714","A-manyige/AI灵魂复刻包V2.0/knowledge/满意解研究所资料库/02_版本迭代/📄 源文件/五路图腾更新记录_红莲到慧能.md","reference","xu_sir","active"
"8b021e53","A-manyige/AI灵魂复刻包V2.0/knowledge/满意解研究所资料库/02_版本迭代/📄 源文件/版本迭代记录.md","reference","xie_baojian","active"
"ee9d6ee1","A-manyige/AI灵魂复刻包V2.0/knowledge/满意解研究所资料库/02_版本迭代/版本迭代记录.md","reference","xie_baojian","active"
"78b5ed20","A-manyige/AI灵魂复刻包V2.0/knowledge/满意解研究所资料库/07_命理内部/命理信息-内部参考.md","reference","xie_baojian","active"
"629b5bb6","A-manyige/AI灵魂复刻包V2.0/knowledge/满意解研究所资料库/07_命理内部/📄 源文件/命理信息-内部参考.md","reference","xie_baojian","active"
"b873e4db","A-manyige/AI灵魂复刻包V2.0/knowledge/满意解研究所资料库/08_执行待办/首批客户销售材料_迭代记录.md","reference","xu_sir","active"
"bf53b310","A-manyige/AI灵魂复刻包V2.0/knowledge/满意解研究所资料库/08_执行待办/33角色完整状态清单.md","reference","luo_han","active"
"ecd8f18c","A-manyige/AI灵魂复刻包V2.0/knowledge/满意解研究所资料库/08_执行待办/📄 源文件/首批客户销售材料_迭代记录.md","reference","xu_sir","active"
"46a17842","A-manyige/AI灵魂复刻包V2.0/knowledge/满意解研究所资料库/08_执行待办/📄 源文件/33角色完整状态清单.md","reference","luo_han","active"
"b1f051d7","A-manyige/AI灵魂复刻包V2.0/knowledge/满意解研究所资料库/08_执行待办/📄 源文件/未明确问题清单.md","reference","luo_han","active"
"bd66b484","A-manyige/AI灵魂复刻包V2.0/knowledge/满意解研究所资料库/08_执行待办/📄 源文件/现有任务清单.md","reference","xu_sir","active"
"cd58692b","A-manyige/AI灵魂复刻包V2.0/knowledge/满意解研究所资料库/08_执行待办/📄 源文件/执行待办清单.md","reference","luo_han","active"
"7f938488","A-manyige/AI灵魂复刻包V2.0/knowledge/满意解研究所资料库/08_执行待办/📄 源文件/每日进度报告_模板示例.md","reference","luo_han","active"
"8fd0ee93","A-manyige/AI灵魂复刻包V2.0/knowledge/满意解研究所资料库/08_执行待办/📄 源文件/未明确问题确认汇总.md","reference","xie_baojian","active"
"7e25371a","A-manyige/AI灵魂复刻包V2.0/knowledge/满意解研究所资料库/08_执行待办/📄 源文件/极限24小时测试材料包.md","reference","xu_sir","active"
"3ab62878","A-manyige/AI灵魂复刻包V2.0/knowledge/满意解研究所资料库/08_执行待办/📄 源文件/完整任务清单.md","reference","xu_sir","active"
"1880c41a","A-manyige/AI灵魂复刻包V2.0/knowledge/满意解研究所资料库/08_执行待办/📄 源文件/本周执行确认书.md","reference","xu_sir","active"
"123dad96","A-manyige/AI灵魂复刻包V2.0/knowledge/满意解研究所资料库/08_执行待办/📄 源文件/EEO首次访谈提纲_银行多岗位经验.md","reference","general","active"
"ec910de9","A-manyige/AI灵魂复刻包V2.0/knowledge/满意解研究所资料库/08_执行待办/📄 源文件/现有任务清单_已确认版.md","reference","xu_sir","active"
"f7d55247","A-manyige/AI灵魂复刻包V2.0/knowledge/满意解研究所资料库/08_执行待办/未明确问题清单.md","reference","luo_han","active"
"60f55371","A-manyige/AI灵魂复刻包V2.0/knowledge/满意解研究所资料库/08_执行待办/现有任务清单.md","reference","xu_sir","active"
"1d939a22","A-manyige/AI灵魂复刻包V2.0/knowledge/满意解研究所资料库/08_执行待办/执行待办清单.md","reference","luo_han","active"
"eadb8d32","A-manyige/AI灵魂复刻包V2.0/knowledge/满意解研究所资料库/08_执行待办/每日进度报告_模板示例.md","reference","luo_han","active"
"39a07694","A-manyige/AI灵魂复刻包V2.0/knowledge/满意解研究所资料库/08_执行待办/未明确问题确认汇总.md","reference","xie_baojian","active"
"e8d76c5b","A-manyige/AI灵魂复刻包V2.0/knowledge/满意解研究所资料库/08_执行待办/极限24小时测试材料包.md","reference","xu_sir","active"
"015e39cd","A-manyige/AI灵魂复刻包V2.0/knowledge/满意解研究所资料库/08_执行待办/完整任务清单.md","reference","xu_sir","active"
"8263db9e","A-manyige/AI灵魂复刻包V2.0/knowledge/满意解研究所资料库/08_执行待办/本周执行确认书.md","reference","xu_sir","active"
"0c32b4b5","A-manyige/AI灵魂复刻包V2.0/knowledge/满意解研究所资料库/08_执行待办/EEO首次访谈提纲_银行多岗位经验.md","reference","general","active"
"20518f87","A-manyige/AI灵魂复刻包V2.0/knowledge/满意解研究所资料库/08_执行待办/现有任务清单_已确认版.md","reference","xu_sir","active"
"5d137f59","A-manyige/AI灵魂复刻包V2.0/knowledge/满意解研究所资料库/06_反方质疑/📄 源文件/V1.0蓝军报告_命理相关质疑提取.md","reference","general","active"
"3cd425dc","A-manyige/AI灵魂复刻包V2.0/knowledge/满意解研究所资料库/06_反方质疑/V1.0蓝军报告_命理相关质疑提取.md","reference","general","active"
"58fe386f","A-manyige/AI灵魂复刻包V2.0/knowledge/本地文档包/T03_GUANYIN_观自在.md","reference","xie_baojian","active"
"7dad2134","A-manyige/AI灵魂复刻包V2.0/knowledge/本地文档包/专家数字替身_罗汉_V1.1.md","reference","luo_han","active"
"6c3856d2","A-manyige/AI灵魂复刻包V2.0/knowledge/本地文档包/15_图片资产制作计划.md","reference","general","active"
"92377cb8","A-manyige/AI灵魂复刻包V2.0/knowledge/本地文档包/05_项目愿景与真人专家体系.md","reference","liu_honglei","active"
"45ade395","A-manyige/AI灵魂复刻包V2.0/knowledge/本地文档包/01_满意妞_主控AI.md","reference","xie_baojian","active"
"74a79b06","A-manyige/AI灵魂复刻包V2.0/knowledge/本地文档包/📄 源文件/T03_GUANYIN_观自在.md","reference","xie_baojian","active"
"8fd759f5","A-manyige/AI灵魂复刻包V2.0/knowledge/本地文档包/📄 源文件/专家数字替身_罗汉_V1.1.md","reference","luo_han","active"
"0d7f914b","A-manyige/AI灵魂复刻包V2.0/knowledge/本地文档包/📄 源文件/15_图片资产制作计划.md","reference","general","active"
"0e24f3a8","A-manyige/AI灵魂复刻包V2.0/knowledge/本地文档包/📄 源文件/05_项目愿景与真人专家体系.md","reference","liu_honglei","active"
"e5095f99","A-manyige/AI灵魂复刻包V2.0/knowledge/本地文档包/📄 源文件/01_满意妞_主控AI.md","reference","xie_baojian","active"
"ade8ef2e","A-manyige/AI灵魂复刻包V2.0/knowledge/本地文档包/📄 源文件/14_CONTENT_内容总监.md","reference","liu_honglei","active"
"9e21a380","A-manyige/AI灵魂复刻包V2.0/knowledge/本地文档包/📄 源文件/数字人替身管理系统_V1.0.md","reference","xu_sir","active"
"b59cab22","A-manyige/AI灵魂复刻包V2.0/knowledge/本地文档包/📄 源文件/20_专家邀请函_四封.md","reference","liu_honglei","active"
"e4cbad24","A-manyige/AI灵魂复刻包V2.0/knowledge/本地文档包/📄 源文件/专家数字替身_谢宝剑_V1.1.md","reference","xie_baojian","active"
"6d1e16d1","A-manyige/AI灵魂复刻包V2.0/knowledge/本地文档包/📄 源文件/T04_CONFUCIUS_孔子.md","reference","liu_honglei","active"
"8f8806cf","A-manyige/AI灵魂复刻包V2.0/knowledge/本地文档包/📄 源文件/04_五路图腾视觉规范.md","reference","general","active"
"afd64383","A-manyige/AI灵魂复刻包V2.0/knowledge/本地文档包/📄 源文件/03_核心专家数字替身档案.md","reference","liu_honglei","active"
"ef9acffc","A-manyige/AI灵魂复刻包V2.0/knowledge/本地文档包/📄 源文件/T01_LIU_刘禹锡.md","reference","liu_honglei","active"
"c25bd4ae","A-manyige/AI灵魂复刻包V2.0/knowledge/本地文档包/📄 源文件/21_飞书文档查找指引.md","reference","liu_honglei","active"
"cd416d2e","A-manyige/AI灵魂复刻包V2.0/knowledge/本地文档包/📄 源文件/全体小伙伴员工档案_V2.0_完整版.md","reference","liu_honglei","active"
"4df9e53b","A-manyige/AI灵魂复刻包V2.0/knowledge/本地文档包/📄 源文件/17_多维表格创建指南.md","reference","general","active"
"9837ed57","A-manyige/AI灵魂复刻包V2.0/knowledge/本地文档包/📄 源文件/内部管理手册.md","reference","xie_baojian","active"
"24338742","A-manyige/AI灵魂复刻包V2.0/knowledge/本地文档包/📄 源文件/专家数字替身_黎红雷_V1.1.md","reference","liu_honglei","active"
"f74ae12f","A-manyige/AI灵魂复刻包V2.0/knowledge/本地文档包/📄 源文件/T05_HUINENG_六祖.md","reference","xu_sir","active"
"255724e9","A-manyige/AI灵魂复刻包V2.0/knowledge/本地文档包/📄 源文件/01_五路图腾五行体系.md","reference","liu_honglei","active"
"d53d748e","A-manyige/AI灵魂复刻包V2.0/knowledge/本地文档包/📄 源文件/数字人替身管理系统_V1.1.md","reference","xu_sir","active"
"64e2d070","A-manyige/AI灵魂复刻包V2.0/knowledge/本地文档包/📄 源文件/00_README_文档包说明.md","reference","liu_honglei","active"
"efe15f9d","A-manyige/AI灵魂复刻包V2.0/knowledge/本地文档包/📄 源文件/专家数字替身_方翊沣.md","reference","xie_baojian","active"
"f4dc49db","A-manyige/AI灵魂复刻包V2.0/knowledge/本地文档包/📄 源文件/13_ANNOUNCE_官宣官.md","reference","liu_honglei","active"
"46ed3ae0","A-manyige/AI灵魂复刻包V2.0/knowledge/本地文档包/📄 源文件/组织架构图_SVG代码.md","reference","xu_sir","active"
"b80d0768","A-manyige/AI灵魂复刻包V2.0/knowledge/本地文档包/📄 源文件/五路图腾可视化图.md","reference","general","active"
"fb6da501","A-manyige/AI灵魂复刻包V2.0/knowledge/本地文档包/📄 源文件/项目_官宣执行手册.md","reference","xu_sir","active"
"ad32a299","A-manyige/AI灵魂复刻包V2.0/knowledge/本地文档包/📄 源文件/官宣长文_品牌故事.md","reference","liu_honglei","active"
"4879ee59","A-manyige/AI灵魂复刻包V2.0/knowledge/本地文档包/📄 源文件/技能安装跟踪.md","reference","xu_sir","active"
"472c7305","A-manyige/AI灵魂复刻包V2.0/knowledge/本地文档包/📄 源文件/14_首页索引.md","reference","liu_honglei","active"
"63fdcb68","A-manyige/AI灵魂复刻包V2.0/knowledge/本地文档包/📄 源文件/00_指挥官_Egbertie.md","reference","liu_honglei","active"
"bd624d84","A-manyige/AI灵魂复刻包V2.0/knowledge/本地文档包/📄 源文件/专家数字替身_许若圣_V1.0.md","reference","liu_honglei","active"
"9efaf5d2","A-manyige/AI灵魂复刻包V2.0/knowledge/本地文档包/📄 源文件/专家数字替身_陈国祥.md","reference","xie_baojian","active"
"3b20292e","A-manyige/AI灵魂复刻包V2.0/knowledge/本地文档包/📄 源文件/飞书同步状态说明.md","reference","liu_honglei","active"
"4630034c","A-manyige/AI灵魂复刻包V2.0/knowledge/本地文档包/📄 源文件/系统复刻手册.md","reference","xie_baojian","active"
"1e915574","A-manyige/AI灵魂复刻包V2.0/knowledge/本地文档包/📄 源文件/T02_SIMON_西蒙.md","reference","luo_han","active"
"1b0fc197","A-manyige/AI灵魂复刻包V2.0/knowledge/本地文档包/📄 源文件/全体小伙伴员工档案.md","reference","liu_honglei","active"
"531603a1","A-manyige/AI灵魂复刻包V2.0/knowledge/本地文档包/📄 源文件/专家邀请邮件_四封.md","reference","liu_honglei","active"
"5ea72c84","A-manyige/AI灵魂复刻包V2.0/knowledge/本地文档包/05_执行待办/📄 源文件/政府补贴政策速查表.md","reference","xie_baojian","active"
"8b1937aa","A-manyige/AI灵魂复刻包V2.0/knowledge/本地文档包/05_执行待办/政府补贴政策速查表.md","reference","xie_baojian","active"
"1346d979","A-manyige/AI灵魂复刻包V2.0/knowledge/本地文档包/14_CONTENT_内容总监.md","reference","liu_honglei","active"
"b2a6f9a4","A-manyige/AI灵魂复刻包V2.0/knowledge/本地文档包/数字人替身管理系统_V1.0.md","reference","xu_sir","active"
"2a596a34","A-manyige/AI灵魂复刻包V2.0/knowledge/本地文档包/20_专家邀请函_四封.md","reference","liu_honglei","active"
"9a73042a","A-manyige/AI灵魂复刻包V2.0/knowledge/本地文档包/04_角色档案/📄 源文件/角色档案_Cron-Security_V1.0.md","reference","general","active"
"e6c7c6f9","A-manyige/AI灵魂复刻包V2.0/knowledge/本地文档包/04_角色档案/角色档案_Cron-Security_V1.0.md","reference","general","active"
"3b6a203a","A-manyige/AI灵魂复刻包V2.0/knowledge/本地文档包/专家数字替身_谢宝剑_V1.1.md","reference","xie_baojian","active"
"7109240f","A-manyige/AI灵魂复刻包V2.0/knowledge/本地文档包/T04_CONFUCIUS_孔子.md","reference","liu_honglei","active"
"9acb6c5c","A-manyige/AI灵魂复刻包V2.0/knowledge/本地文档包/04_五路图腾视觉规范.md","reference","general","active"
"682e1693","A-manyige/AI灵魂复刻包V2.0/knowledge/本地文档包/03_核心专家数字替身档案.md","reference","liu_honglei","active"
"6914c3eb","A-manyige/AI灵魂复刻包V2.0/knowledge/本地文档包/T01_LIU_刘禹锡.md","reference","liu_honglei","active"
"dd62d653","A-manyige/AI灵魂复刻包V2.0/knowledge/本地文档包/21_飞书文档查找指引.md","reference","liu_honglei","active"
"cae6f00d","A-manyige/AI灵魂复刻包V2.0/knowledge/本地文档包/全体小伙伴员工档案_V2.0_完整版.md","reference","liu_honglei","active"
"7a799f7b","A-manyige/AI灵魂复刻包V2.0/knowledge/本地文档包/17_多维表格创建指南.md","reference","general","active"
"d4c691d2","A-manyige/AI灵魂复刻包V2.0/knowledge/本地文档包/内部管理手册.md","reference","xie_baojian","active"
"aa7ef4f2","A-manyige/AI灵魂复刻包V2.0/knowledge/本地文档包/专家数字替身_黎红雷_V1.1.md","reference","liu_honglei","active"
"551dd6fd","A-manyige/AI灵魂复刻包V2.0/knowledge/本地文档包/T05_HUINENG_六祖.md","reference","xu_sir","active"
"5cfe5254","A-manyige/AI灵魂复刻包V2.0/knowledge/本地文档包/01_五路图腾五行体系.md","reference","liu_honglei","active"
"a2354356","A-manyige/AI灵魂复刻包V2.0/knowledge/本地文档包/数字人替身管理系统_V1.1.md","reference","xu_sir","active"
"aee0d895","A-manyige/AI灵魂复刻包V2.0/knowledge/本地文档包/00_README_文档包说明.md","reference","liu_honglei","active"
"b76b2a5b","A-manyige/AI灵魂复刻包V2.0/knowledge/本地文档包/专家数字替身_方翊沣.md","reference","xie_baojian","active"
"a93a76cd","A-manyige/AI灵魂复刻包V2.0/knowledge/本地文档包/13_ANNOUNCE_官宣官.md","reference","liu_honglei","active"
"958b1819","A-manyige/AI灵魂复刻包V2.0/knowledge/本地文档包/组织架构图_SVG代码.md","reference","xu_sir","active"
"8901553f","A-manyige/AI灵魂复刻包V2.0/knowledge/本地文档包/01_核心研究/沙盘案例库/案例003_投资人介绍合伙_FA撮合闪电合伙.md","reference","xie_baojian","active"
"ce46a978","A-manyige/AI灵魂复刻包V2.0/knowledge/本地文档包/01_核心研究/沙盘案例库/📄 源文件/案例003_投资人介绍合伙_FA撮合闪电合伙.md","reference","xie_baojian","active"
"f6f078d0","A-manyige/AI灵魂复刻包V2.0/knowledge/本地文档包/01_核心研究/沙盘案例库/📄 源文件/案例002_朋友合伙_同学战友转型硬科技.md","reference","luo_han","active"
"025522f4","A-manyige/AI灵魂复刻包V2.0/knowledge/本地文档包/01_核心研究/沙盘案例库/📄 源文件/案例001_跨代际合伙_科学家+企业家二代.md","reference","general","active"
"7787488c","A-manyige/AI灵魂复刻包V2.0/knowledge/本地文档包/01_核心研究/沙盘案例库/案例002_朋友合伙_同学战友转型硬科技.md","reference","luo_han","active"
"1abde9c9","A-manyige/AI灵魂复刻包V2.0/knowledge/本地文档包/01_核心研究/沙盘案例库/案例001_跨代际合伙_科学家+企业家二代.md","reference","general","active"
"2fa434f7","A-manyige/AI灵魂复刻包V2.0/knowledge/本地文档包/五路图腾可视化图.md","reference","general","active"
"c12632d3","A-manyige/AI灵魂复刻包V2.0/knowledge/本地文档包/项目_官宣执行手册.md","reference","xu_sir","active"
"06d636a0","A-manyige/AI灵魂复刻包V2.0/knowledge/本地文档包/官宣长文_品牌故事.md","reference","liu_honglei","active"
"4f40e211","A-manyige/AI灵魂复刻包V2.0/knowledge/本地文档包/技能安装跟踪.md","reference","xu_sir","active"
"98da0b97","A-manyige/AI灵魂复刻包V2.0/knowledge/本地文档包/06_话术工具/📄 源文件/初次咨询问卷模板.md","reference","luo_han","active"
"4fde8eee","A-manyige/AI灵魂复刻包V2.0/knowledge/本地文档包/06_话术工具/初次咨询问卷模板.md","reference","luo_han","active"
"ccdee730","A-manyige/AI灵魂复刻包V2.0/knowledge/本地文档包/14_首页索引.md","reference","liu_honglei","active"
"2e841bb0","A-manyige/AI灵魂复刻包V2.0/knowledge/本地文档包/00_指挥官_Egbertie.md","reference","liu_honglei","active"
"314e0cdf","A-manyige/AI灵魂复刻包V2.0/knowledge/本地文档包/专家数字替身_许若圣_V1.0.md","reference","liu_honglei","active"
"5f898c57","A-manyige/AI灵魂复刻包V2.0/knowledge/本地文档包/专家数字替身_陈国祥.md","reference","xie_baojian","active"
"eb87dda3","A-manyige/AI灵魂复刻包V2.0/knowledge/本地文档包/飞书同步状态说明.md","reference","liu_honglei","active"
"5548588e","A-manyige/AI灵魂复刻包V2.0/knowledge/本地文档包/系统复刻手册.md","reference","xie_baojian","active"
"0c0a2340","A-manyige/AI灵魂复刻包V2.0/knowledge/本地文档包/T02_SIMON_西蒙.md","reference","luo_han","active"
"3dd49fd3","A-manyige/AI灵魂复刻包V2.0/knowledge/本地文档包/全体小伙伴员工档案.md","reference","liu_honglei","active"
"afd0d34b","A-manyige/AI灵魂复刻包V2.0/knowledge/本地文档包/专家邀请邮件_四封.md","reference","liu_honglei","active"
"f13cc316","A-manyige/AI灵魂复刻包V2.0/soul/03_MEMORY.md","reference","xu_sir","active"
"28d6bb14","A-manyige/AI灵魂复刻包V2.0/soul/📄 源文件/03_MEMORY.md","reference","xu_sir","active"
"de09860a","A-manyige/AI灵魂复刻包V2.0/soul/📄 源文件/04_AGENTS.md","reference","xu_sir","active"
"d0f4cf1f","A-manyige/AI灵魂复刻包V2.0/soul/📄 源文件/02_USER.md","reference","general","active"
"f4325996","A-manyige/AI灵魂复刻包V2.0/soul/📄 源文件/00_IDENTITY.md","reference","xu_sir","active"
"692dee91","A-manyige/AI灵魂复刻包V2.0/soul/📄 源文件/01_SOUL.md","reference","xu_sir","active"
"59419daa","A-manyige/AI灵魂复刻包V2.0/soul/📄 源文件/05_HEARTBEAT.md","reference","xu_sir","active"
"3d6668bd","A-manyige/AI灵魂复刻包V2.0/soul/04_AGENTS.md","reference","xu_sir","active"
"738248d4","A-manyige/AI灵魂复刻包V2.0/soul/02_USER.md","reference","general","active"
"193abaef","A-manyige/AI灵魂复刻包V2.0/soul/00_IDENTITY.md","reference","xu_sir","active"
"2d79a440","A-manyige/AI灵魂复刻包V2.0/soul/01_SOUL.md","reference","xu_sir","active"
"b1af15fd","A-manyige/AI灵魂复刻包V2.0/soul/05_HEARTBEAT.md","reference","xu_sir","active"
"1a250db2","A-manyige/05_📦历史归档/行业资讯/📄 源文件/2026-03-14_资讯摘要.md","reference","xu_sir","archived"
"ad3df1fa","A-manyige/05_📦历史归档/行业资讯/2026-03-18_资讯摘要.md","reference","xie_baojian","archived"
"e623cf44","A-manyige/05_📦历史归档/行业资讯/2026-03-14_资讯摘要.md","reference","xu_sir","archived"
"02758f27","A-manyige/05_📦历史归档/📄 源文件/任务补救报告_URG-001.md","reference","xu_sir","archived"
"654d5cd4","A-manyige/05_📦历史归档/📄 源文件/任务补救报告_URG-002.md","reference","xu_sir","archived"
"51620a06","A-manyige/05_📦历史归档/任务补救报告_URG-001.md","reference","xu_sir","archived"
"d9fe92fd","A-manyige/05_📦历史归档/学习笔记/📄 源文件/持续学习进修计划.md","reference","liu_honglei","archived"
"68cdb96f","A-manyige/05_📦历史归档/学习笔记/📄 源文件/夜间经验萃取_2026-03-14_儒商与满意解理论整合.md","reference","liu_honglei","archived"
"918838e3","A-manyige/05_📦历史归档/学习笔记/午间学习_2026-03-15_AI决策与硬科技投资.md","reference","xie_baojian","archived"
"b4c3600f","A-manyige/05_📦历史归档/学习笔记/持续学习进修计划.md","reference","liu_honglei","archived"
"65b598e0","A-manyige/05_📦历史归档/学习笔记/夜间经验萃取_氛围编程方法论_2026-03-16.md","reference","xu_sir","archived"
"a12d1ba4","A-manyige/05_📦历史归档/学习笔记/夜间经验萃取_五路图腾与专家体系_2026-03-15.md","reference","luo_han","archived"
"1e0a1f4c","A-manyige/05_📦历史归档/学习笔记/夜间经验萃取_2026-03-14_儒商与满意解理论整合.md","reference","liu_honglei","archived"
"b8f7a254","A-manyige/05_📦历史归档/任务补救报告_URG-002.md","reference","xu_sir","archived"
"9c5bff32","A-manyige/04_🔧内功修炼/Skill工具化研究报告_决策基因体检原型.md","reference","xu_sir","active"
"4413b461","A-manyige/daily_reports/2026-03-27.md","reference","liu_honglei","active"
"a1468e7f","A-manyige/daily_reports/2026-03-27_final.md","reference","liu_honglei","active"
"6f5a649e","A-manyige/daily_reports/2026-03-27_launch.md","reference","xie_baojian","active"
"59f7e646","A-manyige/03_💡创意提案/📄 源文件/README.md","reference","general","active"
"fa64706f","A-manyige/03_💡创意提案/README.md","reference","general","active"
"a9e08268","A-manyige/03_💡创意提案/待审议/📄 源文件/README.md","reference","general","active"
"4399f8ac","A-manyige/03_💡创意提案/待审议/README.md","reference","general","active"
"b8b82dfb","A-manyige/关键文件索引.md","reference","liu_honglei","active"
"9be7ff36","A-manyige/全案修改意见_V1.3.md","reference","xu_sir","active"
"18876895","A-manyige/06_👥团队成长/小伙伴周报_第1期.md","reference","liu_honglei","active"
"961bb082","A-manyige/06_👥团队成长/📄 源文件/小伙伴周报_第1期.md","reference","liu_honglei","active"
"b5dde679","A-manyige/06_👥团队成长/小伙伴档案/📄 源文件/PEO_成长档案.md","reference","xu_sir","active"
"e4f055ff","A-manyige/06_👥团队成长/小伙伴档案/📄 源文件/EEO_成长档案.md","reference","liu_honglei","active"
"b9a5a1e4","A-manyige/06_👥团队成长/小伙伴档案/📄 源文件/满意妞_成长档案.md","reference","xu_sir","active"
"21620c15","A-manyige/06_👥团队成长/小伙伴档案/📄 源文件/五大图腾_成长档案.md","reference","liu_honglei","active"
"ad9bf348","A-manyige/06_👥团队成长/小伙伴档案/📄 源文件/CONTENT_成长档案.md","reference","xu_sir","active"
"a0a51e41","A-manyige/06_👥团队成长/小伙伴档案/PEO_成长档案.md","reference","xu_sir","active"
"747f1b84","A-manyige/06_👥团队成长/小伙伴档案/EEO_成长档案.md","reference","liu_honglei","active"
"c7b95a7f","A-manyige/06_👥团队成长/小伙伴档案/满意妞_成长档案.md","reference","xu_sir","active"
"e4104f87","A-manyige/06_👥团队成长/小伙伴档案/五大图腾_成长档案.md","reference","liu_honglei","active"
"254b4fb4","A-manyige/06_👥团队成长/小伙伴档案/CONTENT_成长档案.md","reference","xu_sir","active"
"c2d07e49","A-manyige/满意解研究所_V1.5_超级百科全书_优化版.md","reference","xu_sir","active"
"49a6ed54","A-manyige/00_🧭 罗盘指南/永不停歇进化体系V1.0.md","reference","luo_han","active"
"1ec5c924","A-manyige/00_🧭 罗盘指南/管理优化建议书V1.0.md","reference","luo_han","active"
"f08d925a","A-manyige/00_🧭 罗盘指南/信息采集与质量控制体系V2.0.md","reference","liu_honglei","active"
"33b79495","A-manyige/00_🧭 罗盘指南/AI灵魂复刻重建包V2.0.md","reference","xu_sir","active"
"95504d02","A-manyige/00_🧭 罗盘指南/快速参考卡.md","reference","liu_honglei","active"
"76fbfc3a","A-manyige/00_🧭 罗盘指南/7×24小时自主推进体系V1.0.md","reference","general","active"
"d2645a3e","A-manyige/00_🧭 罗盘指南/01_INDEX_全局目录检索.md","reference","liu_honglei","active"
"0b20009c","A-manyige/00_🧭 罗盘指南/02_今日状态看板.md","reference","xu_sir","active"
"20fef5d0","A-manyige/00_🧭 罗盘指南/COMMUNICATION_DNA_沟通协议.md","reference","xu_sir","active"
"33475f5f","A-manyige/00_🧭 罗盘指南/Skill质量评估体系V1.0.md","reference","xu_sir","active"
"6ec7cc05","A-manyige/00_🧭 罗盘指南/补全清单.md","reference","xu_sir","active"
"53951da7","A-manyige/00_🧭 罗盘指南/Kimi功能深度使用计划V2.0.md","reference","general","active"
"ce221438","A-manyige/00_🧭 罗盘指南/00_README_使用指南.md","reference","xu_sir","active"
"62b50292","A-manyige/00_🧭 罗盘指南/管理优化执行计划V1.0.md","reference","liu_honglei","active"
"9e1b5bee","A-manyige/00_🧭 罗盘指南/完整体系整合框架.md","reference","liu_honglei","active"
"20f958d9","A-manyige/00_🧭 罗盘指南/管理系统重构_V2.0_第一性原理版.md","reference","general","active"
"5145ecac","A-manyige/00_🧭 罗盘指南/项目交付清单.md","reference","general","active"
"b76e799b","A-manyige/00_🧭 罗盘指南/指令体系优化工程.md","reference","xie_baojian","active"
"e1c99202","A-manyige/00_🧭 罗盘指南/团队执行文化V1.0.md","reference","general","active"
"f7708331","A-manyige/00_🧭 罗盘指南/Kimi会员功能使用计划V1.0.md","reference","liu_honglei","active"
"cc5f2824","A-manyige/00_🧭 罗盘指南/多格式交付能力扩展计划.md","reference","general","active"
"6ed75585","A-manyige/00_🧭 罗盘指南/补全完成报告.md","reference","xu_sir","active"
"6708f0dd","A-manyige/00_🧭 罗盘指南/P0P1协作套件/decision-permission-matrix.md","reference","luo_han","active"
"ea69c3b5","A-manyige/00_🧭 罗盘指南/知识采集与迭代体系V1.0.md","reference","xu_sir","active"
"3e07e160","A-manyige/00_🧭 罗盘指南/内容完整性修复报告.md","reference","xu_sir","active"
"ec607fc4","A-manyige/00_🧭 罗盘指南/五大图腾数字替身打磨工程V1.0.md","reference","general","active"
"ab1678c0","A-manyige/00_🧭 罗盘指南/第一性原理工作法V1.0.md","reference","general","active"
"52722260","A-manyige/03_📚案例库/案例详情/CASE-008.md","reference","general","active"
"fed01719","A-manyige/03_📚案例库/案例详情/CASE-011.md","reference","general","active"
"45689705","A-manyige/03_📚案例库/案例详情/CASE-002.md","reference","xie_baojian","active"
"6873537a","A-manyige/03_📚案例库/案例详情/CASE-010.md","reference","general","active"
"e3a46e7e","A-manyige/03_📚案例库/案例详情/CASE-003.md","reference","general","active"
"23e24ab9","A-manyige/03_📚案例库/案例详情/CASE-001.md","reference","xu_sir","active"
"8a4c555a","A-manyige/03_📚案例库/案例详情/CASE-015.md","reference","general","active"
"6e14b4e5","A-manyige/03_📚案例库/案例详情/CASE-009.md","reference","xu_sir","active"
"9774a94f","A-manyige/03_📚案例库/案例详情/CASE-005.md","reference","xie_baojian","active"
"82fc9def","A-manyige/03_📚案例库/案例详情/CASE-007.md","reference","general","active"
"6c73ecf9","A-manyige/03_📚案例库/案例详情/CASE-012.md","reference","xie_baojian","active"
"623be3d6","A-manyige/03_📚案例库/案例详情/CASE-006.md","reference","general","active"
"674ec08c","A-manyige/03_📚案例库/案例详情/CASE-013.md","reference","luo_han","active"
"aa3f49ae","A-manyige/03_📚案例库/案例详情/CASE-004.md","reference","general","active"
"dc12195b","A-manyige/03_📚案例库/案例详情/CASE-014.md","reference","general","active"
"deb0da00","A-manyige/03_📚案例库/案例库统计.md","reference","xie_baojian","active"
"1f1abd94","A-manyige/03_📚案例库/案例库统计_更新.md","reference","xu_sir","active"
"2e761f60","A-manyige/04_👥专家档案/专家档案V1.1_三位专家_模拟资料版.md","reference","liu_honglei","active"
"0fba2d2b","A-manyige/02_📐设计资产/图腾信息图/📄 源文件/README.md","reference","xu_sir","active"
"24313d4e","A-manyige/02_📐设计资产/图腾信息图/📄 源文件/FIGMA_GUIDE.md","reference","general","active"
"d7a151c2","A-manyige/02_📐设计资产/图腾信息图/README.md","reference","xu_sir","active"
"0313eef1","A-manyige/02_📐设计资产/图腾信息图/FIGMA_GUIDE.md","reference","general","active"
"1d5dc73e","A-manyige/满意解研究所_V1.4_超级百科全书_历史整合完整版.md","reference","xu_sir","archived"
"cc31a1bf","A-manyige/满意解研究所_V1.5_超级百科全书_进化版.md","reference","xu_sir","active"
"bf010bf6","A-manyige/V1.5_蓝军审核报告.md","reference","liu_honglei","active"
"092cfdf4","A-manyige/09_🔧运维监控/双线执行状态_2026-03-15.md","reference","xu_sir","active"
"2bead628","A-manyige/01_🔥今日重点/最终交付报告_双线全面完成.md","reference","xu_sir","active"
"350677ae","A-manyige/01_🔥今日重点/双线任务执行报告_2026-03-15.md","reference","xu_sir","active"
"73dbe2d2","A-manyige/01_🔥今日重点/V1.3_视觉设计迭代记录.md","reference","liu_honglei","active"
"41263468","A-manyige/01_🔥今日重点/P0_降本增效行动计划.md","reference","fang_yifeng","active"
"399f7e0f","A-manyige/01_🔥今日重点/实时状态_02-10.md","reference","general","active"
"63bd078f","A-manyige/01_🔥今日重点/P0_极致降本增效落地计划_V5.md","reference","general","active"
"ece77983","A-manyige/01_🔥今日重点/执行摘要_2026-03-15_02-08.md","reference","general","active"
"890bde57","A-manyige/01_🔥今日重点/📄 源文件/官宣前准备工作总清单.md","reference","xu_sir","active"
"ce0ed3bc","A-manyige/01_🔥今日重点/📄 源文件/小时检查报告_2026-03-14_1024.md","reference","xu_sir","active"
"ff5db689","A-manyige/01_🔥今日重点/📄 源文件/审阅清单_待确认事项.md","reference","xie_baojian","active"
"ba70b893","A-manyige/01_🔥今日重点/V1.3_深度优化清单.md","reference","luo_han","active"
"602355b5","A-manyige/01_🔥今日重点/V2_执行状态报告.md","reference","general","active"
"fc298a7e","A-manyige/01_🔥今日重点/超速推进状态报告_2026-03-15.md","reference","general","active"
"e36f9ffa","A-manyige/01_🔥今日重点/官宣前准备工作总清单.md","reference","xu_sir","active"
"88cfa28d","A-manyige/01_🔥今日重点/P0_Phase1完成报告.md","reference","liu_honglei","active"
"dc2020e6","A-manyige/01_🔥今日重点/小伙伴30天提升计划.md","reference","xu_sir","active"
"0b64b190","A-manyige/01_🔥今日重点/P0执行策略_V7_自主性优先.md","reference","luo_han","active"
"adaaea84","A-manyige/01_🔥今日重点/今日晨报.md","reference","general","active"
"7c2e97f0","A-manyige/01_🔥今日重点/晨报_2026-03-15_完整版.md","reference","xie_baojian","active"
"43c4e4dd","A-manyige/01_🔥今日重点/P0_硅基极限突破行动计划_V6.md","reference","xu_sir","active"
"f15bd850","A-manyige/01_🔥今日重点/复盘_最近两天优化.md","reference","luo_han","active"
"89baf96b","A-manyige/01_🔥今日重点/小时检查报告_2026-03-14_1024.md","reference","xu_sir","active"
"a676299a","A-manyige/01_🔥今日重点/晨报_2026-03-15.md","reference","general","active"
"b9a541ff","A-manyige/01_🔥今日重点/执行摘要_V2.0_2026-03-15.md","reference","xu_sir","active"
"ceb15885","A-manyige/01_🔥今日重点/审阅清单_待确认事项.md","reference","xie_baojian","active"
"df84db3a","A-manyige/01_🔥今日重点/V1.3修正记录.md","reference","liu_honglei","active"
"e749b7c1","A-manyige/01_🔥今日重点/P0执行状态报告.md","reference","general","active"
"c7db3cb3","A-manyige/01_🔥今日重点/V2_执行状态报告_更新版.md","reference","general","active"
"d36707d7","A-manyige/01_🔥今日重点/V2.0_Skill执行追踪报告.md","reference","general","active"
"e3e98db1","A-manyige/01_🔥今日重点/晨报_2026-03-16.md","reference","general","active"
"d1e7f7f6","A-manyige/01_🔥今日重点/P0执行状态报告_LIVE.md","reference","general","active"
"095fad58","A-manyige/03_📋历史版本/满意解研究所_V1.3_完全版本_20260320_001321.md","reference","xie_baojian","archived"
"d68f1bb1","A-manyige/03_📋历史版本/战略定位1.1版本_20260320_001321.md","reference","xie_baojian","archived"
"e41e5a1d","A-manyige/02_🚀产品迭代/合伙人评估工具V2.0_产品手册.md","reference","general","active"
"0b8c6c63","A-manyige/02_🚀产品迭代/官宣物料包.md","reference","liu_honglei","active"
"0debd6c5","A-manyige/02_🚀产品迭代/评估工具V2.1_Web技术方案.md","reference","general","active"
"a1519135","A-manyige/满意解研究所_V1.0_正式发布版.md","reference","xu_sir","active"
"2cefe87d","A-manyige/03_🔴蓝军意见/Skill评估_scrapling_评估报告.md","reference","general","active"
"dff3453b","A-manyige/03_🔴蓝军意见/V1.0交付物_蓝军批判报告.md","reference","liu_honglei","active"
"d91d9af8","A-manyige/03_🔴蓝军意见/客户数字替身_陈明远_档案与沙盘.md","reference","luo_han","active"
"ec43d45d","A-manyige/03_🎯四产品超级工具包_V2.0/03_关键决策陪跑/iteration-4/iteration-4-network-effect.md","reference","xie_baojian","active"
"38bb935d","A-manyige/03_🎯四产品超级工具包_V2.0/03_关键决策陪跑/iteration-1/iteration-1-decision-science.md","reference","xie_baojian","active"
"e203ad8a","A-manyige/03_🎯四产品超级工具包_V2.0/03_关键决策陪跑/iteration-5/iteration-5-product-matrix.md","reference","xu_sir","active"
"f2711887","A-manyige/03_🎯四产品超级工具包_V2.0/03_关键决策陪跑/iteration-2/iteration-2-real-time-support.md","reference","xie_baojian","active"
"6bcc86b3","A-manyige/03_🎯四产品超级工具包_V2.0/03_关键决策陪跑/final/product-manual-final.md","reference","xu_sir","active"
"2e3a77a6","A-manyige/03_🎯四产品超级工具包_V2.0/03_关键决策陪跑/iteration-3/iteration-3-knowledge-system.md","reference","general","active"
"d253f03e","A-manyige/03_🎯四产品超级工具包_V2.0/03_关键决策陪跑/iteration-summary.md","reference","xu_sir","active"
"591ac684","A-manyige/03_🎯四产品超级工具包_V2.0/README.md","reference","xie_baojian","active"
"09519bd7","A-manyige/03_🎯四产品超级工具包_V2.0/02_合伙人匹配诊断/iteration-3-intervention-system.md","reference","xie_baojian","active"
"300c5d81","A-manyige/03_🎯四产品超级工具包_V2.0/02_合伙人匹配诊断/iteration-2-prediction-models.md","reference","xu_sir","active"
"e38920aa","A-manyige/03_🎯四产品超级工具包_V2.0/02_合伙人匹配诊断/PFI-2.0-Ultimate-Handbook.md","reference","xu_sir","active"
"7364d2f2","A-manyige/03_🎯四产品超级工具包_V2.0/02_合伙人匹配诊断/iteration-4-scale-delivery.md","reference","xu_sir","active"
"01891484","A-manyige/03_🎯四产品超级工具包_V2.0/02_合伙人匹配诊断/iteration-5-data-asset.md","reference","xie_baojian","active"
"a2a15e3e","A-manyige/03_🎯四产品超级工具包_V2.0/02_合伙人匹配诊断/iteration-1-deep-assessment.md","reference","fang_yifeng","active"
"3f7088a1","A-manyige/03_🎯四产品超级工具包_V2.0/01_决策基因体检/round3/round3-ecosystem-integration.md","reference","luo_han","active"
"50d88cc0","A-manyige/03_🎯四产品超级工具包_V2.0/01_决策基因体检/round2/round2-report-intelligence.md","reference","xu_sir","active"
"1a255b1f","A-manyige/03_🎯四产品超级工具包_V2.0/01_决策基因体检/round1/round1-assessment-deepening.md","reference","general","active"
"487ddea4","A-manyige/03_🎯四产品超级工具包_V2.0/01_决策基因体检/final/technical-implementation.md","implementation","luo_han","active"
"c663879e","A-manyige/03_🎯四产品超级工具包_V2.0/01_决策基因体检/final/api-specification.md","reference","xu_sir","active"
"ff29cd20","A-manyige/03_🎯四产品超级工具包_V2.0/01_决策基因体检/final/operations-sop.md","reference","general","active"
"ebedda9b","A-manyige/03_🎯四产品超级工具包_V2.0/01_决策基因体检/final/product-manual.md","reference","xu_sir","active"
"e4400a48","A-manyige/03_🎯四产品超级工具包_V2.0/01_决策基因体检/final/iteration-summary.md","reference","xu_sir","active"
"aab43dee","A-manyige/03_🎯四产品超级工具包_V2.0/01_决策基因体检/round4/round4-business-model.md","reference","xie_baojian","active"
"9a25f2b1","A-manyige/03_🎯四产品超级工具包_V2.0/01_决策基因体检/round5/round5-experience-perfection.md","reference","xu_sir","active"
"fe8b5f04","A-manyige/03_🎯四产品超级工具包_V2.0/04_年度决策顾问/round1-enterprise-features.md","reference","xie_baojian","active"
"0b0fbcf1","A-manyige/03_🎯四产品超级工具包_V2.0/04_年度决策顾问/round2-intelligent-systems.md","reference","xie_baojian","active"
"bea0c91b","A-manyige/03_🎯四产品超级工具包_V2.0/04_年度决策顾问/round4-family-succession.md","reference","xie_baojian","active"
"961b02fd","A-manyige/03_🎯四产品超级工具包_V2.0/04_年度决策顾问/round5-social-impact.md","reference","general","active"
"14e12859","A-manyige/03_🎯四产品超级工具包_V2.0/04_年度决策顾问/ultimate-product-manual.md","reference","xie_baojian","active"
"a71ef142","A-manyige/03_🎯四产品超级工具包_V2.0/04_年度决策顾问/README.md","reference","xie_baojian","active"
"c0a4befc","A-manyige/03_🎯四产品超级工具包_V2.0/04_年度决策顾问/round3-ecosystem-integration.md","reference","xie_baojian","active"
"57a8a675","A-manyige/03_🎯四产品超级工具包_V2.0/05_交叉对照与接口/API规范.md","reference","general","active"
"896cb227","A-manyige/03_🎯四产品超级工具包_V2.0/05_交叉对照与接口/统一术语表.md","reference","general","active"
"0cd084ce","A-manyige/03_🎯四产品超级工具包_V2.0/05_交叉对照与接口/产品架构总览.md","reference","general","active"
"a15d07ae","A-manyige/03_🎯四产品超级工具包_V2.0/05_交叉对照与接口/转化漏斗设计.md","reference","general","active"
"5e27f7df","A-manyige/responses/INDEX.md","reference","general","active"
"68d998a3","A-manyige/responses/2026-03-27/R005-methodology-internalization.md","reference","general","active"
"992ec1a6","A-manyige/responses/2026-03-27/R004-omega-implementation-report.md","implementation","general","active"
"67f2e09d","A-manyige/responses/2026-03-27/R008-CKA-four-library-internalization.md","reference","fang_yifeng","active"
"84393986","A-manyige/responses/2026-03-27/EXECUTION_LOG.md","reference","xie_baojian","active"
"bbd3b517","A-manyige/responses/2026-03-27/EXECUTION_LOG_PHASE1.md","reference","liu_honglei","active"
"c6461b4d","A-manyige/responses/2026-03-27/R007-honest-implementation-audit.md","implementation","xie_baojian","active"
"05db4207","A-manyige/responses/2026-03-27/R002-full-audit-report.md","reference","general","active"
"723255cc","A-manyige/responses/2026-03-27/R003-final-ingestion-report.md","reference","general","active"
"efec7eed","A-manyige/responses/2026-03-27/R006-methodology-comprehensive-internalization.md","reference","luo_han","active"
"a1fa8c60","A-manyige/responses/2026-03-27/R001-knowledge-audit-report.md","reference","general","active"
"7fc48486","A-manyige/02_✅成果交付/合伙人风险预警体系_V1.0.md","reference","xie_baojian","active"
"3f48a199","A-manyige/02_✅成果交付/官宣文案/📄 源文件/README.md","reference","general","active"
"2acc4983","A-manyige/02_✅成果交付/官宣文案/README.md","reference","general","active"
"53f8ae7b","A-manyige/02_✅成果交付/官宣文案/V1.0_完整包/README.md","reference","xu_sir","active"
"f7899831","A-manyige/02_✅成果交付/官宣文案/V1.0_完整包/方法论体系/02_72小时极限决策流程_V1.0.md","reference","general","active"
"f9085a85","A-manyige/02_✅成果交付/官宣文案/V1.0_完整包/方法论体系/03_数字替身会诊机制_V1.0.md","reference","liu_honglei","active"
"a04b459e","A-manyige/02_✅成果交付/官宣文案/V1.0_完整包/方法论体系/04_案例研究方法_V1.0.md","reference","general","active"
"6bf80868","A-manyige/02_✅成果交付/官宣文案/V1.0_完整包/方法论体系/01_五路图腾合伙人评估法_V1.0.md","reference","liu_honglei","active"
"ba9373eb","A-manyige/02_✅成果交付/官宣文案/V1.0_完整包/对外文件/05_文章素材_第一篇.md","reference","xu_sir","active"
"ffc7ce85","A-manyige/02_✅成果交付/官宣文案/V1.0_完整包/对外文件/01_官宣文案_精炼版.md","reference","xu_sir","active"
"0b42a577","A-manyige/02_✅成果交付/官宣文案/V1.0_完整包/对外文件/03_服务手册_客户版.md","reference","xu_sir","active"
"233a69f3","A-manyige/02_✅成果交付/官宣文案/V1.0_完整包/对外文件/06_文章素材_第二篇.md","reference","xu_sir","active"
"97aad2e5","A-manyige/02_✅成果交付/官宣文案/V1.0_完整包/对外文件/07_文章素材_第三篇.md","reference","liu_honglei","active"
"71b74b24","A-manyige/02_✅成果交付/官宣文案/V1.0_完整包/对外文件/02_品牌介绍_1页PPT版.md","reference","xu_sir","active"
"f9c7f9e3","A-manyige/02_✅成果交付/官宣文案/V1.0_完整包/对外文件/04_FAQ_常见问题.md","reference","xu_sir","active"
"2cb77b46","A-manyige/02_✅成果交付/满意解研究所_V1.1_超级百科全书_优化加强版_深度研究整合版.md","reference","xie_baojian","active"
"e82dd9aa","A-manyige/02_✅成果交付/研究整合报告_2026-03-15.md","reference","luo_han","active"
"48a8f2d1","A-manyige/02_✅成果交付/QPMS_V1.2_功能深化设计.md","reference","luo_han","active"
"5942d5c5","A-manyige/02_✅成果交付/📄 源文件/商业计划V1.0.md","reference","xu_sir","active"
"65c91ff3","A-manyige/02_✅成果交付/📄 源文件/官宣文案V1.0.md","reference","general","active"
"fae939ff","A-manyige/02_✅成果交付/📄 源文件/交付成果清单_V1.0.md","reference","liu_honglei","active"
"aa1605b8","A-manyige/02_✅成果交付/📄 源文件/战略研判V1.0.md","reference","liu_honglei","active"
"4599f51b","A-manyige/02_✅成果交付/📄 源文件/V1.0版本冲刺_0325/快速参考卡.md","reference","general","active"
"bafd7133","A-manyige/02_✅成果交付/📄 源文件/V1.0版本冲刺_0325/README.md","reference","xu_sir","active"
"1bc379de","A-manyige/02_✅成果交付/📄 源文件/V1.0版本冲刺_0325/GAME⭐机制产品化文档V1.0.md","reference","general","active"
"0240a292","A-manyige/02_✅成果交付/📄 源文件/V1.0版本冲刺_0325/GAME⭐机制产品化文档-执行摘要.md","reference","general","active"
"8169b916","A-manyige/02_✅成果交付/📄 源文件/V1.0版本冲刺_0325/客户演练方案V1.0.md","reference","xu_sir","active"
"f762b971","A-manyige/02_✅成果交付/📄 源文件/V1.0版本冲刺_0325/产品游戏化方案V1.0.md","reference","general","active"
"f74ec6bb","A-manyige/02_✅成果交付/📄 源文件/V1.0版本冲刺_0325/客户演练脚本库V1.0.md","reference","xu_sir","active"
"3ebfcb4a","A-manyige/02_✅成果交付/📄 源文件/V1.0版本冲刺_0325/演练评估反馈表汇编V1.0.md","reference","general","active"
"3b1f29e7","A-manyige/02_✅成果交付/视觉设计/视觉设计1.0_完整交付报告.md","reference","general","active"
"1bdcc657","A-manyige/02_✅成果交付/视觉设计/品牌视觉系统_V1.0_交付报告.md","reference","general","active"
"ad543586","A-manyige/02_✅成果交付/视觉设计/交付物_20250315/README.md","reference","general","active"
"7f064b8a","A-manyige/02_✅成果交付/视觉设计/交付物_20250315/交付清单.md","reference","general","active"
"29f2fe5e","A-manyige/02_✅成果交付/视觉设计/交付物_20250315/设计攻坚计划.md","reference","xu_sir","active"
"976a0a1e","A-manyige/02_✅成果交付/视觉设计/交付物_20250315/最终交付报告.md","reference","xu_sir","active"
"e71b8252","A-manyige/02_✅成果交付/获客话术_V1.2_前景理论版.md","reference","xu_sir","active"
"2740f410","A-manyige/02_✅成果交付/满意解研究所_V1.2_增强版_全新版本.md","reference","xie_baojian","active"
"4fd3dadd","A-manyige/02_✅成果交付/3月25日官宣内容包.md","reference","xu_sir","active"
"17def594","A-manyige/02_✅成果交付/满意解研究所_V1.2_增强版_全新版本_备份_20260318.md","reference","xie_baojian","active"
"896a4265","A-manyige/02_✅成果交付/核心工具实施手册_V1.0_初始版本.md","reference","general","active"
"bfd053ad","A-manyige/02_✅成果交付/README.md","reference","luo_han","active"
"a7321fc6","A-manyige/02_✅成果交付/满意解研究所_V1.2_完全版本.md","reference","xie_baojian","active"
"b389f990","A-manyige/02_✅成果交付/QPMS_V1.3_认知增强版.md","reference","luo_han","active"
"58d6e644","A-manyige/02_✅成果交付/PitchDeck_10页版_文字稿.md","reference","xie_baojian","active"
"1cf301da","A-manyige/02_✅成果交付/满意解研究所_V1.1_百科全书.md","reference","liu_honglei","active"
"6662cb17","A-manyige/02_✅成果交付/专家联系邮件草稿.md","reference","liu_honglei","active"
"f49c2cf8","A-manyige/02_✅成果交付/文化溯源V1.0.md","reference","liu_honglei","active"
"882c4b7e","A-manyige/02_✅成果交付/官宣文案V1.0.md","reference","general","active"
"4f5d7fb3","A-manyige/02_✅成果交付/满意解研究所_技术架构_V2.0.md","reference","general","active"
"cc1aed5a","A-manyige/02_✅成果交付/公众号文章储备库_V1.0.md","reference","xu_sir","active"
"8c869697","A-manyige/02_✅成果交付/战略定位1.1_任务完成报告.md","reference","liu_honglei","active"
"0e30988d","A-manyige/02_✅成果交付/满意解研究所_V1.1_超级百科全书_深度重构版_人格化整合版.md","reference","liu_honglei","active"
"1345f294","A-manyige/02_✅成果交付/满意解研究所_V1.1_超级百科全书_重构版_深度消化整合版.md","reference","xie_baojian","active"
"a548fd8b","A-manyige/02_✅成果交付/Egbertie故事集_完整版_V1.0.md","reference","xu_sir","active"
"6fbc27e8","A-manyige/02_✅成果交付/对外话术体系_1.2版本.md","reference","xie_baojian","active"
"2a8e7e8f","A-manyige/02_✅成果交付/企业微信同步完整性检查清单_V1.2.md","reference","xu_sir","active"
"14aab046","A-manyige/02_✅成果交付/产品工具手册_V1.0.md","reference","general","active"
"e824e38e","A-manyige/02_✅成果交付/品牌叙事2.0_四课题升级版.md","reference","liu_honglei","active"
"4f83bc36","A-manyige/02_✅成果交付/渠道话术完整包_V1.0.md","reference","xu_sir","active"
"7c3c89f3","A-manyige/02_✅成果交付/V1.2修正清单_核心要点.md","reference","liu_honglei","active"
"f63c2b65","A-manyige/02_✅成果交付/合伙人准入检查清单_v1.0.md","reference","general","active"
"970b3fff","A-manyige/02_✅成果交付/V1.1_百科全书_大纲框架.md","reference","xie_baojian","active"
"7f82fc4f","A-manyige/02_✅成果交付/22:00完整交付_索引导航.md","reference","xie_baojian","active"
"05c25173","A-manyige/02_✅成果交付/满意解研究所_V1.3_完全版本.md","reference","xie_baojian","active"
"e3d035b2","A-manyige/02_✅成果交付/知识库速查卡.md","reference","xie_baojian","active"
"a776f1b0","A-manyige/02_✅成果交付/商业线1.2_首年执行计划_长期主义版.md","reference","xu_sir","active"
"b69dca7a","A-manyige/02_✅成果交付/商业线1.2_首年执行计划.md","reference","xie_baojian","active"
"f551ab4b","A-manyige/02_✅成果交付/满意解研究所_V1.1_超级百科全书_优化加强版.md","reference","fang_yifeng","active"
"73800eae","A-manyige/02_✅成果交付/愿景使命V1.0.md","reference","liu_honglei","active"
"82225c43","A-manyige/02_✅成果交付/数字资产战略规划/05_个人品牌叙事1.1.md","reference","general","active"
"ee5e5e7f","A-manyige/02_✅成果交付/数字资产战略规划/03_复合身份价值主张.md","reference","general","active"
"b6ed1651","A-manyige/02_✅成果交付/数字资产战略规划/04_数字资产圈层渗透策略.md","reference","xie_baojian","active"
"6d1d4e96","A-manyige/02_✅成果交付/数字资产战略规划/00_交付完成报告.md","reference","liu_honglei","active"
"7f6fb327","A-manyige/02_✅成果交付/数字资产战略规划/01_Egbertie历史沿革深度档案.md","reference","xie_baojian","archived"
"e090cf6c","A-manyige/02_✅成果交付/数字资产战略规划/02_数字资产合伙人匹配专项方案.md","reference","general","active"
"6e216678","A-manyige/02_✅成果交付/理论整合速查卡_V2.0.md","reference","liu_honglei","active"
"0e3735ad","A-manyige/02_✅成果交付/V2.0_完整交付包/README.md","reference","xu_sir","active"
"d5fa56e0","A-manyige/02_✅成果交付/V2.0_完整交付包/交付清单.md","reference","general","active"
"dab6b5ca","A-manyige/02_✅成果交付/V2.0_完整交付包/架构文档/V2_执行状态报告.md","reference","general","active"
"05ccb879","A-manyige/02_✅成果交付/V2.0_完整交付包/架构文档/满意解研究所_技术架构_V2.0.md","reference","general","active"
"890d1fd4","A-manyige/02_✅成果交付/V2.0_完整交付包/架构文档/P0执行策略_V7_自主性优先.md","reference","luo_han","active"
"f081d105","A-manyige/02_✅成果交付/V2.0_完整交付包/执行Skill/v2-architecture-executor/SKILL.md","methodology","xu_sir","active"
"0c2533d0","A-manyige/02_✅成果交付/V2.0_完整交付包/TEE半成品交付说明.md","reference","general","active"
"5c07463d","A-manyige/02_✅成果交付/满意解研究所_V1.1_超级百科全书_优化版.md","reference","liu_honglei","active"
"da3ea93a","A-manyige/02_✅成果交付/方案文档/📄 源文件/满意解研究所V1.0成果汇总_审阅版.md","reference","liu_honglei","active"
"59963898","A-manyige/02_✅成果交付/方案文档/📄 源文件/01-灾备策略文档.md","reference","general","active"
"2b05ec44","A-manyige/02_✅成果交付/方案文档/满意解研究所V1.0成果汇总_审阅版.md","reference","liu_honglei","active"
"cac9f7a8","A-manyige/02_✅成果交付/方案文档/01-灾备策略文档.md","reference","general","active"
"21c09079","A-manyige/02_✅成果交付/22年双系统经验地图_设计稿.md","reference","xie_baojian","active"
"be0b5e26","A-manyige/02_✅成果交付/产品原型/README.md","reference","general","active"
"f11e0d97","A-manyige/02_✅成果交付/产品原型/产品架构V1.0/产品架构V1.0.md","reference","luo_han","active"
"75e1877c","A-manyige/02_✅成果交付/产品原型/产品设计V1.0/交付物清单V1.0.md","reference","general","active"
"67a52111","A-manyige/02_✅成果交付/产品原型/产品设计V1.0/产品手册V1.0.md","reference","general","active"
"6367681f","A-manyige/02_✅成果交付/产品原型/产品设计V1.0/定价体系V1.0.md","reference","general","active"
"cebb8081","A-manyige/02_✅成果交付/产品原型/产品设计V1.0/服务流程图V1.0.md","reference","general","active"
"b9c7da4e","A-manyige/02_✅成果交付/产品原型/文档摘要.md","reference","general","active"
"0f7802db","A-manyige/02_✅成果交付/战略定位1.1版本_满意解研究所.md","reference","xie_baojian","active"
"6b2c9c18","A-manyige/02_✅成果交付/战略定位1.2版本_四课题整合版.md","reference","luo_han","active"
"f701c0e2","A-manyige/02_✅成果交付/五路图腾决策卡_设计稿.md","reference","general","active"
"13877c43","A-manyige/02_✅成果交付/📁版本管理中心/V1.2_满意解研究所_完全版本.md","reference","xie_baojian","active"
"20388d7b","A-manyige/02_✅成果交付/📁版本管理中心/📇版本索引.md","reference","general","active"
"1502e49f","A-manyige/02_✅成果交付/📁版本管理中心/V1.1_满意解研究所_百科全书.md","reference","liu_honglei","active"
"9b85bc62","A-manyige/02_✅成果交付/📁版本管理中心/V1.3_满意解研究所_完全版本_蜕变版.md","reference","xie_baojian","active"
"b1a4bb39","A-manyige/02_✅成果交付/📁版本管理中心/V1.4_满意解研究所_郭航江整合版.md","reference","xu_sir","active"
"5e966e46","A-manyige/02_✅成果交付/满意解研究所_V1.2_超级百科全书_全渠道多维度版.md","reference","liu_honglei","active"
"767c958f","A-manyige/03_🔄 进行中/进行中任务总览.md","reference","general","active"
"67a4cd41","A-manyige/04_📋 计划队列/计划队列总览.md","reference","general","active"
"ac771a56","A-manyige/06_📚知识库/知识库索引_2026-03-15更新.md","reference","luo_han","active"
"aa0047df","A-manyige/06_📚知识库/氛围编程_AI辅助开发工作流.md","reference","xu_sir","active"
"88b496d1","A-manyige/06_👥 角色专区/PEO_项目进化官/工作日志/工作日志模板.md","reference","general","active"
"af71a80d","A-manyige/06_👥 角色专区/专家档案/专家档案模板.md","reference","liu_honglei","active"
"17f11a82","A-manyige/06_👥 角色专区/EEO_经验萃取官/工作日志/工作日志模板.md","reference","general","active"
"26c9b3e4","A-manyige/99_📦完整下载包/V2.0_技术跃升成果集/README.md","reference","xie_baojian","active"
"0a222485","A-manyige/99_📦完整下载包/V2.0_技术跃升成果集/满意解研究所_V1.2_完全版本.md","reference","xie_baojian","active"
"c2fd8afb","A-manyige/99_📦完整下载包/V2.0_技术跃升成果集/满意解研究所_技术架构_V2.0.md","reference","general","active"
"f5199e2c","A-manyige/99_📦完整下载包/V2.0_技术跃升成果集/Egbertie故事集_完整版_V1.0.md","reference","xu_sir","active"
"7da7f181","A-manyige/99_📦完整下载包/V2.0_技术跃升成果集/产品工具手册_V1.0.md","reference","general","active"
"c0f6a1bd","A-manyige/99_📦完整下载包/V2.0_技术跃升成果集/交付清单.md","reference","xie_baojian","active"
"da431b0d","A-manyige/99_📦完整下载包/V2.0_技术跃升成果集/📦下载包说明.md","reference","liu_honglei","active"
"6b4155be","A-manyige/99_📦完整下载包/V2.0_技术跃升成果集/满意解研究所_V1.3_完全版本.md","reference","xie_baojian","active"
"7b1c8cb4","A-manyige/99_📦完整下载包/V2.0_技术跃升成果集/架构文档/V2_执行状态报告.md","reference","general","active"
"36747928","A-manyige/99_📦完整下载包/V2.0_技术跃升成果集/架构文档/满意解研究所_技术架构_V2.0.md","reference","general","active"
"05042107","A-manyige/99_📦完整下载包/V2.0_技术跃升成果集/架构文档/P0执行策略_V7_自主性优先.md","reference","luo_han","active"
"12bb3602","A-manyige/99_📦完整下载包/V2.0_技术跃升成果集/执行Skill/v2-architecture-executor/SKILL.md","methodology","xu_sir","active"
"8756a16a","A-manyige/99_📦完整下载包/V2.0_技术跃升成果集/TEE半成品交付说明.md","reference","general","active"
"f43cd0c7","A-manyige/99_📦完整下载包/V2.0_技术跃升成果集/战略定位1.1版本_满意解研究所.md","reference","xie_baojian","active"
"f2234648","A-manyige/03_📋研究任务/六轮技术挖掘战略评估报告.md","reference","xie_baojian","active"
"0b690af6","A-manyige/03_📋研究任务/定价市场调研_报告.md","reference","xu_sir","active"
"a1e3ce86","A-manyige/03_📋研究任务/定价市场调研_执行计划.md","reference","xu_sir","active"
"c54f69d0","A-manyige/03_📋研究任务/合伙人冲突关键窗口期研究_解读摘要.md","reference","general","active"
"93333116","A-manyige/03_📋研究任务/深度研究提示词_黎红雷教授.md","reference","liu_honglei","active"
"694e0453","A-manyige/03_📋研究任务/V1.2深度研究提示词清单.md","reference","xu_sir","active"
"257b1163","A-manyige/03_📋研究任务/郭航江开源项目深度解析_整合方案.md","reference","xu_sir","active"
"28629300","A-manyige/03_📋研究任务/定价市场调研_启动计划.md","reference","xu_sir","active"
"b85e1481","A-manyige/03_📋研究任务/AI部署与单企成长解读_V1.0.md","reference","luo_han","active"
"b240995e","A-manyige/03_📋研究任务/李泽湘硬科技孵化体系研究_解读摘要.md","reference","xie_baojian","active"
"9b64c41f","A-manyige/03_📋研究任务/沙盘模拟系统_V1.0_V2.0_解读摘要.md","reference","xu_sir","active"
"3c0b6a6c","A-manyige/03_📋研究任务/领域专家数字替身建模资料收集模板.md","reference","liu_honglei","active"
"3eb6599a","A-manyige/03_📋研究任务/QPMS算法效度验证研究_解读摘要.md","reference","luo_han","active"
"1ccd26df","A-manyige/03_📋研究任务/全球前沿技术报告V2_满意解V1.5_V2.0战略升级.md","reference","luo_han","active"
"7e0e095d","A-manyige/03_📋研究任务/Kimi_Claw技术报告_满意解整合分析.md","reference","general","active"
"5d240d62","A-manyige/03_📋研究任务/黎红雷教授数字替身档案_V1.0.md","reference","liu_honglei","active"
"79329b62","A-manyige/03_📋研究任务/QPMS量子感知引擎_V1.0_V2.0_解读摘要.md","reference","fang_yifeng","active"
"bcc154fb","A-manyige/03_📋研究任务/全球前沿技术报告V3_满意解V2.0_V3.0战略架构.md","reference","luo_han","active"
"368138cf","A-manyige/03_📋研究任务/战略评估解读_满意解研究所_V1.0.md","reference","xie_baojian","active"
"238586c1","A-manyige/合伙人踩雷检测_产品设计方案.md","reference","xu_sir","active"
"e641e843","A-manyige/试运行官宣全案/02-小红书/小红书文案.md","reference","xu_sir","active"
"0dacdf9f","A-manyige/试运行官宣全案/02-小红书/小红书发布操作手册.md","reference","xu_sir","active"
"3515883c","A-manyige/试运行官宣全案/03-抖音/抖音脚本.md","reference","general","active"
"bf4a8774","A-manyige/试运行官宣全案/03-抖音/抖音发布操作手册.md","reference","general","active"
"f687f6b2","A-manyige/试运行官宣全案/04-视频号/视频号发布操作手册.md","reference","general","active"
"b24a0931","A-manyige/试运行官宣全案/04-视频号/视频号脚本.md","reference","general","active"
"f28ea1e2","A-manyige/试运行官宣全案/05-通用素材/产品手册_试运营版.md","reference","liu_honglei","active"
"06c124d3","A-manyige/试运行官宣全案/05-通用素材/AI图片生成指令汇总.md","reference","xie_baojian","active"
"e3778cd9","A-manyige/试运行官宣全案/05-通用素材/三平台发布指引汇总.md","reference","xu_sir","active"
"05da67fc","A-manyige/试运行官宣全案/01-朋友圈九宫格/AI图片指令.md","reference","xie_baojian","active"
"fecc9943","A-manyige/试运行官宣全案/01-朋友圈九宫格/朋友圈文案.md","reference","xu_sir","active"
"45c12bad","A-manyige/试运行官宣全案/00-总索引.md","reference","xie_baojian","active"
"cf44cc95","A-manyige/03_🎨视觉资产/📄 源文件/五路图腾信息图_设计交付文档.md","reference","general","active"
"3e88caee","A-manyige/03_🎨视觉资产/五路图腾信息图_设计交付文档.md","reference","general","active"
"a97de3ba","A-manyige/代码对应与操作指引大全.md","reference","general","active"
"95d1afc4","A-manyige/全档案/02-产品体系/产品手册_试运营版.md","reference","liu_honglei","active"
"13e1c6a8","A-manyige/全档案/02-产品体系/产品体系_V1.3.md","reference","xie_baojian","active"
"709e733c","A-manyige/全档案/00-品牌视觉规范.md","reference","xu_sir","active"
"38ac7a60","A-manyige/全档案/05-对外发布/官宣发布_总索引.md","reference","xie_baojian","active"
"5b7abcd4","A-manyige/全档案/05-对外发布/抖音_脚本.md","reference","general","active"
"3bc1ce02","A-manyige/全档案/05-对外发布/朋友圈_文案.md","reference","xu_sir","active"
"218c5120","A-manyige/全档案/05-对外发布/视频号_脚本.md","reference","general","active"
"7b3a920d","A-manyige/全档案/05-对外发布/朋友圈_AI图片指令.md","reference","xie_baojian","active"
"ebe63b98","A-manyige/全档案/05-对外发布/名片设计指导.md","reference","xie_baojian","active"
"481981c9","A-manyige/全档案/05-对外发布/AI图片生成指令汇总.md","reference","xie_baojian","active"
"fc2c318a","A-manyige/全档案/05-对外发布/小红书_文案.md","reference","xu_sir","active"
"35843748","A-manyige/全档案/06-运营支撑/对外话术手册.md","reference","liu_honglei","active"
"8c827378","A-manyige/全档案/00-总索引.md","reference","xie_baojian","active"
"88841139","A-manyige/全档案/03-品牌内容/品牌手册_V1.3.md","reference","luo_han","active"
"1f6efdbf","A-manyige/全档案/04-方法体系/五路图腾方法体系_V1.3.md","reference","liu_honglei","active"
"f7b6be2f","A-manyige/全档案/01-全案策划/满意解研究所_全案策划V1.3.md","reference","liu_honglei","active"
"1e0ca719","A-manyige/V1.3完整成品/02-产品体系/产品手册_试运营版.md","reference","liu_honglei","active"
"f2e18c40","A-manyige/V1.3完整成品/02-产品体系/产品体系_V1.3.md","reference","xie_baojian","active"
"7e69c6a2","A-manyige/V1.3完整成品/03-方法体系/五路图腾方法体系_V1.3.md","reference","liu_honglei","active"
"631a16dc","A-manyige/V1.3完整成品/01-品牌核心/品牌手册_V1.3.md","reference","luo_han","active"
"247ea10e","A-manyige/V1.3完整成品/00-总索引.md","reference","xie_baojian","active"
"48c1a0a4","A-manyige/V1.3完整成品/04-对外话术/对外话术手册_V1.3.md","reference","liu_honglei","active"
"a3468cd5","A-manyige/满意解研究所_V1.4_超级百科全书_完整版.md","reference","xu_sir","active"
"bd0ad4fb","A-manyige/专家数字替身档案/谢宝剑研究员_数字替身档案_5标准版.md","reference","xie_baojian","active"
"607d5ace","A-manyige/专家数字替身档案/黎红雷教授_数字替身档案_5标准版.md","reference","liu_honglei","active"
"64cff1a7","A-manyige/专家数字替身档案/罗汉教授_数字替身档案_5标准版.md","reference","luo_han","active"
"7486fe26","A-manyige/专家数字替身档案/方翊沣博士_数字替身档案_5标准版.md","reference","fang_yifeng","active"
"a142ec2c","A-manyige/专家数字替身档案/陈国祥博士_数字替身档案_5标准版.md","reference","xie_baojian","active"
"df43db35","A-manyige/专家数字替身档案/李泽湘教授_数字替身档案_5标准版.md","reference","xie_baojian","active"
"7778e788","A-manyige/06_🧠方法论体系/合伙人评估决策模型V1.0.md","reference","general","active"
"48bb84a1","A-manyige/06_🧠方法论体系/合伙人匹配决策方法论V1.0.md","reference","general","active"
"24f3b8ff","A-manyige/满意解研究所_V1.5_超级百科全书_终极整合版.md","reference","xu_sir","active"
