"doc_id","filepath","topo_x","topo_y","topo_z"
"b58cea45","./config/INFO_LOOP_CRON.md","reference","general","active"
"49081381","./config/decision-permission-matrix.md","reference","xu_sir","active"
"fc9932fa","./config/VENDOR_API_PRIMARY_CONFIG.md","reference","general","active"
"93884ac4","./partner-match-system/OVERVIEW.md","reference","liu_honglei","active"
"fd9c1601","./partner-match-system/README.md","reference","luo_han","active"
"87e5f14a","./partner-match-system/DELIVERY.md","reference","luo_han","active"
"8761c3ae","./partner-match-system/docs/API.md","reference","general","active"
"51ca2477","./partner-match-system/docs/USER_MANUAL.md","reference","general","active"
"5b1c1cbe","./Working_五路图腾.md","reference","liu_honglei","active"
"d2b8866b","./data/failure_cases/FAIL-2026-03-15-001_蓝军意见任务阻塞.md","reference","xu_sir","active"
"37cb38c4","./data/failure_cases/FAIL-2026-03-15-002_急躁转向首单建议.md","reference","xu_sir","active"
"66fcfd45","./product2-partner-matching/iteration-3-intervention-system.md","reference","xie_baojian","active"
"6a0d0c1c","./product2-partner-matching/iteration-2-prediction-models.md","reference","fang_yifeng","active"
"c0a7b9b9","./product2-partner-matching/PFI-2.0-Ultimate-Handbook.md","reference","xu_sir","active"
"893b7517","./product2-partner-matching/iteration-4-scale-delivery.md","reference","general","active"
"629e1ca4","./product2-partner-matching/iteration-5-data-asset.md","reference","xie_baojian","active"
"dfa59af7","./product2-partner-matching/iteration-1-deep-assessment.md","reference","fang_yifeng","active"
"9b062458","./BOOTSTRAP.md","reference","xu_sir","active"
"63769c2a","./feishu-personas/01_满意哥_主控AI.md","reference","xie_baojian","active"
"8bcc9606","./feishu-personas/14_CONTENT_内容总监.md","reference","general","active"
"16ba7047","./feishu-personas/T04_CONFUCIUS_孔子.md","reference","liu_honglei","active"
"f8c4ec99","./feishu-personas/T01_LIU_刘禹锡.md","reference","liu_honglei","active"
"198d5d40","./feishu-personas/13_ANNOUNCE_官宣官.md","reference","xu_sir","active"
"aa80189b","./feishu-personas/组织架构图_SVG代码.md","reference","xu_sir","active"
"419130d3","./feishu-personas/项目_官宣执行手册.md","reference","fang_yifeng","active"
"27de2713","./feishu-personas/00_指挥官_Egbertie.md","reference","liu_honglei","active"
"de842ec2","./feishu-personas/T02_SIMON_西蒙.md","reference","luo_han","active"
"ccfecd96","./HEARTBEAT.md","reference","xu_sir","active"
"f7904b9e","./memory/TASK_BOARD_20260320.md","reference","general","active"
"1c0e277d","./memory/2026-03-13_小时协调检查报告_1624.md","reference","liu_honglei","active"
"431d19ce","./memory/2026-03-13.md","reference","general","active"
"2fd67451","./memory/2026-03-25.md","reference","general","active"
"cf7a64c9","./memory/learning-cards/2026-03-20-link-24-placeholder.md","reference","general","active"
"53f341db","./memory/learning-cards/2026-03-20-link-20-placeholder.md","reference","general","active"
"6674ed94","./memory/learning-cards/2026-03-20-link-14-placeholder.md","reference","general","active"
"54d5d157","./memory/learning-cards/2026-03-20-link-08-brave.md","reference","general","active"
"1a396712","./memory/learning-cards/2026-03-20-link-12-chroma.md","reference","general","active"
"bcb36836","./memory/learning-cards/2026-03-20-link-29-placeholder.md","reference","general","active"
"54696b5f","./memory/learning-cards/2026-03-20-link-25-placeholder.md","reference","general","active"
"2d5102cd","./memory/learning-cards/2026-03-20-link-23-placeholder.md","reference","general","active"
"1d0d65ae","./memory/learning-cards/2026-03-20-link-10-notion.md","reference","general","active"
"f22c53cf","./memory/learning-cards/2026-03-20-link-22-placeholder.md","reference","general","active"
"659ded3e","./memory/learning-cards/2026-03-20-link-16-placeholder.md","reference","general","active"
"f33bdd86","./memory/learning-cards/2026-03-20-link-11-ollama.md","reference","general","active"
"982a16c2","./memory/learning-cards/2026-03-20-link-15-placeholder.md","reference","general","active"
"80419fe5","./memory/learning-cards/2026-03-20-link-01-deepseek.md","reference","general","active"
"92eca47e","./memory/learning-cards/2026-03-20-link-18-placeholder.md","reference","general","active"
"1ace0fcb","./memory/learning-cards/2026-03-20-link-30-placeholder.md","reference","general","active"
"741fcbd4","./memory/learning-cards/2026-03-20-link-27-placeholder.md","reference","general","active"
"74be8dfa","./memory/learning-cards/2026-03-20-link-13-langchain.md","reference","xu_sir","active"
"2bb81564","./memory/learning-cards/2026-03-20-link-17-placeholder.md","reference","general","active"
"b64242a3","./memory/learning-cards/2026-03-20-link-02-openmaic.md","reference","xu_sir","active"
"ce35094e","./memory/learning-cards/2026-03-20-link-03-typeui.md","reference","xu_sir","active"
"4981e705","./memory/learning-cards/2026-03-20-link-21-placeholder.md","reference","general","active"
"ead822f9","./memory/learning-cards/2026-03-20-link-06-firecrawl.md","reference","general","active"
"b7a00575","./memory/learning-cards/2026-03-20-link-05-mineru.md","reference","general","active"
"1d52073e","./memory/learning-cards/2026-03-20-link-07-tavily.md","reference","xu_sir","active"
"1ee20830","./memory/learning-cards/2026-03-20-link-04-kimicli.md","reference","general","active"
"f9eea59c","./memory/learning-cards/2026-03-20-link-26-placeholder.md","reference","general","active"
"586f75de","./memory/learning-cards/2026-03-20-link-19-placeholder.md","reference","general","active"
"e7482fc4","./memory/learning-cards/2026-03-20-link-28-placeholder.md","reference","general","active"
"44b60595","./memory/learning-cards/2026-03-20-link-09-reactemail.md","reference","general","active"
"1c390185","./memory/satisfynow-system-map.md","reference","general","active"
"ef54fd34","./memory/2026-03-21-decisions.md","reference","xu_sir","active"
"f13fb49b","./memory/2026-03-16.md","reference","xu_sir","active"
"2cbda9c2","./memory/info-collection/2026-03-16_06-00_hourly.md","reference","general","active"
"f45ad758","./memory/2026-03-09-回顾清单.md","reference","liu_honglei","active"
"507db170","./memory/lost-promises-5standard-report-2026-03-20.md","reference","general","active"
"549a77e1","./memory/2026-03-14-WIP-004补救报告.md","reference","liu_honglei","evolving"
"8cb36ed5","./memory/BLUE_TEAM_REPORT_RECEIVED.md","reference","general","active"
"6bb62663","./memory/2026-03-14-专家邀请函待确认稿.md","reference","liu_honglei","active"
"363618ef","./memory/2026-03-27.md","reference","general","active"
"be496216","./memory/2026-03-16_小时协调检查报告_1924.md","reference","xu_sir","active"
"22a8fd65","./memory/2026-03-26.md","reference","general","active"
"cec651ba","./memory/第一性原则强制执行验证报告_2026-03-15.md","reference","liu_honglei","active"
"adc32b4f","./memory/2026-03-13-过期任务补救报告.md","reference","general","active"
"23c071e1","./memory/history-audit/blue-army-final-audit-2026-03-27.md","reference","general","active"
"de7c2058","./memory/history-audit/kimi_link_01_record.md","reference","general","active"
"a191f6a5","./memory/history-audit/OTHER_LINKS_CHECK_PLAN.md","reference","general","active"
"f9995a1e","./memory/history-audit/LOST_PROMISES_REGISTRY_UPDATED.md","reference","general","active"
"c3fbdca7","./memory/history-audit/link_check_progress.md","reference","general","active"
"f05ba64f","./memory/history-audit/link-selfcheck-report.md","reference","general","active"
"a3a446fd","./memory/history-audit/honesty-redline-selfcheck.md","reference","general","active"
"d2333757","./memory/history-audit/kimi_link_03_record.md","reference","xie_baojian","active"
"5edb2a00","./memory/history-audit/CONFIRMED_EXECUTION_PLAN.md","reference","general","active"
"5e4127aa","./memory/history-audit/kimi_link_02_record.md","reference","xie_baojian","active"
"d4f07439","./memory/history-audit/kimi_link_05_record.md","reference","general","active"
"ee762594","./memory/history-audit/kimi_link_04_record.md","reference","general","active"
"91969e5a","./memory/history-audit/LINK_AUDIT_REPORT.md","reference","general","active"
"6f31cdd0","./memory/history-audit/AUDIT_EXECUTION_PLAN.md","reference","general","active"
"aca69ca0","./memory/history-audit/blue-army-deep-audit-2026-03-27.md","reference","general","active"
"88a8f676","./memory/skill-installation-status.md","methodology","general","active"
"38c54f49","./memory/2026-03-21-evening.md","reference","fang_yifeng","active"
"c2dda322","./memory/2026-03-14_小时协调检查报告_1124.md","reference","xu_sir","active"
"c679e72f","./memory/reminder-audit-report-2026-03-15.md","reference","general","active"
"57951104","./memory/quality/cross-validation/20260320-144753.md","reference","general","active"
"8a0121ca","./memory/improvement-report-2026-03-15.md","reference","xu_sir","active"
"e7d48b0c","./memory/task-coordination-2026-03-13-2046.md","reference","general","active"
"85bcb38e","./memory/2026-03-20-phase3-completion.md","reference","xie_baojian","active"
"a9804879","./memory/2026-03-17.md","reference","general","active"
"82e71a6c","./memory/clawhub-install-retry-report-2026-03-13.md","reference","general","active"
"3127c995","./memory/experts/chen_guoxiang_profile_v1.md","reference","chen_guoxiang","active"
"8085515d","./memory/experts/fang_yifeng_profile_v1.md","reference","fang_yifeng","active"
"33022755","./memory/experts/_build_report_v1.md","reference","xu_sir","active"
"36a3abfc","./memory/experts/fang_yifeng_profile_v2.md","reference","fang_yifeng","active"
"1083faf0","./memory/improvements/ERR-202603-0001.md","reference","general","active"
"b0c5ab3c","./memory/task-coordination-2026-03-13-2146.md","reference","general","active"
"2d62a3f8","./memory/pending-confirmation-queue.md","reference","xu_sir","active"
"663c871c","./memory/methodology/file-update-workflow.md","reference","general","active"
"f9501a4f","./memory/methodology/align-complement-framework.md","reference","luo_han","active"
"d32537ba","./memory/2026-03-14_小时协调检查报告_2024.md","reference","xu_sir","active"
"443e0b1e","./memory/TASK_SCAN_REPORT_2026-03-10.md","reference","liu_honglei","active"
"5b6e76c1","./memory/industry_news/2026-03-21_资讯摘要.md","reference","xu_sir","active"
"789a278b","./memory/HIBERNATION_STATUS.md","reference","general","active"
"ab1e0283","./memory/2026-03-20.md","reference","general","active"
"b4470fea","./memory/SYSTEM_FIX_EXECUTION_20260321.md","reference","xu_sir","active"
"7d5ae5b4","./memory/2026-03-13_小时协调检查报告_2224.md","reference","xu_sir","active"
"c3407faa","./memory/2026-03-13_小时协调检查报告_1724.md","reference","xu_sir","active"
"a8bf5658","./memory/2026-03-15-GAME产品化交付.md","reference","luo_han","active"
"dd5f07b6","./memory/2026-03-14_小时协调检查报告_0124.md","reference","xu_sir","active"
"b937900b","./memory/lost-promise-user-reservation-2026-03-20.md","reference","general","active"
"29cb0f92","./memory/audit_report_20260315.md","reference","general","active"
"53ecdccb","./memory/2026-03-14_小时协调检查报告_2124.md","reference","xu_sir","active"
"d18979a7","./memory/satisfynow-growth-diary.md","reference","xu_sir","active"
"3889c37a","./memory/2026-03-14_小时协调检查报告_0924.md","reference","xu_sir","active"
"410692fd","./memory/hourly_coordination_2026-03-15_1124.md","reference","general","active"
"46491488","./memory/RECOVERY_PACKAGE_V1/2026-03-13.md","reference","general","active"
"ebcbfda1","./memory/RECOVERY_PACKAGE_V1/URG-001-完成报告.md","reference","xu_sir","active"
"b3875959","./memory/RECOVERY_PACKAGE_V1/README.md","reference","xu_sir","active"
"7369a95b","./memory/RECOVERY_PACKAGE_V1/USER.md","reference","general","active"
"c34a0599","./memory/RECOVERY_PACKAGE_V1/DISASTER_RECOVERY_V1.md","reference","xu_sir","active"
"7207ea92","./memory/RECOVERY_PACKAGE_V1/MEMORY.md","reference","xu_sir","active"
"85af1c3f","./memory/RECOVERY_PACKAGE_V1/SOUL.md","reference","xu_sir","active"
"844ac70e","./memory/RECOVERY_PACKAGE_V1/IDENTITY.md","reference","xu_sir","active"
"aa7530ea","./memory/comprehensive-lost-promises-audit-2026-03-20.md","reference","xu_sir","active"
"e8c95206","./memory/working/egbertie-today-tasks-5.md","reference","fang_yifeng","active"
"2e9493f1","./memory/working/brand_narrative_voice_memo_123.md","reference","xie_baojian","active"
"15c69037","./memory/working/daily_mode_optimization_v2.md","reference","general","active"
"2028439c","./memory/working/v1.3_final_decisions.md","reference","xu_sir","active"
"938dc643","./memory/working/cron_optimization_C_deployed.md","reference","general","active"
"be3c58bd","./memory/working/token_optimization_strategy.md","reference","general","active"
"5c002e51","./memory/working/hibernation_mode_optimization_v2.md","reference","general","active"
"cc6d81ba","./memory/working/v1.3_upgrade_completion_report.md","reference","xu_sir","active"
"ea4434d9","./memory/working/current_context.md","reference","general","active"
"e11256d9","./memory/working/v1.3_parallel_phrases_report.md","reference","luo_han","active"
"66ed55c2","./memory/working/user_decisions_2026-03-24.md","reference","xu_sir","active"
"5404c272","./memory/working/voice_memo_insights.md","reference","xu_sir","active"
"2a04d383","./memory/working/superpowers_security_audit.md","reference","general","active"
"468d73a1","./memory/working/resource-execution-handbook.md","reference","xu_sir","active"
"83b3734a","./memory/working/academic_deep_research_architecture.md","reference","xu_sir","active"
"901980e9","./memory/working/multi_platform_publish_guide.md","reference","xu_sir","active"
"29a34e03","./memory/working/content_unification_decision_list.md","reference","liu_honglei","active"
"8d3c5bc8","./memory/working/epic_upgrade_tasklist.md","reference","luo_han","active"
"ca8ddb58","./memory/working/v1.3_upgrade_decision_list.md","reference","xu_sir","active"
"259ef6cf","./memory/working/today_research_tasks.md","reference","liu_honglei","active"
"cc791e1c","./memory/working/today_execution_plan.md","reference","general","active"
"f4767d95","./memory/working/decision_retreat_v2_simplified.md","reference","fang_yifeng","active"
"9af53b21","./memory/working/certificates_order_final.md","reference","luo_han","active"
"49fa6a36","./memory/working/encyclopedia_v1.1_text.md","reference","liu_honglei","active"
"7589f405","./memory/working/skill_treasure_hunt.md","methodology","xu_sir","active"
"ce9cee47","./memory/working/token_tracking_2026-03-24.md","reference","general","active"
"e74764d6","./memory/working/v1.3_content_calibration.md","reference","luo_han","active"
"389b028e","./memory/working/night_research_expert_enhancement.md","reference","liu_honglei","active"
"d8eafb21","./memory/working/knowledge_consistency_audit_2026-03-24.md","reference","xu_sir","active"
"91d18886","./memory/working/file_upload_integrity_check_20260318.md","reference","luo_han","active"
"2aa8dd2b","./memory/working/nine_grid_launch_plan.md","reference","general","active"
"646760cd","./memory/working/nine_grid_final_publish.md","reference","xu_sir","active"
"cf28e2b5","./memory/working/nine_grid_image_prompt_final.md","reference","xie_baojian","active"
"1128b594","./memory/working/v1.3_content_calibration_report.md","reference","luo_han","active"
"75dfc853","./memory/working/totem_expert_integration.md","reference","luo_han","active"
"186bcadd","./memory/working/v1.3_parallel_phrases.md","reference","general","active"
"6ad3f43c","./memory/working/immediate_tasks_completion_report.md","reference","general","active"
"4baf4f31","./memory/working/nine_grid_ai_image_guide.md","reference","xu_sir","active"
"d66a92ee","./memory/working/v1.3_calibration_full_report.md","reference","luo_han","active"
"de871667","./memory/working/partners_mountain_ep1_script.md","reference","general","active"
"0b1480c5","./memory/working/multi_platform_publish_guide_final.md","reference","xu_sir","active"
"e19e1db5","./memory/intelligence/info-collection-2026-03-15-1700.md","reference","xu_sir","active"
"85c8f174","./memory/47-systems-honest-assessment.md","reference","xu_sir","active"
"9a3610f1","./memory/BACKUP_DASHBOARD.md","reference","general","active"
"2a231feb","./memory/wechat-integration-evaluation.md","reference","general","active"
"8d3cf9ba","./memory/feishu-api-capability-tracker.md","reference","xu_sir","active"
"5e1aad06","./memory/2026-03-24.md","reference","xu_sir","active"
"17875e9b","./memory/2026-03-21.md","reference","general","active"
"1018dfd8","./memory/cron-expansion-plan-2026-03-27.md","reference","xu_sir","active"
"13bcc4f9","./memory/reports/weekly_retrospective_2026-03-21.md","reference","xu_sir","active"
"5ceb1a72","./memory/reports/weekly/2026-W12.md","reference","general","active"
"a81afb0d","./memory/skill-integration-report-2026-03-27.md","methodology","xu_sir","active"
"e5773db0","./memory/2026-03-21-执行状态报告.md","reference","general","active"
"0ba3c91b","./memory/2026-03-21-第一目标达成.md","reference","general","active"
"ee8f5ad6","./memory/conversation-summary-2026-03-15.md","reference","xu_sir","active"
"d7bfd15a","./memory/hourly-check-2026-03-15-0624.md","reference","general","active"
"eb2ec7f6","./memory/2026-03-15_小时协调检查报告_0424.md","reference","liu_honglei","active"
"5dd93068","./memory/2026-03-15_小时协调检查报告_0124.md","reference","liu_honglei","active"
"032a15e1","./memory/2026-03-08_重启状态保存.md","reference","xu_sir","active"
"d1aa29ee","./memory/lost-promises-audit-2026-03-20.md","reference","general","active"
"1200d79b","./memory/2026-03-10-遗忘任务补救报告.md","reference","general","active"
"4fdefc5b","./memory/2026-03-22.md","reference","general","active"
"c23ec1f1","./memory/2026-03-19.md","reference","general","active"
"29272080","./memory/feishu-wecom-test-report-2026-03-27.md","reference","general","active"
"2162fad3","./memory/2026-03-14-WIP-003状态核查报告.md","reference","xu_sir","evolving"
"93926198","./memory/2026-03-14_小时协调检查报告_0024.md","reference","liu_honglei","active"
"81858354","./memory/quick-replenishment-2026-03-15-1220.md","reference","liu_honglei","active"
"08581370","./memory/token-correction-20260322.md","reference","general","active"
"c05b251e","./memory/multi-agent-design-spec.md","reference","xu_sir","active"
"5e1c926d","./memory/archive/storage-safety-redline-v1.0.md","reference","general","archived"
"715bcb19","./memory/archive/culture_dingyu_jin_wulu.md","reference","general","archived"
"2dd91fd8","./memory/archive/wulu_totem_system.md","reference","liu_honglei","archived"
"a5ced1eb","./memory/archive/skill_system.md","methodology","general","archived"
"55a4073c","./memory/archive/egbertie_full_profile.md","reference","xie_baojian","archived"
"80c51e88","./memory/archive/logs/2026-03-14.md","reference","xu_sir","archived"
"29b20402","./memory/archive/logs/2026-03-06.md","reference","xu_sir","archived"
"8380bc48","./memory/archive/logs/2026-03-15.md","reference","xu_sir","archived"
"ba4a8cc9","./memory/archive/logs/2026-03-07.md","reference","xu_sir","archived"
"64dea8f5","./memory/archive/logs/2026-03-09.md","reference","liu_honglei","archived"
"b129fa87","./memory/archive/logs/2026-03-10.md","reference","xu_sir","archived"
"3d59b93a","./memory/archive/logs/2026-03-08.md","reference","liu_honglei","archived"
"110b9375","./memory/archive/logs/2026-03-18.md","reference","liu_honglei","archived"
"7366d01c","./memory/archive/migration_report.md","reference","general","archived"
"6a0454bb","./memory/archive/project_history_2026-03.md","reference","xie_baojian","archived"
"cae61d23","./memory/archive/working_principles.md","reference","xu_sir","archived"
"a947e0cc","./SYSTEM_TRANSFORMATION_REPORT_V2.md","reference","general","active"
"1439e8b7","./plugins/FEISHU_PERMISSION_STATUS.md","reference","general","active"
"bbe32e49","./plugins/FEISHU_DRIVE_DELIVERY_REPORT.md","reference","general","active"
"310c16c8","./plugins/FEISHU_DRIVE_TEST_REPORT.md","reference","general","active"
"a647fa1f","./plugins/FEISHU_PERMISSIONS_QUICKREF.md","reference","general","active"
"684d04d2","./plugins/FEISHU_FULL_TEST_REPORT.md","reference","general","active"
"2e0879bb","./SYSTEM_TRANSFORMATION_SUMMARY.md","reference","general","active"
"1703737e","./README.md","reference","general","active"
"78b53ea4","./ORGANIZATION.md","reference","liu_honglei","active"
"a1c2958a","./.kimi/downloads/19d2ee63-56a2-8287-8000-0000cd36646a_对话.md","reference","general","active"
"756e2792","./.kimi/downloads/19d2f2bf-0bf2-82e8-8000-0000a43426a6_对话.md","reference","xie_baojian","active"
"1e3daa49","./.config/外部工具配置信息.md","reference","general","active"
"b9dda0d3","./.config/文档同步执行计划_V1.1.md","reference","xie_baojian","active"
"6201271f","./.config/figjam-setup.md","reference","general","active"
"6e35e13e","./.config/文档同步执行计划.md","reference","xie_baojian","active"
"95daf44e","./USER.md","reference","liu_honglei","active"
"bc9074db","./disaster-recovery/05-定期演练计划.md","reference","general","active"
"ed4071ca","./disaster-recovery/README.md","reference","general","active"
"890ac7ef","./disaster-recovery/03-版本管理规范.md","reference","general","active"
"4d713a47","./disaster-recovery/01-灾备策略文档.md","reference","general","active"
"0ebaf512","./disaster-recovery/04-灾难恢复操作手册.md","reference","general","active"
"d5b6815e","./test_files/liu_huabin_test.md","reference","xu_sir","active"
"7b339b38","./test_files/liu_huabin_test_v2.md","reference","luo_han","active"
"a481bf5c","./MEMORY.md","reference","liu_honglei","active"
"2d4039b5","./AGENTS.md","reference","xu_sir","active"
"41985bd5","./logs/disaster-recovery-sync-20260322-030833.md","reference","general","active"
"cc87e72b","./logs/disaster-recovery-sync-20260322-030736-FINAL.md","reference","general","active"
"53472176","./institute-assets/经验萃取官_角色定义.md","reference","xie_baojian","active"
"c7e767ac","./institute-assets/05_话术工具/首批客户销售材料包_V0.1_模拟版.md","reference","xu_sir","active"
"1ee12015","./institute-assets/05_话术工具/对外话术转换手册.md","reference","xie_baojian","active"
"c419cc40","./institute-assets/README.md","reference","xie_baojian","active"
"1a060c16","./institute-assets/项目进化官_角色定义.md","reference","xie_baojian","active"
"7f40085d","./institute-assets/03_学术根基/六祖慧能_顿悟与红莲的双重关联.md","reference","general","active"
"6e3c8b74","./institute-assets/03_学术根基/五路图腾深化研究_慧能红莲立体解析.md","reference","luo_han","active"
"ba57c7d7","./institute-assets/03_学术根基/学术根基-西蒙理论.md","reference","general","active"
"58ffd059","./institute-assets/03_学术根基/五路图腾深化研究_红莲与六祖慧能.md","reference","luo_han","active"
"5334eacb","./institute-assets/03_学术根基/研究报告审核意见_感知力决策知识图谱.md","reference","general","active"
"80281af8","./institute-assets/01_战略核心/创始人画像_Egbertie.md","reference","xie_baojian","active"
"7bb4908e","./institute-assets/01_战略核心/专家会诊流程模板.md","reference","luo_han","active"
"65439a3e","./institute-assets/01_战略核心/压力测试执行手册_极限72小时.md","reference","xu_sir","active"
"0175a3a6","./institute-assets/01_战略核心/完整组织架构_整合版.md","reference","luo_han","active"
"8cda28c5","./institute-assets/01_战略核心/组织架构与职能说明.md","reference","xie_baojian","active"
"7f2149f1","./institute-assets/01_战略核心/完整组织架构.md","reference","xie_baojian","active"
"2cc13593","./institute-assets/01_战略核心/合伙人评估问卷_V2.0_感知力决策版.md","reference","general","active"
"5d7cd373","./institute-assets/01_战略核心/战略核心档案.md","reference","xie_baojian","active"
"eaac370e","./institute-assets/02_版本迭代/五路图腾更新记录_红莲到慧能.md","reference","xu_sir","active"
"2e43a1a6","./institute-assets/02_版本迭代/版本迭代记录.md","reference","xie_baojian","active"
"d12ccfa0","./institute-assets/07_命理内部/命理信息-内部参考.md","reference","xie_baojian","active"
"de015cf9","./institute-assets/08_执行待办/首批客户销售材料_迭代记录.md","reference","xu_sir","active"
"16f308b4","./institute-assets/08_执行待办/33角色完整状态清单.md","reference","luo_han","active"
"fb504f44","./institute-assets/08_执行待办/未明确问题清单.md","reference","luo_han","active"
"e786d3f2","./institute-assets/08_执行待办/现有任务清单.md","reference","xu_sir","active"
"868a2121","./institute-assets/08_执行待办/执行待办清单.md","reference","luo_han","active"
"c8e3ff84","./institute-assets/08_执行待办/每日进度报告_模板示例.md","reference","xu_sir","active"
"91a1e938","./institute-assets/08_执行待办/未明确问题确认汇总.md","reference","xu_sir","active"
"2e6f63f3","./institute-assets/08_执行待办/极限24小时测试材料包.md","reference","xu_sir","active"
"086c7ea5","./institute-assets/08_执行待办/完整任务清单.md","reference","general","active"
"725a3d8a","./institute-assets/08_执行待办/本周执行确认书.md","reference","xu_sir","active"
"1c84f22b","./institute-assets/08_执行待办/EEO首次访谈提纲_银行多岗位经验.md","reference","general","active"
"a37afed8","./institute-assets/08_执行待办/现有任务清单_已确认版.md","reference","xu_sir","active"
"8422395f","./institute-assets/06_反方质疑/V1.0蓝军报告_命理相关质疑提取.md","reference","general","active"
"655884a1","./deliverables/官宣海报设计需求_V1.0.md","reference","liu_honglei","active"
"c3b90eca","./deliverables/WIP-003_五路图腾信息图_设计交付文档.md","reference","general","evolving"
"19e9a891","./deliverables/v1.1_theory_upgrade/assessment/经典理论全面评估报告.md","reference","general","active"
"4edb7147","./deliverables/v1.1_theory_upgrade/skills/mental-accounting-calibrator_design.md","reference","general","active"
"7f7e96a8","./deliverables/v1.1_theory_upgrade/skills/emotional-intelligence-assessment_design.md","reference","general","active"
"526e1221","./deliverables/v1.1_theory_upgrade/skills/game-theory-negotiation.md","reference","general","active"
"9c168846","./deliverables/v1.1_theory_upgrade/skills/principal-agent-analyzer.md","reference","general","active"
"02a43122","./deliverables/v1.1_theory_upgrade/skills/network-value-mapper_design.md","reference","general","active"
"ce473798","./deliverables/v1.1_theory_upgrade/skills/dual-process-decision.md","reference","general","active"
"91b03ee6","./deliverables/v1.1_theory_upgrade/skills/heuristic-bias-detector.md","reference","general","active"
"b4c1a2d2","./deliverables/v1.1_theory_upgrade/skills/psychological-safety-monitor_design.md","reference","general","active"
"322f9db6","./deliverables/v1.1_theory_upgrade/architecture/理论引入SOP_V1.1.md","reference","fang_yifeng","active"
"73bf75aa","./deliverables/v1.1_theory_upgrade/architecture/满意解理论体系V1.1.md","reference","liu_honglei","active"
"0056cf5a","./deliverables/v1.1_theory_upgrade/architecture/品牌话术手册V1.1.md","reference","liu_honglei","active"
"6af6ac88","./deliverables/五路图腾信息图说明.md","reference","general","active"
"b8aeba6f","./deliverables/官宣文章_V1.0.md","reference","general","active"
"b4b204e9","./deliverables/数字资产战略升级/五路六路七路图腾体系升级方案.md","reference","general","active"
"20a83bb3","./deliverables/数字资产战略升级/六线并行工作体系_1.1.md","reference","liu_honglei","active"
"49533614","./deliverables/数字资产战略升级/合伙人案例脱敏表述模板.md","reference","xu_sir","active"
"115273ed","./deliverables/数字资产战略升级/官宣文案_V2.0_双系统经验版.md","reference","general","active"
"d90ecf2c","./deliverables/数字资产战略升级/数字资产板块战略规划_V1.0.md","reference","xie_baojian","active"
"388981c1","./deliverables/数字资产战略升级/22年历程品牌故事_2.0_双系统升级版.md","reference","general","active"
"ce64781b","./deliverables/数字资产战略升级/零基础启动工具包_V2.0_双系统版.md","reference","general","active"
"07cf3007","./deliverables/数字资产战略升级/22年历程品牌故事_1.1.md","reference","liu_honglei","active"
"a202cd5c","./deliverables/数字资产战略升级/专家邀请函_方博士陈博士.md","reference","fang_yifeng","active"
"fe6701b3","./deliverables/数字资产战略升级/00_交付清单.md","reference","liu_honglei","active"
"7c5eb3ae","./deliverables/数字资产战略升级/六人专家网络完整档案_V1.2.md","reference","fang_yifeng","active"
"8234aeb6","./deliverables/数字资产战略升级/复合身份价值主张白皮书.md","reference","liu_honglei","active"
"342fe0f0","./deliverables/数字资产战略升级/品牌故事升级完成报告.md","reference","xie_baojian","active"
"91224918","./deliverables/1.1开创性标志/理论突破与学术价值报告.md","reference","liu_honglei","active"
"d91fab70","./deliverables/1.1开创性标志/零基础惊艳启动执行手册.md","reference","general","active"
"c3b83f36","./deliverables/1.1开创性标志/满意解研究所1.1开创性标志白皮书.md","reference","luo_han","active"
"61d0c025","./deliverables/1.1开创性标志/惊艳亮相30秒话术_震撼版.md","reference","liu_honglei","active"
"e612aea3","./deliverables/WIP-003-完成报告.md","reference","general","evolving"
"f9863ed7","./constructivist-decision-theory/core/MANIFESTO.md","reference","xu_sir","active"
"826c740d","./constructivist-decision-theory/roadmap/RESEARCH_ROADMAP.md","reference","general","active"
"3d3401bd","./constructivist-decision-theory/comparisons/COMPARATIVE_ANALYSIS.md","reference","luo_han","active"
"ae3f46ef","./templates/meeting-minutes.md","reference","xu_sir","active"
"cb5c0ada","./templates/行动项跟踪表模板.md","reference","xu_sir","active"
"6ec49c86","./templates/会议纪要模板V1.0.md","reference","xu_sir","active"
"76672f54","./templates/monthly-retro.md","reference","general","active"
"d3f17ddf","./templates/meeting/morning_standup.md","reference","xu_sir","active"
"5e69cc38","./templates/meeting/thematic_meeting.md","reference","general","active"
"25395a1c","./templates/meeting/evening_review.md","reference","xu_sir","active"
"13238dda","./templates/adhoc-meeting.md","reference","general","active"
"4cd015f2","./templates/case_entry_template.md","reference","xu_sir","active"
"bdcdb117","./templates/tiered_prompt_templates.md","reference","general","active"
"8ed112cc","./templates/notion-meeting-template.md","reference","general","active"
"728b4485","./templates/weekly-meeting.md","reference","general","active"
"d860573c","./strategy/global-brand-strategy/Executive_Summary.md","reference","xie_baojian","active"
"23f12779","./strategy/global-brand-strategy/milestones/Annual_Milestones.md","reference","xie_baojian","active"
"7953ea4b","./strategy/global-brand-strategy/README.md","reference","xie_baojian","active"
"d6d91e27","./strategy/global-brand-strategy/whitepaper/Global_Brand_Strategy_Whitepaper.md","reference","luo_han","active"
"671c8fbf","./strategy/global-brand-strategy/roadmap/5-Year_Roadmap.md","reference","general","active"
"01d274d1","./strategy/global-brand-strategy/resources/Resource_Requirements_Assessment.md","reference","xie_baojian","active"
"d8faa214","./.workspace_optimization/phase4_after_report.md","reference","general","active"
"f4072c3b","./.workspace_optimization/operation_log.md","reference","general","active"
"85150f91","./.workspace_optimization/backup_critical/config/decision-permission-matrix.md","reference","xu_sir","active"
"e45d45a1","./.workspace_optimization/backup_critical/HEARTBEAT.md","reference","xu_sir","active"
"c0b9b723","./.workspace_optimization/backup_critical/memory/2026-03-13_小时协调检查报告_1624.md","reference","liu_honglei","active"
"ce9a0065","./.workspace_optimization/backup_critical/memory/2026-03-13.md","reference","general","active"
"cc45d63c","./.workspace_optimization/backup_critical/memory/2026-03-14.md","reference","xu_sir","active"
"2e364b54","./.workspace_optimization/backup_critical/memory/2026-03-16.md","reference","xu_sir","active"
"65195099","./.workspace_optimization/backup_critical/memory/info-collection/2026-03-16_06-00_hourly.md","reference","general","active"
"d9dac24e","./.workspace_optimization/backup_critical/memory/2026-03-06.md","reference","xu_sir","active"
"fd344fbb","./.workspace_optimization/backup_critical/memory/2026-03-09-回顾清单.md","reference","liu_honglei","active"
"31caa072","./.workspace_optimization/backup_critical/memory/2026-03-14-WIP-004补救报告.md","reference","liu_honglei","evolving"
"9c740d63","./.workspace_optimization/backup_critical/memory/BLUE_TEAM_REPORT_RECEIVED.md","reference","general","active"
"b4a808a3","./.workspace_optimization/backup_critical/memory/2026-03-14-专家邀请函待确认稿.md","reference","liu_honglei","active"
"9841c917","./.workspace_optimization/backup_critical/memory/2026-03-16_小时协调检查报告_1924.md","reference","xu_sir","active"
"66c9532a","./.workspace_optimization/backup_critical/memory/第一性原则强制执行验证报告_2026-03-15.md","reference","liu_honglei","active"
"5dbadcad","./.workspace_optimization/backup_critical/memory/2026-03-13-过期任务补救报告.md","reference","general","active"
"ade2b09b","./.workspace_optimization/backup_critical/memory/2026-03-14_小时协调检查报告_1124.md","reference","xu_sir","active"
"6835b4fb","./.workspace_optimization/backup_critical/memory/reminder-audit-report-2026-03-15.md","reference","general","active"
"d942ca1b","./.workspace_optimization/backup_critical/memory/improvement-report-2026-03-15.md","reference","xu_sir","active"
"fd5b6f11","./.workspace_optimization/backup_critical/memory/task-coordination-2026-03-13-2046.md","reference","general","active"
"ddf4ce68","./.workspace_optimization/backup_critical/memory/2026-03-17.md","reference","general","active"
"32bfa719","./.workspace_optimization/backup_critical/memory/clawhub-install-retry-report-2026-03-13.md","reference","general","active"
"df457c4b","./.workspace_optimization/backup_critical/memory/task-coordination-2026-03-13-2146.md","reference","general","active"
"8357659c","./.workspace_optimization/backup_critical/memory/2026-03-15.md","reference","xu_sir","active"
"94840a8a","./.workspace_optimization/backup_critical/memory/2026-03-14_小时协调检查报告_2024.md","reference","xu_sir","active"
"3961ad53","./.workspace_optimization/backup_critical/memory/TASK_SCAN_REPORT_2026-03-10.md","reference","liu_honglei","active"
"1f77651f","./.workspace_optimization/backup_critical/memory/2026-03-13_小时协调检查报告_2224.md","reference","xu_sir","active"
"c8b22293","./.workspace_optimization/backup_critical/memory/2026-03-13_小时协调检查报告_1724.md","reference","xu_sir","active"
"ea084d58","./.workspace_optimization/backup_critical/memory/2026-03-15-GAME产品化交付.md","reference","luo_han","active"
"990ca676","./.workspace_optimization/backup_critical/memory/2026-03-07.md","reference","xu_sir","active"
"b22721c6","./.workspace_optimization/backup_critical/memory/2026-03-14_小时协调检查报告_0124.md","reference","xu_sir","active"
"5eba3de5","./.workspace_optimization/backup_critical/memory/audit_report_20260315.md","reference","general","active"
"a39acabc","./.workspace_optimization/backup_critical/memory/2026-03-14_小时协调检查报告_2124.md","reference","xu_sir","active"
"4cf5466a","./.workspace_optimization/backup_critical/memory/2026-03-14_小时协调检查报告_0924.md","reference","xu_sir","active"
"d14d3d0a","./.workspace_optimization/backup_critical/memory/hourly_coordination_2026-03-15_1124.md","reference","general","active"
"8f50e730","./.workspace_optimization/backup_critical/memory/RECOVERY_PACKAGE_V1/2026-03-13.md","reference","general","active"
"30bd3e83","./.workspace_optimization/backup_critical/memory/RECOVERY_PACKAGE_V1/URG-001-完成报告.md","reference","xu_sir","active"
"fe2fdd5f","./.workspace_optimization/backup_critical/memory/RECOVERY_PACKAGE_V1/README.md","reference","xu_sir","active"
"24467cc1","./.workspace_optimization/backup_critical/memory/RECOVERY_PACKAGE_V1/USER.md","reference","general","active"
"ec3e72c6","./.workspace_optimization/backup_critical/memory/RECOVERY_PACKAGE_V1/DISASTER_RECOVERY_V1.md","reference","xu_sir","active"
"bd302544","./.workspace_optimization/backup_critical/memory/RECOVERY_PACKAGE_V1/MEMORY.md","reference","xu_sir","active"
"f0b81a61","./.workspace_optimization/backup_critical/memory/RECOVERY_PACKAGE_V1/SOUL.md","reference","xu_sir","active"
"7693da41","./.workspace_optimization/backup_critical/memory/RECOVERY_PACKAGE_V1/IDENTITY.md","reference","xu_sir","active"
"49721ca5","./.workspace_optimization/backup_critical/memory/working/egbertie-today-tasks-5.md","reference","fang_yifeng","active"
"98ba5b1c","./.workspace_optimization/backup_critical/memory/working/cron_optimization_C_deployed.md","reference","general","active"
"9de261fb","./.workspace_optimization/backup_critical/memory/working/token_optimization_strategy.md","reference","general","active"
"e2fdeb9b","./.workspace_optimization/backup_critical/memory/working/current_context.md","reference","general","active"
"db222fd5","./.workspace_optimization/backup_critical/memory/working/superpowers_security_audit.md","reference","general","active"
"ed1025dc","./.workspace_optimization/backup_critical/memory/working/resource-execution-handbook.md","reference","xu_sir","active"
"c62d688a","./.workspace_optimization/backup_critical/memory/working/academic_deep_research_architecture.md","reference","xu_sir","active"
"598fa9e3","./.workspace_optimization/backup_critical/memory/working/epic_upgrade_tasklist.md","reference","luo_han","active"
"25a0762f","./.workspace_optimization/backup_critical/memory/working/today_research_tasks.md","reference","liu_honglei","active"
"c3e6ffa2","./.workspace_optimization/backup_critical/memory/working/encyclopedia_v1.1_text.md","reference","liu_honglei","active"
"5e254de3","./.workspace_optimization/backup_critical/memory/working/skill_treasure_hunt.md","methodology","xu_sir","active"
"b1a5def1","./.workspace_optimization/backup_critical/memory/working/night_research_expert_enhancement.md","reference","liu_honglei","active"
"0ea7d161","./.workspace_optimization/backup_critical/memory/working/file_upload_integrity_check_20260318.md","reference","luo_han","active"
"6c349f9f","./.workspace_optimization/backup_critical/memory/working/totem_expert_integration.md","reference","luo_han","active"
"555a59f3","./.workspace_optimization/backup_critical/memory/intelligence/info-collection-2026-03-15-1700.md","reference","xu_sir","active"
"e9ec0827","./.workspace_optimization/backup_critical/memory/2026-03-09.md","reference","liu_honglei","active"
"8ad1d4ad","./.workspace_optimization/backup_critical/memory/2026-03-10.md","reference","xu_sir","active"
"62d504cc","./.workspace_optimization/backup_critical/memory/conversation-summary-2026-03-15.md","reference","xu_sir","active"
"acd4ccc9","./.workspace_optimization/backup_critical/memory/hourly-check-2026-03-15-0624.md","reference","general","active"
"07582daf","./.workspace_optimization/backup_critical/memory/2026-03-15_小时协调检查报告_0424.md","reference","liu_honglei","active"
"5c5ee51b","./.workspace_optimization/backup_critical/memory/2026-03-15_小时协调检查报告_0124.md","reference","liu_honglei","active"
"8258d651","./.workspace_optimization/backup_critical/memory/2026-03-08.md","reference","liu_honglei","active"
"a339a852","./.workspace_optimization/backup_critical/memory/2026-03-08_重启状态保存.md","reference","xu_sir","active"
"3ed13b8d","./.workspace_optimization/backup_critical/memory/2026-03-10-遗忘任务补救报告.md","reference","general","active"
"7e1c75b4","./.workspace_optimization/backup_critical/memory/2026-03-14-WIP-003状态核查报告.md","reference","xu_sir","evolving"
"20ab2f45","./.workspace_optimization/backup_critical/memory/2026-03-14_小时协调检查报告_0024.md","reference","liu_honglei","active"
"afb8d230","./.workspace_optimization/backup_critical/memory/quick-replenishment-2026-03-15-1220.md","reference","liu_honglei","active"
"0bff62e5","./.workspace_optimization/backup_critical/memory/2026-03-18.md","reference","liu_honglei","active"
"60160f37","./.workspace_optimization/backup_critical/memory/archive/wulu_totem_system.md","reference","liu_honglei","archived"
"94a1f0cd","./.workspace_optimization/backup_critical/memory/archive/skill_system.md","methodology","general","archived"
"fbaf15e3","./.workspace_optimization/backup_critical/memory/archive/egbertie_full_profile.md","reference","liu_honglei","archived"
"0b0c3aff","./.workspace_optimization/backup_critical/memory/archive/project_history_2026-03.md","reference","xie_baojian","archived"
"1d7b456c","./.workspace_optimization/backup_critical/memory/archive/working_principles.md","reference","xu_sir","archived"
"c1e693a3","./.workspace_optimization/backup_critical/README.md","reference","general","active"
"80eeff48","./.workspace_optimization/backup_critical/USER.md","reference","general","active"
"e1f5eaa4","./.workspace_optimization/backup_critical/MEMORY.md","reference","liu_honglei","active"
"334eaff6","./.workspace_optimization/backup_critical/AGENTS.md","reference","xu_sir","active"
"45357060","./.workspace_optimization/backup_critical/docs/FIRST_PRINCIPLE_AUDIT_FULL_2026-03-15.md","reference","xie_baojian","active"
"b064c36e","./.workspace_optimization/backup_critical/docs/SKILL_ASSESSMENT_QUEUE.md","methodology","general","active"
"7c1b1c23","./.workspace_optimization/backup_critical/docs/CRON_OPTIMIZATION_V1.1_IMPLEMENTATION.md","implementation","general","active"
"20e2566b","./.workspace_optimization/backup_critical/docs/INSPECTION_COMPLETION_REPORT.md","reference","general","active"
"c9c648f0","./.workspace_optimization/backup_critical/docs/AI_TEAM_SKILL_ASSIGNMENTS.md","methodology","xu_sir","active"
"a3cdefa8","./.workspace_optimization/backup_critical/docs/CRON_DAILY_MERGE_V1.2.md","reference","general","active"
"c3e43e55","./.workspace_optimization/backup_critical/docs/NOTION_SYNC_RETRY_REPORT.md","reference","general","active"
"6090f515","./.workspace_optimization/backup_critical/docs/FIRST_PRINCIPLE_UPGRADE_V1.1_PLAN.md","reference","xie_baojian","active"
"f7094a5a","./.workspace_optimization/backup_critical/docs/零成本启动工具包.md","reference","general","active"
"c03a12f6","./.workspace_optimization/backup_critical/docs/首月内容日历.md","reference","general","active"
"9ab98b6c","./.workspace_optimization/backup_critical/docs/GITHUB_SECRETS_CLEANUP_REPORT.md","reference","general","active"
"2737f1bd","./.workspace_optimization/backup_critical/docs/NOTION_CRM_PM_SETUP.md","reference","xu_sir","active"
"d0626290","./.workspace_optimization/backup_critical/docs/KIMI_CODE_COLLABORATION.md","reference","general","active"
"cdd9a140","./.workspace_optimization/backup_critical/docs/CONTINUOUS_OPTIMIZATION_SYSTEM_V1.0.md","reference","general","active"
"703f7f10","./.workspace_optimization/backup_critical/docs/FIRST_PRINCIPLE_DEEP_AUDIT_V2_START.md","reference","xie_baojian","active"
"b8212be0","./.workspace_optimization/backup_critical/docs/COMPREHENSIVE_AUDIT_2026-03-10.md","reference","xu_sir","active"
"493f1f46","./.workspace_optimization/backup_critical/docs/PROSPECT_THEORY_FRAMEWORK.md","reference","luo_han","active"
"640315b6","./.workspace_optimization/backup_critical/docs/BLUE_TEAM_OPINION_V1.0.md","reference","liu_honglei","active"
"4e5b5dbe","./.workspace_optimization/backup_critical/docs/SYNC_COMPLETION_REPORT_2026-03-15.md","reference","general","active"
"d6f92ad2","./.workspace_optimization/backup_critical/docs/LEARNING_COMMUNITY.md","reference","xie_baojian","active"
"be5fc768","./.workspace_optimization/backup_critical/docs/BRAND_MESSAGING_V2.0.md","reference","general","active"
"7f4a9c8b","./.workspace_optimization/backup_critical/docs/MEETING_SCHEDULE.md","reference","general","active"
"20b6e4f5","./.workspace_optimization/backup_critical/docs/FEISHU_TECH_ISSUES_SUMMARY.md","reference","xu_sir","active"
"bebcd855","./.workspace_optimization/backup_critical/docs/INTEGRATION_SUMMARY_V1.0.md","reference","general","active"
"8e12a3f0","./.workspace_optimization/backup_critical/docs/3月25日官宣执行清单.md","reference","general","active"
"c80ac4e1","./.workspace_optimization/backup_critical/docs/五路图腾_水墨风_Prompts.md","reference","general","active"
"3d81d07f","./.workspace_optimization/backup_critical/docs/GITHUB_ACTIONS_SETUP_DETAILED.md","reference","general","active"
"acf9145a","./.workspace_optimization/backup_critical/docs/INFO_COLLECTION_PRIORITY_PLAN.md","reference","general","active"
"df0366d6","./.workspace_optimization/backup_critical/docs/内部会议机制制度V1.0.md","reference","xie_baojian","active"
"8d398374","./.workspace_optimization/backup_critical/docs/CONTEXT_MANAGEMENT_RULES.md","reference","xu_sir","active"
"7d9f13df","./.workspace_optimization/backup_critical/docs/QUALITY_SAFETY_MANAGEMENT_GUIDE.md","reference","xu_sir","active"
"dac6a908","./.workspace_optimization/backup_critical/docs/SKILL_MANAGEMENT_RULES.md","methodology","general","active"
"5130a3f6","./.workspace_optimization/backup_critical/docs/MENTOR_SYSTEM.md","reference","xie_baojian","active"
"fc340ac8","./.workspace_optimization/backup_critical/docs/CRON_COMPREHENSIVE_OPTIMIZATION_START.md","reference","general","active"
"bb4eb998","./.workspace_optimization/backup_critical/docs/FIRST_PRINCIPLE_FULL_AUDIT_START.md","reference","xie_baojian","active"
"b83202c3","./.workspace_optimization/backup_critical/docs/ZERO_IDLE_ADJUSTMENT_2026-03-15.md","reference","general","active"
"af4b1e5c","./.workspace_optimization/backup_critical/docs/GITHUB_ACTIONS_SETUP_GUIDE.md","reference","general","active"
"31a5d205","./.workspace_optimization/backup_critical/docs/ALPHAGO_INSIGHTS_RESEARCH_CAPABILITY_ROADMAP.md","reference","luo_han","active"
"61242f60","./.workspace_optimization/backup_critical/docs/WEBHOOK_SETUP_QUICK.md","reference","general","active"
"7c794c74","./.workspace_optimization/backup_critical/docs/DAILY_CRON_MERGE_START.md","reference","general","active"
"15374519","./.workspace_optimization/backup_critical/docs/SATISFICING_PARTNERSHIP_V1.0.md","reference","liu_honglei","active"
"207dad92","./.workspace_optimization/backup_critical/docs/SOP_MANUAL.md","reference","xu_sir","active"
"39df8628","./.workspace_optimization/backup_critical/docs/cron_optimization_evaluation.md","reference","xu_sir","active"
"5e5f6927","./.workspace_optimization/backup_critical/docs/CRON_MERGE_OPTION_C_PLUS.md","reference","general","active"
"4a820690","./.workspace_optimization/backup_critical/docs/SATISFICING_INDEX_V1.0.md","reference","general","active"
"b59889e3","./.workspace_optimization/backup_critical/docs/meeting/first_meeting.md","reference","general","active"
"b31ad61d","./.workspace_optimization/backup_critical/docs/meeting/meeting_tools.md","reference","general","active"
"946d649e","./.workspace_optimization/backup_critical/docs/meeting/meeting_policy.md","reference","xie_baojian","active"
"9372ed9a","./.workspace_optimization/backup_critical/docs/meeting/meeting_template.md","reference","general","active"
"43dc9877","./.workspace_optimization/backup_critical/docs/MEETING_SYSTEM_V1.0.md","reference","general","active"
"1a9caca2","./.workspace_optimization/backup_critical/docs/DISASTER_RECOVERY_V1.md","reference","xu_sir","active"
"403d6a80","./.workspace_optimization/backup_critical/docs/COMPREHENSIVE_AUDIT_5TH_2026-03-10.md","reference","general","active"
"7a2f58bf","./.workspace_optimization/backup_critical/docs/AI_TEAM_EXCLUSIVE_SKILLS_V2.md","methodology","xie_baojian","active"
"c1b0ea81","./.workspace_optimization/backup_critical/docs/AI_TEAM_SUPER_WEAPONS_V3.md","reference","xie_baojian","active"
"30c5aa08","./.workspace_optimization/backup_critical/docs/GITHUB_ACTIONS_QUICK_SETUP.md","reference","general","active"
"96d7f29d","./.workspace_optimization/backup_critical/docs/SATISFICING_BOUNDARY_GUARD_V1.0.md","reference","xie_baojian","active"
"00f432b3","./.workspace_optimization/backup_critical/docs/P0_EXECUTION_PLAN.md","reference","xu_sir","active"
"13d4ae98","./.workspace_optimization/backup_critical/docs/SKILL_INBOUND_SOP_V1.md","methodology","general","active"
"e43126ce","./.workspace_optimization/backup_critical/docs/BACKUP_CHECKLIST_DAILY.md","reference","xu_sir","active"
"a3263ba9","./.workspace_optimization/backup_critical/docs/BACKUP_DISASTER_RECOVERY_v3.md","reference","xu_sir","active"
"3ee43a02","./.workspace_optimization/backup_critical/docs/零基础低投入启动方案V1.1.md","reference","liu_honglei","active"
"09a93b31","./.workspace_optimization/backup_critical/docs/SATISFICING_NOT_TODO_V1.0.md","reference","general","active"
"e3de958c","./.workspace_optimization/backup_critical/docs/SKILL_ASSESSMENT_V2.md","methodology","xu_sir","active"
"6a6321dc","./.workspace_optimization/backup_critical/docs/COMPREHENSIVE_AUDIT_4TH_2026-03-10.md","reference","general","active"
"dd3af45f","./.workspace_optimization/backup_critical/docs/API_INVENTORY.md","reference","xu_sir","active"
"e35ec7da","./.workspace_optimization/backup_critical/docs/FIVE_TOTEMS_V2.5_COGNITIVE.md","reference","general","active"
"5cbd4dce","./.workspace_optimization/backup_critical/docs/COLLABORATION_OPTIMIZATION_ANALYSIS.md","reference","xu_sir","active"
"151dd6ec","./.workspace_optimization/backup_critical/docs/MANAGEMENT_RULES.md","reference","xie_baojian","active"
"69d0dbdd","./.workspace_optimization/backup_critical/docs/DISASTER_RECOVERY_PLAN_V1.0.md","reference","xu_sir","active"
"fb51cd74","./.workspace_optimization/backup_critical/docs/DEEP_OPTIMIZATION_V2.0_PLAN.md","reference","general","active"
"150b5ebf","./.workspace_optimization/backup_critical/docs/FIRST_PRINCIPLE_OPTIMIZATION_REPORT.md","reference","general","active"
"44114325","./.workspace_optimization/backup_critical/docs/NOTION_SYNC_BATCH_1_REPORT.md","reference","general","active"
"a98ed3fe","./.workspace_optimization/backup_critical/docs/ANTI_FAILURE_GUARANTEE.md","reference","general","active"
"66c9d57a","./.workspace_optimization/backup_critical/docs/AI_LEARNING_METHODOLOGY.md","reference","liu_honglei","active"
"b4118490","./.workspace_optimization/backup_critical/docs/INTEGRITY_CHECK_EXAMPLE.md","reference","general","active"
"72c8085a","./.workspace_optimization/backup_critical/docs/V1_0_OPTIMIZATION_PLAN.md","reference","xu_sir","active"
"0549f1dc","./.workspace_optimization/backup_critical/docs/CONTINUOUS_IMPROVEMENT_SYSTEM_V1.md","reference","general","active"
"40f46195","./.workspace_optimization/backup_critical/docs/RED_LINE_RULES.md","reference","xu_sir","active"
"07ca49aa","./.workspace_optimization/backup_critical/docs/SKILL_UPGRADE_REPORT_20260314.md","methodology","general","active"
"3dea498a","./.workspace_optimization/backup_critical/docs/KIMI_MEMBERSHIP_FULL_PLAN.md","reference","luo_han","active"
"1f3d3342","./.workspace_optimization/backup_critical/docs/PROSPECT_THEORY_SUMMARY.md","reference","luo_han","active"
"2fd4a434","./.workspace_optimization/backup_critical/docs/cron_optimization_design_C.md","reference","general","active"
"fef6e10f","./.workspace_optimization/backup_critical/docs/THEORY_EVOLUTION_ROADMAP.md","reference","xie_baojian","active"
"9e2ab7ff","./.workspace_optimization/backup_critical/docs/GITHUB_MODELS_SETUP.md","reference","general","active"
"087fa42d","./.workspace_optimization/backup_critical/docs/SKILL_UPLOAD_EVALUATION.md","methodology","xu_sir","active"
"fa7d3cac","./.workspace_optimization/backup_critical/docs/FIRST_PRINCIPLES_MCP_PLAN.md","reference","general","active"
"67e19c15","./.workspace_optimization/backup_critical/docs/CRON_CONFIG_UPDATE_V3.0.md","reference","general","active"
"83cb4bda","./.workspace_optimization/backup_critical/docs/FEISHU_ALTERNATIVE_SOLUTIONS.md","reference","xu_sir","active"
"37f40a80","./.workspace_optimization/backup_critical/docs/SELF_DEVELOPED_CRM_PM_PLAN.md","reference","xu_sir","active"
"7e6160c1","./.workspace_optimization/backup_critical/docs/SPACE_MANAGEMENT.md","reference","general","active"
"9cae7581","./.workspace_optimization/backup_critical/docs/GROWTH_PATH_5_LEVELS.md","reference","xu_sir","active"
"c3d9a2a2","./.workspace_optimization/backup_critical/docs/SEVERE_OMISSIONS_REMEDY.md","reference","general","active"
"844fddda","./.workspace_optimization/backup_critical/docs/阻塞任务处理_最终报告.md","reference","xie_baojian","active"
"d71b0f5e","./.workspace_optimization/backup_critical/docs/SKILL_DEV_MASTER_PLAN.md","methodology","xie_baojian","active"
"3f6fff9b","./.workspace_optimization/backup_critical/docs/五路图腾_AI生成提示词.md","reference","xu_sir","active"
"8f74ff59","./.workspace_optimization/backup_critical/docs/CONTENT_MATRIX_Q2_PROSPECT.md","reference","xie_baojian","active"
"0bbf5688","./.workspace_optimization/backup_critical/docs/CRON_CONTINUOUS_IMPROVEMENT_SYSTEM.md","reference","general","active"
"9f72818a","./.workspace_optimization/backup_critical/docs/RESOURCE_ALLOCATION_PLAN.md","reference","xu_sir","active"
"29f04f56","./.workspace_optimization/backup_critical/docs/cron_optimization_summary.md","reference","general","active"
"b1570b28","./.workspace_optimization/backup_critical/docs/ZERO_IDLE_ENFORCEMENT_V2.md","reference","general","active"
"c63add87","./.workspace_optimization/backup_critical/docs/API_SETUP_GUIDE.md","reference","general","active"
"b2fb4a76","./.workspace_optimization/backup_critical/docs/INFO_COLLECTION_SKILL_MASTER_PLAN.md","methodology","xu_sir","active"
"0954fac5","./.workspace_optimization/backup_critical/docs/CONSISTENCY_CHECK_REPORT_V1.0.md","reference","general","active"
"1cc6e09c","./.workspace_optimization/backup_critical/docs/CRON_ROLLBACK_GUIDE.md","reference","xu_sir","active"
"6343fb11","./.workspace_optimization/backup_critical/docs/SKILL_INTEGRATION_PLAN_V1.md","methodology","xu_sir","active"
"6b8f8337","./.workspace_optimization/backup_critical/docs/GITHUB_ACTIONS_SETUP.md","reference","general","active"
"b53577b6","./.workspace_optimization/backup_critical/docs/ZERO_IDLE_DISABLE_CONFIRMATION_2026-03-15.md","reference","general","active"
"7187613c","./.workspace_optimization/backup_critical/docs/SKILL_BATCH_ASSESSMENT.md","methodology","general","active"
"f1ffb7e9","./.workspace_optimization/backup_critical/docs/COMPREHENSIVE_AUDIT_3RD_2026-03-10.md","reference","xu_sir","active"
"9aa5bf19","./.workspace_optimization/backup_critical/docs/CRON_EXECUTION_COMPLETE_REPORT.md","reference","general","active"
"4973e838","./.workspace_optimization/backup_critical/docs/专家资料收集模板.md","reference","xu_sir","active"
"612cf837","./.workspace_optimization/backup_critical/docs/阻塞任务处理_交付物清单.md","reference","xu_sir","active"
"782a4345","./.workspace_optimization/backup_critical/docs/TASK_MASTER.md","reference","liu_honglei","active"
"cde96e62","./.workspace_optimization/backup_critical/docs/WORKSPACE_ARCHITECTURE_V2.0.md","reference","general","active"
"6edf4f0a","./.workspace_optimization/backup_critical/docs/SIMPLIFIED_COMMAND_LIST_V1.md","implementation","general","active"
"2a6b6c45","./.workspace_optimization/backup_critical/docs/NOTION_SYNC_V4_REPORT.md","reference","general","active"
"686a9906","./.workspace_optimization/backup_critical/docs/MANAGEMENT_RULES_APPENDIX.md","reference","xu_sir","active"
"e8ba99ca","./.workspace_optimization/backup_critical/docs/MEETING_PROTOCOL_V1.md","reference","xie_baojian","active"
"071e92e7","./.workspace_optimization/backup_critical/docs/CONTEXT_OPTIMIZATION_PLAN_A.md","reference","general","active"
"d917bddd","./.workspace_optimization/backup_critical/docs/SATISFICING_SCOPE_V1.0.md","reference","xu_sir","active"
"b4798695","./.workspace_optimization/backup_critical/docs/阻塞任务处理报告_2026-03-13.md","reference","liu_honglei","active"
"6cea2240","./.workspace_optimization/backup_critical/docs/EVOLUTION_ROADMAP_V2.0.md","reference","general","active"
"6a2e7477","./.workspace_optimization/backup_critical/docs/DEAD_ANGLE_AND_VULNERABILITY_REPORT.md","reference","general","active"
"3d050a7f","./.workspace_optimization/backup_critical/docs/PROJECT_CHARTER.md","reference","luo_han","active"
"35516fc5","./.workspace_optimization/backup_critical/docs/THEORY_INTRODUCTION_SOP.md","reference","liu_honglei","active"
"39cc9f6b","./.workspace_optimization/backup_critical/docs/MANAGEMENT_RULES_V2.md","reference","xie_baojian","active"
"cf8b33ee","./.workspace_optimization/backup_critical/docs/RESOURCE_SUPPORT_SYSTEM.md","reference","luo_han","active"
"aac51484","./.workspace_optimization/backup_critical/docs/种子客户触达话术.md","reference","general","active"
"7544f426","./.workspace_optimization/backup_critical/docs/CRON_MERGE_OPTIMIZATION_START.md","reference","general","active"
"7c80b280","./.workspace_optimization/backup_critical/docs/SATISFICING_YEAR1_PLAN_V1.0.md","reference","general","active"
"38304737","./.workspace_optimization/backup_critical/docs/THEORY_INTEGRATION_FRAMEWORK_V2.0.md","reference","liu_honglei","active"
"3577c419","./.workspace_optimization/backup_critical/docs/文件格式读取技术研究报告.md","reference","general","active"
"896868e0","./.workspace_optimization/backup_critical/docs/CRON_INITIALIZATION_REPORT.md","reference","general","active"
"4e69d94b","./.workspace_optimization/backup_critical/docs/SUPER_UPGRADE_PLAN_V1.md","reference","xu_sir","active"
"b69c538e","./.workspace_optimization/backup_critical/docs/NOTEBOOKLM_INSPIRED_SKILLS.md","methodology","xu_sir","active"
"80e0f5c2","./.workspace_optimization/backup_critical/docs/SECURITY_CONTINUOUS_IMPROVEMENT.md","reference","general","active"
"8577a318","./.workspace_optimization/backup_critical/docs/MEETING_PROTOCOL.md","reference","xu_sir","active"
"5ecb7763","./.workspace_optimization/backup_critical/docs/ORGANIZATION_BUILDING_PLAN_V1.0.md","reference","xie_baojian","active"
"2b21977f","./.workspace_optimization/backup_critical/docs/WECHAT_WORK_BOT_SETUP.md","reference","general","active"
"d4d4fabc","./.workspace_optimization/backup_critical/docs/meetings/TEMPLATE.md","reference","xu_sir","active"
"d9cbc003","./.workspace_optimization/backup_critical/docs/FEISHU_PERMISSION_GUIDE.md","reference","general","active"
"cde5e59c","./.workspace_optimization/backup_critical/docs/FIRST_PRINCIPLE_CONTINUOUS_SYSTEM.md","reference","general","active"
"bba49f28","./.workspace_optimization/backup_critical/docs/五路图腾_国潮风_Prompts.md","reference","general","active"
"dc69930c","./.workspace_optimization/backup_critical/docs/WECHAT_WORK_GROUP_BOT.md","reference","xu_sir","active"
"9339762c","./.workspace_optimization/backup_critical/docs/SKILL_DOWNLOAD_TRACKER.md","methodology","general","active"
"8af49c85","./.workspace_optimization/backup_critical/docs/INTERNAL_MEETING_PROTOCOL_V1.md","reference","general","active"
"5bcf8666","./.workspace_optimization/backup_critical/docs/用户协助清单_2026-03-13.md","reference","general","active"
"0c5c2261","./.workspace_optimization/backup_critical/docs/GROWTH_TIMELINE.md","reference","xu_sir","active"
"1e84ef6b","./.workspace_optimization/backup_critical/docs/五路图腾_极简风_Prompts.md","reference","general","active"
"6049a433","./.workspace_optimization/backup_critical/docs/PROSPECT_THEORY_APPLICATION.md","reference","general","active"
"20e71520","./.workspace_optimization/backup_critical/docs/CHANNEL_TOPIC_GUIDE.md","reference","liu_honglei","active"
"8eb4f4be","./.workspace_optimization/backup_critical/SOUL.md","reference","xu_sir","active"
"61141147","./.workspace_optimization/backup_critical/skills/ai-social-media-content/SKILL.md","methodology","xu_sir","active"
"52b1a2b4","./.workspace_optimization/backup_critical/skills/channel-script-generator/SKILL.md","methodology","general","active"
"5717cc99","./.workspace_optimization/backup_critical/skills/unified-workflow-suite/SKILL.md","methodology","general","active"
"21981b58","./.workspace_optimization/backup_critical/skills/cron-optimization-manager/templates/optimization_plan.md","reference","general","active"
"714916b6","./.workspace_optimization/backup_critical/skills/cron-optimization-manager/templates/weekly_report.md","reference","general","active"
"484d1d1d","./.workspace_optimization/backup_critical/skills/cron-optimization-manager/templates/audit_template.md","reference","general","active"
"67ab921d","./.workspace_optimization/backup_critical/skills/cron-optimization-manager/SKILL.md","methodology","xu_sir","active"
"3584dc9b","./.workspace_optimization/backup_critical/skills/kimi-code/SKILL.md","methodology","xu_sir","active"
"f000a6db","./.workspace_optimization/backup_critical/skills/organization-building/SKILL.md","methodology","xie_baojian","active"
"2e8ce8d8","./.workspace_optimization/backup_critical/skills/multi-format-output-evolution/SKILL.md","methodology","general","active"
"f2e2cc9e","./.workspace_optimization/backup_critical/skills/langchain-assistant/SKILL.md","methodology","xu_sir","active"
"ffb5b059","./.workspace_optimization/backup_critical/skills/obsidian/SKILL.md","methodology","general","active"
"9830bd0e","./.workspace_optimization/backup_critical/skills/decision-governance/SKILL.md","methodology","xie_baojian","active"
"3394c9b7","./.workspace_optimization/backup_critical/skills/multi-format-delivery/SKILL.md","methodology","general","active"
"05e6f249","./.workspace_optimization/backup_critical/skills/auto-redbook-skills/19cec318-ad72-8e41-8000-0000119132f8_content_auto_fit.md","reference","general","active"
"8f9aec40","./.workspace_optimization/backup_critical/skills/auto-redbook-skills/tips.md","reference","xu_sir","active"
"2eaa5278","./.workspace_optimization/backup_critical/skills/auto-redbook-skills/SKILL.md","methodology","xu_sir","active"
"d6173177","./.workspace_optimization/backup_critical/skills/auto-redbook-skills/19cec32a-4b12-80c9-8000-00000e93fde5_example.md","reference","general","active"
"7d036a68","./.workspace_optimization/backup_critical/skills/auto-redbook-skills/19cec318-ad82-8cf2-8000-0000faa850b8_content.md","reference","general","active"
"d4651346","./.workspace_optimization/backup_critical/skills/unified-collaboration-suite/SKILL.md","methodology","general","active"
"02298e11","./.workspace_optimization/backup_critical/skills/workspace-integrity-guardian/SKILL.md","methodology","general","active"
"dec4e2b8","./.workspace_optimization/backup_critical/skills/task-coordinator/INITIAL_FINDINGS.md","reference","general","active"
"d0020558","./.workspace_optimization/backup_critical/skills/task-coordinator/DATABASE_FIX_REPORT.md","reference","general","active"
"ab5603a3","./.workspace_optimization/backup_critical/skills/task-coordinator/tests/QUALITY_ASSESSMENT_REPORT.md","reference","xu_sir","active"
"215ec783","./.workspace_optimization/backup_critical/skills/task-coordinator/tests/QUALITY_ASSESSMENT_REPORT_FINAL.md","reference","xu_sir","active"
"29b7666a","./.workspace_optimization/backup_critical/skills/task-coordinator/tests/test_plan.md","reference","xu_sir","active"
"1bbfcd33","./.workspace_optimization/backup_critical/skills/task-coordinator/V2_DEPLOYMENT_REPORT.md","reference","general","active"
"9070e618","./.workspace_optimization/backup_critical/skills/task-coordinator/SKILL.md","methodology","general","active"
"ff850269","./.workspace_optimization/backup_critical/skills/task-coordinator/DEPLOYMENT_REPORT.md","reference","general","active"
"7389a278","./.workspace_optimization/backup_critical/skills/unified-security-suite/SKILL.md","methodology","general","active"
"9df62bd1","./.workspace_optimization/backup_critical/skills/social-media-content-calendar/SKILL.md","methodology","general","active"
"5aa91159","./.workspace_optimization/backup_critical/skills/firecrawl-search/api.md","reference","general","active"
"7e7032d5","./.workspace_optimization/backup_critical/skills/firecrawl-search/SKILL.md","methodology","general","active"
"0591d6b2","./.workspace_optimization/backup_critical/skills/evolution-experiment-lab/templates/experiment-design-template.md","reference","general","active"
"76804520","./.workspace_optimization/backup_critical/skills/evolution-experiment-lab/SKILL.md","methodology","general","active"
"46d1ddfe","./.workspace_optimization/backup_critical/skills/sop-standard-operations/SKILL.md","methodology","xu_sir","active"
"859f166b","./.workspace_optimization/backup_critical/skills/wecom-doc-sync/SKILL.md","methodology","general","active"
"6dfda27d","./.workspace_optimization/backup_critical/skills/kimi-membership-features/references/kimi-function-prompts.md","reference","general","active"
"48b26dc0","./.workspace_optimization/backup_critical/skills/kimi-membership-features/references/kimi-prompts-v2.md","reference","general","active"
"041333f4","./.workspace_optimization/backup_critical/skills/kimi-membership-features/references/membership-benefits-guide.md","reference","general","active"
"034f477a","./.workspace_optimization/backup_critical/skills/kimi-membership-features/SKILL.md","methodology","xu_sir","active"
"5745425e","./.workspace_optimization/backup_critical/skills/effective-meeting/SKILL.md","methodology","general","active"
"f0593d67","./.workspace_optimization/backup_critical/skills/unified-governance-suite/SKILL.md","methodology","general","active"
"88ff026d","./.workspace_optimization/backup_critical/skills/behavioral-design/SKILL.md","methodology","general","active"
"22526805","./.workspace_optimization/backup_critical/skills/jina-ai-reader/SKILL.md","methodology","xu_sir","active"
"16a593f5","./.workspace_optimization/backup_critical/skills/tavily/SKILL.md","methodology","xu_sir","active"
"306ee37f","./.workspace_optimization/backup_critical/skills/tavily/api-reference.md","reference","xu_sir","active"
"7fbe6b65","./.workspace_optimization/backup_critical/skills/notion-api-skill/SKILL.md","methodology","general","active"
"0dd107e7","./.workspace_optimization/backup_critical/skills/template/SKILL_TEMPLATE.md","methodology","general","active"
"e1fb1073","./.workspace_optimization/backup_critical/skills/knowledge-collection-iteration/SKILL.md","methodology","xu_sir","active"
"83dd0651","./.workspace_optimization/backup_critical/skills/INFO_COLLECTION_README.md","reference","xu_sir","active"
"3c18a480","./.workspace_optimization/backup_critical/skills/unified-automation-suite/SKILL.md","methodology","general","active"
"13a80bf8","./.workspace_optimization/backup_critical/skills/feishu-send-file/SKILL.md","methodology","xu_sir","active"
"583c410c","./.workspace_optimization/backup_critical/skills/multi-agent-debater/SKILL.md","methodology","liu_honglei","active"
"564d656f","./.workspace_optimization/backup_critical/skills/expert-profile-manager/SKILL.md","methodology","liu_honglei","active"
"3cafe728","./.workspace_optimization/backup_critical/skills/unified-dashboard-suite/SKILL.md","methodology","general","active"
"13d941a9","./.workspace_optimization/backup_critical/skills/content-distribution-engine/SKILL_UPGRADE_PLAN.md","methodology","xu_sir","active"
"3776d681","./.workspace_optimization/backup_critical/skills/content-distribution-engine/SKILL.md","methodology","general","active"
"4e99abb5","./.workspace_optimization/backup_critical/skills/economic-intelligence/SKILL.md","methodology","xu_sir","active"
"b5e6ad2a","./.workspace_optimization/backup_critical/skills/skill-quality-assessment/SKILL.md","methodology","xu_sir","active"
"2315e244","./.workspace_optimization/backup_critical/skills/copywriting-zh-pro/SKILL.md","methodology","general","active"
"7abc089a","./.workspace_optimization/backup_critical/skills/client-persona-simulator/SKILL.md","methodology","general","active"
"a66313b6","./.workspace_optimization/backup_critical/skills/activecampaign/SKILL.md","methodology","xu_sir","active"
"ebadddd6","./.workspace_optimization/backup_critical/skills/agentic-workflow-automation/SKILL.md","methodology","general","active"
"7e6af7df","./.workspace_optimization/backup_critical/skills/agentic-workflow-automation/19ceceb3-40e2-83cc-8000-000043c54635_workflow-blueprint-guide.md","reference","general","active"
"35731032","./.workspace_optimization/backup_critical/skills/satisficing-web-fetcher/SECURITY_POLICY.md","reference","general","active"
"08076742","./.workspace_optimization/backup_critical/skills/satisficing-web-fetcher/README.md","reference","general","active"
"90d05a66","./.workspace_optimization/backup_critical/skills/satisficing-web-fetcher/SKILL.md","methodology","general","active"
"fac82883","./.workspace_optimization/backup_critical/skills/satisficing-web-fetcher/ASSESSMENT_REPORT.md","reference","xu_sir","active"
"c8db5b8a","./.workspace_optimization/backup_critical/skills/unified-media-suite/SKILL.md","methodology","general","active"
"3ff0b3d8","./.workspace_optimization/backup_critical/skills/first-principles-work/SKILL.md","methodology","xu_sir","active"
"4211577d","./.workspace_optimization/backup_critical/skills/document-processor/SKILL.md","methodology","general","active"
"9ee40700","./.workspace_optimization/backup_critical/skills/adwords/tips.md","reference","xu_sir","active"
"4f32ce2f","./.workspace_optimization/backup_critical/skills/adwords/SKILL.md","methodology","xu_sir","active"
"9ac992ac","./.workspace_optimization/backup_critical/skills/marketing-content-generator/SKILL.md","methodology","xu_sir","active"
"a1ae5d18","./.workspace_optimization/backup_critical/skills/marketing-content-generator/QUICKSTART.md","reference","xu_sir","active"
"2abf93e0","./.workspace_optimization/backup_critical/skills/quick-reference-card/SKILL.md","methodology","general","active"
"94effb44","./.workspace_optimization/backup_critical/skills/error-guard/SKILL.md","methodology","general","active"
"15bbdbe7","./.workspace_optimization/backup_critical/skills/smart-web-scraper/SKILL.md","methodology","xu_sir","active"
"3b6590d6","./.workspace_optimization/backup_critical/skills/bilibili-subtitle-download-skill/SKILL.md","methodology","general","active"
"b5aabbdb","./.workspace_optimization/backup_critical/skills/unified-knowledge-suite/SKILL.md","methodology","general","active"
"6276fbf2","./.workspace_optimization/backup_critical/skills/weekly-report-generator/README.md","reference","general","active"
"fb90bc5f","./.workspace_optimization/backup_critical/skills/weekly-report-generator/SKILL.md","methodology","general","active"
"e1132f6b","./.workspace_optimization/backup_critical/skills/REPLACEMENT_REPORT_P0.md","reference","general","active"
"9625e845","./.workspace_optimization/backup_critical/skills/workspace-optimizer/SKILL.md","methodology","general","active"
"0d375e96","./.workspace_optimization/backup_critical/skills/unified-memory-suite/SKILL.md","methodology","general","active"
"f3b11f54","./.workspace_optimization/backup_critical/skills/meeting-to-action/SKILL.md","methodology","general","active"
"a9df3e1c","./.workspace_optimization/backup_critical/skills/company-search-kimi/SKILL.md","methodology","general","active"
"d170a35c","./.workspace_optimization/backup_critical/skills/autonomous-execution-system/SKILL.md","methodology","general","active"
"617da624","./.workspace_optimization/backup_critical/skills/notion-api/SKILL.md","methodology","general","active"
"ae21e5db","./.workspace_optimization/backup_critical/skills/openclaw-tavily-search/SKILL.md","methodology","general","active"
"74b95d05","./.workspace_optimization/backup_critical/skills/decision-frameworks/README.md","reference","general","active"
"c3ce46ad","./.workspace_optimization/backup_critical/skills/decision-frameworks/SKILL.md","methodology","general","active"
"828394de","./.workspace_optimization/backup_critical/skills/feishu-docx-powerwrite/templates.md","reference","general","active"
"a4f6b96c","./.workspace_optimization/backup_critical/skills/feishu-docx-powerwrite/troubleshooting.md","reference","general","active"
"3660e5e4","./.workspace_optimization/backup_critical/skills/feishu-docx-powerwrite/SKILL.md","methodology","general","active"
"8c30bc49","./.workspace_optimization/backup_critical/skills/academic-deep-research/references/user-prompt-templates.md","reference","xu_sir","active"
"884b31ff","./.workspace_optimization/backup_critical/skills/academic-deep-research/references/kimi-deep-research-prompt.md","reference","xu_sir","active"
"793c9d0d","./.workspace_optimization/backup_critical/skills/academic-deep-research/SKILL.md","methodology","xu_sir","active"
"b9444859","./.workspace_optimization/backup_critical/skills/multi-search-engine/CHANGELOG.md","reference","general","active"
"fea9573a","./.workspace_optimization/backup_critical/skills/multi-search-engine/international-search.md","reference","xie_baojian","active"
"a3d413d0","./.workspace_optimization/backup_critical/skills/multi-search-engine/SKILL.md","methodology","general","active"
"21ce25ff","./.workspace_optimization/backup_critical/skills/multi-search-engine/CHANNELLOG.md","reference","general","active"
"4e52902b","./.workspace_optimization/backup_critical/skills/email-daily-summary/SKILL.md","methodology","general","active"
"9d774bc4","./.workspace_optimization/backup_critical/skills/afrexai-contract-review/SKILL.md","methodology","general","active"
"6f02c413","./.workspace_optimization/backup_critical/skills/unified-framework-suite/SKILL.md","methodology","xie_baojian","active"
"76459ad8","./.workspace_optimization/backup_critical/skills/feishu-doc-manager/SKILL.md","methodology","general","active"
"ee3dd656","./.workspace_optimization/backup_critical/skills/docker-essentials/SKILL.md","methodology","general","active"
"514e86a0","./.workspace_optimization/backup_critical/skills/unified-report-suite/SKILL.md","methodology","general","active"
"34142c4b","./.workspace_optimization/backup_critical/skills/client-value-system/SKILL.md","methodology","general","active"
"d331251b","./.workspace_optimization/backup_critical/skills/smart-web-fetch/SKILL.md","methodology","general","active"
"4ca4e180","./.workspace_optimization/backup_critical/skills/system-integration-framework/SKILL.md","methodology","xu_sir","active"
"9278c71f","./.workspace_optimization/backup_critical/skills/vendor-api-monitor/SKILL.md","methodology","xu_sir","active"
"f18b796a","./.workspace_optimization/backup_critical/skills/zipcracker/SKILL.md","methodology","general","active"
"e1bb7228","./.workspace_optimization/backup_critical/skills/token-weekly-monitor/SKILL.md","methodology","xu_sir","active"
"f71326c9","./.workspace_optimization/backup_critical/skills/satisficing-partner-decision/SKILL.md","methodology","xu_sir","active"
"8e2cd85f","./.workspace_optimization/backup_critical/skills/data-analyst/SKILL.md","methodology","xu_sir","active"
"71b83296","./.workspace_optimization/backup_critical/skills/skill-evolution-tracker/SKILL_EVOLUTION_TRACKER.md","methodology","general","active"
"6981be3f","./.workspace_optimization/backup_critical/skills/skill-integration-optimizer/SKILL.md","methodology","general","active"
"72236c2a","./.workspace_optimization/backup_critical/skills/unified-scheduler-suite/SKILL.md","methodology","general","active"
"e5c1f9ca","./.workspace_optimization/backup_critical/skills/rss-ai-reader/SKILL.md","methodology","xu_sir","active"
"f6003e6b","./.workspace_optimization/backup_critical/skills/rss-ai-reader/config_guide.md","implementation","xu_sir","active"
"9f87829b","./.workspace_optimization/backup_critical/skills/audio-handler/SKILL.md","methodology","xu_sir","active"
"cd3bd116","./.workspace_optimization/backup_critical/skills/unified-search/SKILL.md","methodology","xu_sir","active"
"6828c90b","./.workspace_optimization/backup_critical/skills/unified-quality-suite/SKILL.md","methodology","general","active"
"0bfab7e6","./.workspace_optimization/backup_critical/skills/weekly-meeting/SKILL.md","methodology","general","active"
"f14450a1","./.workspace_optimization/backup_critical/skills/data-processor-suite/SKILL.md","methodology","general","active"
"2285a4e8","./.workspace_optimization/backup_critical/skills/dashboard/widgets.md","reference","general","active"
"61dd6ed1","./.workspace_optimization/backup_critical/skills/dashboard/SKILL.md","methodology","general","active"
"a552d265","./.workspace_optimization/backup_critical/skills/dashboard/design.md","reference","general","active"
"e10c80e6","./.workspace_optimization/backup_critical/skills/tuanziguardianclaw/SKILL.md","methodology","general","active"
"34553a2a","./.workspace_optimization/backup_critical/skills/optimization-prioritizer/SKILL.md","methodology","general","active"
"4b321646","./.workspace_optimization/backup_critical/skills/playwright-automation/SKILL.md","methodology","general","active"
"e2c42b2f","./.workspace_optimization/backup_critical/skills/first-principle-auditor/templates/audit-report-template.md","reference","general","active"
"8d75d055","./.workspace_optimization/backup_critical/skills/first-principle-auditor/SKILL.md","methodology","general","active"
"c3c8aa89","./.workspace_optimization/backup_critical/skills/claude-code/SKILL.md","methodology","luo_han","active"
"d6f8057d","./.workspace_optimization/backup_critical/skills/chart-generator/tips.md","reference","general","active"
"e8c0b5de","./.workspace_optimization/backup_critical/skills/chart-generator/SKILL.md","methodology","xu_sir","active"
"3e74e6da","./.workspace_optimization/backup_critical/skills/team-execution-culture/SKILL.md","methodology","xu_sir","active"
"5240fa41","./.workspace_optimization/backup_critical/skills/us-stock-analysis/technical-analysis.md","reference","general","active"
"4a1a3d18","./.workspace_optimization/backup_critical/skills/us-stock-analysis/SKILL.md","methodology","general","active"
"b8b6878a","./.workspace_optimization/backup_critical/skills/us-stock-analysis/financial-metrics.md","reference","general","active"
"c161d35b","./.workspace_optimization/backup_critical/skills/us-stock-analysis/report-template.md","reference","general","active"
"dfb66077","./.workspace_optimization/backup_critical/skills/quality-assessment/SKILL.md","methodology","xu_sir","active"
"34beac1a","./.workspace_optimization/backup_critical/skills/sendfiles-to-feishu/SKILL.md","methodology","general","active"
"b360d4d2","./.workspace_optimization/backup_critical/skills/ai-meeting-notes/SKILL.md","methodology","xu_sir","active"
"55502289","./.workspace_optimization/backup_critical/skills/presentation-helper/SKILL.md","methodology","general","active"
"a518b144","./.workspace_optimization/backup_critical/skills/unified-intelligence-suite/SKILL.md","methodology","xu_sir","active"
"db41b883","./.workspace_optimization/backup_critical/skills/news-summary/SKILL.md","methodology","general","active"
"6a4f088d","./.workspace_optimization/backup_critical/skills/optimization-rollback-guard/SKILL.md","methodology","general","active"
"03da601e","./.workspace_optimization/backup_critical/skills/questionnaire-generator/SKILL.md","methodology","xu_sir","active"
"897d7b08","./.workspace_optimization/backup_critical/skills/swotpal-swot-analysis/README.md","reference","xu_sir","active"
"b3b294d7","./.workspace_optimization/backup_critical/skills/swotpal-swot-analysis/SKILL.md","methodology","xu_sir","active"
"f275e369","./.workspace_optimization/backup_critical/skills/patent-assistant/SKILL.md","methodology","general","active"
"e10dd8ce","./.workspace_optimization/backup_critical/skills/pandoc-convert/SKILL.md","methodology","general","active"
"5cad3454","./.workspace_optimization/backup_critical/skills/unified-content-suite/SKILL.md","methodology","xu_sir","active"
"5feed8ae","./.workspace_optimization/backup_critical/skills/mineru/SKILL.md","methodology","general","active"
"c0d9e613","./.workspace_optimization/backup_critical/skills/info-collection-quality/SKILL.md","methodology","xu_sir","active"
"4746cce2","./.workspace_optimization/backup_critical/skills/info-quality-guardian/SKILL.md","methodology","liu_honglei","active"
"6500a021","./.workspace_optimization/backup_critical/skills/slack/SKILL.md","methodology","general","active"
"2b1ef450","./.workspace_optimization/backup_critical/skills/business-model-canvas/SKILL.md","methodology","general","active"
"864dc32f","./.workspace_optimization/backup_critical/skills/notion/SKILL.md","methodology","general","active"
"59585319","./.workspace_optimization/backup_critical/skills/social-media-scheduler/SKILL.md","methodology","general","active"
"b31ad94f","./.workspace_optimization/backup_critical/skills/unified-mermaid-suite/SKILL.md","methodology","general","active"
"0d82c99f","./.workspace_optimization/backup_critical/skills/feishu-messaging/SKILL.md","methodology","general","active"
"09ef68c3","./.workspace_optimization/backup_critical/skills/kimi-cli/SKILL.md","methodology","general","active"
"fb9a79b8","./.workspace_optimization/backup_critical/skills/satisficing-dev-workflow/references/tdd.md","reference","xu_sir","active"
"8f5414aa","./.workspace_optimization/backup_critical/skills/satisficing-dev-workflow/references/writing-plans.md","reference","general","active"
"1cfe084e","./.workspace_optimization/backup_critical/skills/satisficing-dev-workflow/references/finishing-branch.md","reference","general","active"
"049a92fb","./.workspace_optimization/backup_critical/skills/satisficing-dev-workflow/references/brainstorming.md","reference","general","active"
"582568d6","./.workspace_optimization/backup_critical/skills/satisficing-dev-workflow/references/subagent-development.md","reference","xu_sir","active"
"b4738f0a","./.workspace_optimization/backup_critical/skills/satisficing-dev-workflow/references/systematic-debugging.md","reference","general","active"
"70e6857f","./.workspace_optimization/backup_critical/skills/satisficing-dev-workflow/SKILL.md","methodology","luo_han","active"
"dd09c071","./.workspace_optimization/backup_critical/skills/n8n-workflow-automation/19cece98-7592-8ae5-8000-000001068550_runbook-template.md","reference","general","active"
"9de592c8","./.workspace_optimization/backup_critical/skills/n8n-workflow-automation/SKILL.md","methodology","general","active"
"cc12a395","./.workspace_optimization/backup_critical/skills/unified-notion-suite/SKILL.md","methodology","general","active"
"78533823","./.workspace_optimization/backup_critical/skills/DEPLOYMENT_REPORT.md","reference","general","active"
"83ff8fda","./.workspace_optimization/backup_critical/skills/management-rules/SKILL.md","methodology","xu_sir","active"
"31b0d421","./.workspace_optimization/backup_critical/skills/dingtalk-feishu-cn/SKILL.md","methodology","general","active"
"981167ee","./.workspace_optimization/backup_critical/skills/video-frames/SKILL.md","methodology","general","active"
"a498cebb","./.workspace_optimization/backup_critical/skills/unified-communication-suite/SKILL.md","methodology","general","active"
"8c1918d3","./.workspace_optimization/backup_critical/skills/storytelling-engine/SKILL.md","methodology","general","active"
"4d3ab17f","./.workspace_optimization/backup_critical/skills/autonomous-execution-suite/01_🔥今日重点/今日晨报.md","reference","general","active"
"7c72316b","./.workspace_optimization/backup_critical/skills/autonomous-execution-suite/持续自主执行体系_V1.0.md","reference","liu_honglei","active"
"1dee2fe2","./.workspace_optimization/backup_critical/skills/feishu-file-sender/README.md","reference","general","active"
"d168b0be","./.workspace_optimization/backup_critical/skills/feishu-file-sender/SKILL.md","methodology","general","active"
"89b803cb","./.workspace_optimization/backup_critical/skills/workspace-health-scanner/templates/health-report-template.md","reference","general","active"
"be5ca0ae","./.workspace_optimization/backup_critical/skills/workspace-health-scanner/SKILL.md","methodology","general","active"
"6bb2d508","./.workspace_optimization/backup_critical/skills/promise-system-guardian/SKILL.md","methodology","general","active"
"5c0fcc02","./.workspace_optimization/backup_critical/skills/unified-expert-suite/SKILL.md","methodology","xie_baojian","active"
"e1262315","./.workspace_optimization/backup_critical/skills/security-guardian/SKILL.md","methodology","general","active"
"66f3cf7b","./.workspace_optimization/backup_critical/skills/unified-meeting-suite/SKILL.md","methodology","xu_sir","active"
"e418fb1e","./.workspace_optimization/backup_critical/skills/unified-assessment-suite/SKILL.md","methodology","luo_han","active"
"c23cd54d","./.workspace_optimization/backup_critical/skills/ffmpeg-video-editor/SKILL.md","methodology","general","active"
"30a5adc3","./.workspace_optimization/backup_critical/skills/archive-handler/SKILL.md","methodology","general","archived"
"6d61743d","./.workspace_optimization/backup_critical/TOOLS.md","reference","general","active"
"42f53b12","./.workspace_optimization/backup_critical/scripts/cron_optimization/README.md","reference","general","active"
"7c3f4aa3","./.workspace_optimization/backup_critical/scripts/README_daily_report.md","reference","general","active"
"cf32cfc2","./.workspace_optimization/backup_critical/scripts/test_report.md","reference","xu_sir","active"
"b6714af7","./.workspace_optimization/backup_critical/TASKS.md","reference","xu_sir","active"
"879ea9ee","./.workspace_optimization/phase1_before_report.md","reference","general","active"
"ffe79a6a","./tests/integration/README.md","reference","general","active"
"57527cfe","./tests/integration/TEST_REPORT.md","reference","general","active"
"d75d3b62","./docs/TODAY_COMPLETION_REPORT.md","reference","general","active"
"4fcc78c7","./docs/HIBERNATION_VULNERABILITY_FIX.md","reference","general","active"
"816ef72f","./docs/FINAL_CLEANUP_REPORT.md","reference","general","active"
"e893ab5e","./docs/systems/GAME里程碑调整-V1.1.md","reference","general","active"
"575227e8","./docs/systems/并行协同管理机制-满意解速度版.md","reference","general","active"
"d40a48db","./docs/systems/并行协同机制-组织常态版.md","reference","xu_sir","active"
"926d89cf","./docs/systems/定时任务诊断报告.md","reference","general","active"
"7238cd49","./docs/systems/管理罗盘实现方案.md","reference","xu_sir","active"
"6f65536e","./docs/systems/工作准则V2.0.md","reference","xu_sir","active"
"8d1b0086","./docs/systems/全天候高效工作体系.md","reference","xu_sir","active"
"c83954fe","./docs/systems/员工犯错防控机制-严格风控版.md","reference","xu_sir","active"
"3060c521","./docs/systems/执行摘要_TRL-PFI参数调优.md","reference","general","active"
"b808a11e","./docs/systems/第一性原理升级方案_完成总结.md","reference","general","active"
"a8791443","./docs/systems/PROD与GAME分工协作方案.md","reference","xu_sir","active"
"4eb10c10","./docs/PENDING_INSTRUCTIONS_REPORT.md","reference","xu_sir","active"
"bc635702","./docs/TOKEN-OPTIMIZATION-v1.0-FIN-260322.md","reference","general","active"
"b21ea8f9","./docs/FINAL_REPORT_2026-03-20-V2.md","reference","luo_han","active"
"e6989d24","./docs/FILE_GOVERNANCE_V1.md","reference","xu_sir","active"
"e0696b43","./docs/BULK_PROGRESS_REALTIME.md","reference","general","active"
"5b0ead0b","./docs/PROMISE_STANDARDIZATION_REPORT.md","reference","general","active"
"dfc3fc7b","./docs/IMPLICIT-RULES-CONVERSION-REPORT.md","implementation","general","active"
"d0a5df36","./docs/DISASTER_RECOVERY_WECOM_SETUP.md","reference","xu_sir","active"
"719fd0f4","./docs/DISASTER_RECOVERY_COMPLETE_REPORT.md","reference","general","active"
"5d9710c2","./docs/BATCH_SCRIPT_CREATION_1.md","reference","general","active"
"51bb4964","./docs/skill_consolidation_mapping.md","methodology","general","active"
"c356e012","./docs/COMMIT_CHECKLIST.md","reference","general","active"
"b7a14eb4","./docs/product_handbook_softlaunch_v1.md","reference","liu_honglei","active"
"88c11095","./docs/BLUE_SENTINEL_7STANDARD_REPORT.md","reference","xu_sir","active"
"92e41cf8","./docs/P0_TOKEN_OPTIMIZATION_COMPLETE_2026-03-26.md","reference","general","active"
"9722089b","./docs/TONIGHT_EXECUTION_REPORT.md","reference","general","active"
"3b98b604","./docs/VERIFICATION_REPORT_1445.md","reference","general","active"
"0662a9a8","./docs/NGT_FUSION_EXECUTION_LOG.md","reference","general","active"
"f30fda48","./docs/5STANDARD_AUDIT_REPORT.md","reference","general","active"
"0c710360","./docs/FINAL_REPORT_V4.md","reference","general","active"
"edfdb17a","./docs/PHASE1_7_SEVEN_STANDARD_COMPLETION.md","reference","general","active"
"de3c11c2","./docs/SILENCE_VS_HIBERNATION.md","reference","xu_sir","active"
"053b14a3","./docs/3月25日官宣执行清单.md","reference","general","active"
"fe22e0dc","./docs/DUAL_LINK_ANALYSIS_2026-03-26.md","reference","luo_han","active"
"ef98e372","./docs/HONEST_LABELING_EXECUTION.md","reference","general","active"
"6a7fd7bb","./docs/INFO_COLLECTION_README.md","reference","xu_sir","active"
"c66b5d1e","./docs/P0_FIX_LOG.md","reference","general","active"
"255abf3a","./docs/MULTI_CLAW_ARCHITECTURE_DESIGN.md","reference","general","active"
"3e9f9c47","./docs/COMPLETE_HISTORICAL_COMMITMENTS.md","reference","xu_sir","active"
"b0d27b07","./docs/PHASE3_EXECUTION_MASTER.md","reference","xie_baojian","active"
"81ec80b8","./docs/WLU-ARCH-v1.0-FIN-260322-Totem-System.md","reference","liu_honglei","active"
"58e78c3a","./docs/BATCH_SCRIPT_CREATION_2.md","reference","general","active"
"d8014ae5","./docs/PROMISE_CATCHUP_REPORT.md","reference","liu_honglei","active"
"276ceaf1","./docs/SCATTERED_MECHANISMS_BATCH3.md","reference","general","active"
"1436a08c","./docs/PROMISE_BATH_PROGRESS_REPORT_01.md","reference","general","active"
"a7eabd4d","./docs/PHASE1_7_COMPLETION_REPORT_HONEST.md","reference","general","active"
"2d62ba02","./docs/NGT-IMPL-v1.0-FIN-260322-Lean-Waste-Track.md","implementation","general","active"
"e5cfbff5","./docs/AUDIT_MASTER.md","reference","general","active"
"df17bba8","./docs/CRON_OPTIMIZATION_V2.md","reference","general","active"
"78ba93d0","./docs/CRON_IMPLICIT_MECHANISMS.md","implementation","general","active"
"459af712","./docs/NGT-ARCH-v1.0-FIN-260322-Fusion-Mapping-Detailed.md","reference","fang_yifeng","active"
"0e00e10f","./docs/blue_team/蓝军意见整理报告V1.0.md","reference","xie_baojian","active"
"9fe186c8","./docs/sandbox/沙盘模拟系统_1.1.md","reference","general","active"
"e34e5b54","./docs/sandbox/合伙人选择沙盘模拟案例集.md","reference","xu_sir","active"
"39891dfd","./docs/sandbox/沙盘系统1.1_执行摘要.md","reference","general","active"
"1858bc82","./docs/sandbox/沙盘案例库_详细档案.md","reference","general","active"
"f21295c4","./docs/SECURITY_BASELINE_DEPLOYED_2026-03-26.md","reference","xu_sir","active"
"2294cb16","./docs/deliveries/V1.1_交付清单.md","reference","general","active"
"3d91b59f","./docs/deliveries/个人化商业计划沙盘交付计划-Egbertie专属版.md","reference","xie_baojian","active"
"39bdb78e","./docs/deliveries/文化线升级1.1_交付清单.md","reference","general","active"
"66e9a43d","./docs/COMPLETION_REPORT_2026-03-26.md","reference","general","active"
"7ccda85c","./docs/meeting/first_meeting.md","reference","general","active"
"0b2e34bc","./docs/meeting/meeting_tools.md","reference","general","active"
"2a42f7e9","./docs/meeting/meeting_policy.md","reference","xie_baojian","active"
"e3d0d544","./docs/meeting/meeting_template.md","reference","general","active"
"6da8b75b","./docs/SKILL_RECOVERY_COMPLETE.md","methodology","general","active"
"12320c2c","./docs/BLUE_ARMY_STRESS_TEST_EXECUTION.md","reference","xu_sir","active"
"4489aa62","./docs/ZEROTOKEN_OPTIMIZATION_DEPLOYED_2026-03-26.md","reference","general","active"
"c34ea951","./docs/INFO_LOOP_ISSUE_REVIEW.md","reference","general","active"
"dca38028","./docs/COMPLETE_COMMITMENT_AUDIT.md","reference","general","active"
"4eb50570","./docs/SECURITY_AUDIT_2026-03-21.md","reference","xu_sir","active"
"3eb1aec5","./docs/feishu/飞书API调试操作指南.md","reference","general","active"
"89ab48d4","./docs/feishu/飞书深度学习计划.md","reference","xu_sir","active"
"7399d250","./docs/feishu/飞书技术问题反馈文档.md","reference","xu_sir","active"
"e4aa4163","./docs/REPLACEMENT_REPORT_P0.md","reference","general","active"
"d5d03c29","./docs/CRON_V2_DEPLOYMENT_REPORT.md","reference","general","active"
"79a6f564","./docs/GLOBAL_TIER1_EXECUTION_PLAN.md","reference","xie_baojian","active"
"6946b369","./docs/DEEP_CLEANING_REPORT.md","reference","liu_honglei","active"
"0025973e","./docs/API_INTEGRATION_STATUS.md","reference","general","active"
"9cacddd1","./docs/DISASTER_RECOVERY_V2.md","reference","xu_sir","active"
"f65d713d","./docs/OPERATIONS.md","reference","general","active"
"a5f8e6d8","./docs/FINAL_REPORT_V3.md","reference","general","active"
"ccb2e863","./docs/SECURITY_AUDIT_FIX.md","reference","general","active"
"3c07c033","./docs/API_KEY_ROTATION_PLAN_A.md","reference","general","active"
"90a07451","./docs/TOKEN_OPTIMIZATION_MASTERPLAN.md","reference","general","active"
"596a6105","./docs/FACING_ALL_COMMITMENTS.md","reference","general","active"
"cbab2be6","./docs/AUTOMATION_PIPELINE_FIX_PLAN.md","reference","general","active"
"8551488d","./docs/BULK_PROGRESS_REPORT_1350.md","reference","general","active"
"ebb590f5","./docs/FINAL_STATUS_1445.md","reference","general","active"
"6f7d3812","./docs/CRON-ANALYSIS-v1.0-FIN-260322-Time-Conflict.md","reference","general","active"
"5fc0ce16","./docs/FEISHU_WECOM_QUICKSTART.md","reference","general","active"
"3bd0f311","./docs/FILE_SKILL_RECOVERY_REPORT.md","methodology","general","active"
"d3ffcb2c","./docs/TRUSTED_PLUGINS.md","reference","general","active"
"e655179e","./docs/DISASTER_RECOVERY_EXECUTION_PLAN.md","reference","general","active"
"9f623d72","./docs/NGT-ARCH-v1.0-FIN-260322-5Standard-Self-Check.md","reference","general","active"
"b2e59b28","./docs/STANDARDS_5PLUS2_V1.md","reference","general","active"
"486bc14c","./docs/NGT_CLAW_FUSION_DESIGN.md","reference","fang_yifeng","active"
"0820589f","./docs/DEVILS_ADVOCATE_VIEWS.md","reference","general","active"
"14a9e9f4","./docs/TIERED_OUTPUT_SYSTEM.md","reference","general","active"
"2b9576d8","./docs/COMPLETENESS_TRACKER_LATEST.md","reference","general","active"
"ee91f3dd","./docs/FULL_PROMISE_AUDIT.md","reference","general","active"
"c16268bd","./docs/5STANDARD_REMEDIATION_STATUS.md","reference","general","active"
"60d71b94","./docs/TOKEN_OPTIMIZATION_ANALYSIS.md","reference","xu_sir","active"
"d4060fcd","./docs/FEISHU_WECOM_INTEGRATION_PLAN.md","reference","general","active"
"7177451e","./docs/culture/五路图腾决策体系_对外说明版.md","reference","general","active"
"f15b6d34","./docs/culture/文化溯源1.2_本命盘深度融合版.md","reference","liu_honglei","active"
"0bd2412c","./docs/culture/文化溯源1.1_五路图腾与命理深度融合体系.md","reference","general","active"
"b4985cbe","./docs/culture/精神核心图腾档案.md","reference","general","active"
"34e6a581","./docs/culture/五路图腾五行体系.md","reference","liu_honglei","active"
"ddd2b16d","./docs/culture/团队执行文化V1.0.md","reference","general","active"
"04f18ba6","./docs/culture/六路图腾与星盘对应图谱.md","reference","general","active"
"05e8de4c","./docs/culture/五路图腾命理适配决策流程_执行手册.md","reference","general","active"
"6a6416b2","./docs/TOTEM_SYSTEM_NGT_FUSION.md","reference","liu_honglei","active"
"d1c24b65","./docs/INTEGRATION_OPTIMIZATION_AUDIT_2026-03-21.md","reference","general","active"
"73c85eb7","./docs/SYMBIOTIC_CONTRACT.md","reference","general","active"
"307889e1","./docs/SYSTEMATIC_ISSUE_DEEP_DIVE.md","reference","general","active"
"19fa1929","./docs/PROMISE_BATH_PROJECT.md","reference","general","active"
"ecb8656d","./docs/TODAY_COMPLETION_REPORT_20260321.md","reference","general","active"
"92dcc7e6","./docs/SECURITY_GAP_ANALYSIS_2026-03-26.md","reference","general","active"
"fdb9b68a","./docs/BLUE_SENTINEL_7STANDARD_SCHEME.md","reference","xu_sir","active"
"c653e65b","./docs/DISASTER_RECOVERY_V1.1.md","reference","xu_sir","active"
"94c20a57","./docs/PROMISE_BATH_FINAL_REPORT.md","reference","general","active"
"3ef4cda8","./docs/META_AUDITOR_PRACTICE_REPORT.md","reference","xu_sir","active"
"e40848e9","./docs/SYSTEMATIC_EXECUTION_CHECKLIST.md","reference","general","active"
"e4541d90","./docs/TASK_MASTER_V1.5.md","reference","general","active"
"4e846619","./docs/ASSOCIATED_CORRECTIONS_REPORT.md","reference","general","active"
"5b51feda","./docs/SYSTEM_TRUTH_REPORT.md","reference","general","active"
"46f893c3","./docs/QUALITY_CHECK_PROCESS.md","reference","general","active"
"e036a223","./docs/SCATTERED_MECHANISMS_BATCH1.md","reference","general","active"
"e94b7b58","./docs/7STANDARD_META_AUDIT.md","reference","general","active"
"aa6303c7","./docs/LEARNING_REPORT_Immortal_State_2026-03-26.md","reference","general","active"
"ec288f1c","./docs/decision/感知力决策知识图谱_核心要点.md","reference","fang_yifeng","active"
"dc423360","./docs/decision/感知力决策工具V1.1_完整版.md","reference","general","active"
"80508f14","./docs/decision/像真人一样-直觉力决策组织实现方案.md","reference","xu_sir","active"
"12e356e4","./docs/decision/感知力决策工具_V1.1_快速参考卡.md","reference","general","active"
"dadf9bd8","./docs/decision/感知力测试模块_V1.1.md","reference","general","active"
"47f54678","./docs/decision/命理适配决策流程1.2_执行手册.md","reference","general","active"
"01b693ff","./docs/FINAL_VERIFICATION_REPORT_2026-03-21.md","reference","general","active"
"c091dd22","./docs/5STANDARD_TODO_LIST.md","reference","general","active"
"b4ea0a2e","./docs/BLUE_TEAM_EXECUTION_REPORT_2026-03-27.md","reference","general","active"
"301e4701","./docs/SCATTERED_MECHANISMS_BATCH2.md","reference","general","active"
"d405268d","./docs/BATCH_CRON_INTEGRATION_1.md","reference","xu_sir","active"
"0a26bf0a","./docs/SYSTEM_AUDIT_REPORT_2026-03-20.md","reference","general","active"
"48cc47e0","./docs/BLUE_ARMY_AUDIT_LOG.md","reference","xu_sir","active"
"1d808453","./docs/WLU-ARCH-v1.0-FIN-260322-Totem-System-unified.md","reference","liu_honglei","active"
"c3a0c93e","./docs/TESTING_FRAMEWORK_GUIDE.md","reference","general","active"
"2bf1f999","./docs/LEAN_7_WASTES_TRACKING.md","reference","general","active"
"826b34ca","./docs/RED_TEAM_AUDIT_REPORT_2026-03-21.md","reference","xu_sir","active"
"cbbe06c8","./docs/BLUE_AUDIT_REMEDIATION_REPORT.md","reference","xu_sir","active"
"929de570","./docs/DISASTER_RECOVERY_GAP_ANALYSIS.md","reference","general","active"
"ba3b9855","./docs/SENTINEL-GUARD-V1.0-5STANDARD-ACCEPTANCE.md","reference","general","active"
"a2bba354","./docs/roles/核心专家数字替身档案.md","reference","liu_honglei","active"
"351a6e80","./docs/QUANTITATIVE_METRICS_V1.md","reference","xu_sir","active"
"84a65c6d","./docs/ANNOUNCEMENT_READINESS_CHECK.md","reference","xie_baojian","active"
"8a8b1761","./docs/TASK_MASTER.md","reference","general","active"
"caf54b87","./docs/token-enforcer-deployment-report.md","reference","general","active"
"e8cee1fe","./docs/5STANDARD_STATUS_REPORT.md","reference","general","active"
"b6b49d66","./docs/NGT-ARCH-v1.0-FIN-260322-Fusion-Completion-Report.md","reference","general","active"
"effdb3de","./docs/materials/黎红雷数字替身后训练报告_V2.0.md","reference","liu_honglei","active"
"58b66309","./docs/materials/HUINENG素材档案.md","reference","general","active"
"c5d84690","./docs/materials/刘禹锡LIU素材档案.md","reference","general","active"
"c7f1b4b2","./docs/materials/CONFUCIUS_素材档案.md","reference","liu_honglei","active"
"419aba9d","./docs/materials/Egbertie个人命理完整档案.md","reference","general","active"
"70713cae","./docs/materials/Egbertie个人品牌故事_星盘融合版.md","reference","luo_han","active"
"8600e17e","./docs/materials/Egbertie个人品牌故事.md","reference","liu_honglei","active"
"73406933","./docs/BLUE_TEAM_SUPERVISION_AUDIT_2026-03-26.md","reference","general","active"
"2fc939f2","./docs/OPERATIONAL_DASHBOARD_V1.md","reference","general","active"
"57a7ac03","./docs/NETWORK_WHITELIST_V1.md","reference","xu_sir","active"
"7bad7a3c","./docs/BATCH_CRON_INTEGRATION_2.md","reference","general","active"
"9780debf","./docs/ACTION_PLAN_Immortal_State_2026-03-26.md","reference","general","active"
"e7308e6e","./docs/research/知识管理体系-防遗漏版.md","reference","xu_sir","active"
"b655f07d","./docs/research/研究成果质量控制与产品转化机制.md","reference","xu_sir","active"
"f19e702f","./docs/DIGITAL_PERSONA_COMPLETE_REPORT_2026-03-26.md","reference","liu_honglei","active"
"a694190d","./docs/VERIFICATION_REPORT_QUICK.md","reference","general","active"
"383e4f4f","./docs/business/商业计划V1.1_感知力决策重构版.md","reference","xie_baojian","active"
"ce0b22c9","./docs/business/硬件初创企业合伙人选择决策框架.md","reference","general","active"
"a2c8723d","./docs/business/客户价值体系_V1.1.md","reference","general","active"
"dd9c78b0","./docs/business/盈利模型V1.1.md","reference","general","active"
"23ebb9d9","./docs/business/股权分配谈判指南.md","reference","general","active"
"60d42768","./docs/business/合伙人深度访谈问题清单.md","reference","xu_sir","active"
"9b3f45fe","./docs/business/商业布局1.1_执行摘要.md","reference","xu_sir","active"
"c36a3b9a","./docs/business/合伙人候选人对比分析模板.md","reference","general","active"
"e50b0c4e","./docs/business/合伙人协议关键条款清单.md","reference","general","active"
"a4eee59b","./docs/business/免费优先策略深度研究.md","reference","xu_sir","active"
"ea3d6127","./docs/business/商业计划沙盘交付计划-Token优化版.md","reference","general","active"
"3d19e03e","./docs/QUALITY_STANDARDS.md","reference","general","active"
"7cd388c9","./docs/CALIBRATION_REPORT.md","reference","luo_han","active"
"c9298a0a","./docs/BULK_CONVERSION_TRACKER.md","reference","general","active"
"2edaf764","./docs/FULL_PROBLEM_LIST.md","reference","general","active"
"89f5bad4","./docs/GLOBAL_FILE_GOVERNANCE_V1.md","reference","xu_sir","active"
"293319f5","./docs/RED_TEAM_AUDIT_REPORT_2026-03-26.md","reference","liu_honglei","active"
"6b918f3a","./docs/5STANDARD_COMPLETION_REPORT.md","reference","general","active"
"3de52f2d","./docs/BLUE_TEAM_TOKEN_OPTIMIZATION_REPORT_2026-03-26.md","reference","general","active"
"6dd69a76","./docs/5STANDARD_TODO_P2.md","reference","xu_sir","active"
"6c0d1fd2","./docs/TEN_IRON_RULES.md","reference","general","active"
"906320ca","./docs/MECHANISM_INVENTORY_FULL.md","reference","luo_han","active"
"2df96a7c","./docs/5STANDARD_UNCOVERED_SKILLS.md","methodology","general","active"
"94de839a","./docs/partner-decision-immersive-camp.md","reference","fang_yifeng","active"
"2958d16b","./docs/DEPLOYMENT_REPORT.md","reference","general","active"
"0d71c756","./docs/BLUE_ARMY_STRESS_TEST_REPORT.md","reference","xu_sir","active"
"a70c8c97","./docs/NEW_RULES_7STANDARD_2026-03-21.md","reference","luo_han","active"
"00a1c15d","./docs/BLUE_ARMY_STRESS_TEST_PLAN.md","reference","xu_sir","active"
"fd48f04b","./docs/SECURITY_AUDIT_2026-03-26.md","reference","general","active"
"7f1bd14e","./docs/FULL_CONVERSION_REPORT_2026-03-20.md","reference","luo_han","active"
"6fec6f61","./docs/CONTENT_CONSISTENCY_V1.md","reference","liu_honglei","active"
"36600e03","./docs/PROJECT_DASHBOARD.md","reference","general","active"
"73286b26","./docs/meetings/TEMPLATE.md","reference","xu_sir","active"
"0b21ad0c","./docs/meetings/会议记录分析报告.md","reference","xie_baojian","active"
"c1352f83","./docs/meetings/AI角色自主会议机制.md","reference","xie_baojian","active"
"942ab83f","./docs/meetings/MEETING_PROTOCOL.md","reference","general","active"
"fffd9174","./docs/meetings/INTERNAL_MEETING_PROTOCOL_V1.md","reference","xie_baojian","active"
"6c390d78","./docs/TODAY_EXECUTION_PLAN.md","reference","general","active"
"919519a8","./docs/HIDDEN_MECHANISMS_DISCOVERY.md","reference","general","active"
"a1afd607","./docs/P0_FIX_FINAL_REPORT.md","reference","general","active"
"f51279b7","./docs/5STANDARD_100_PERCENT_COMPLETE_2026-03-26.md","reference","general","active"
"490df5c2","./docs/OPTIMIZATION_4_SCHEMES_DEPLOYED_2026-03-26.md","reference","xie_baojian","active"
"731c1698","./docs/MGT-ARCH-v1.0-FIN-260322-Namespace-Enforcement.md","reference","general","active"
"7344f110","./docs/P0_VERIFICATION_7STANDARD_2026-03-21.md","reference","general","active"
"71f92fd3","./docs/WECOM_TASK_BOARD_DEPLOYMENT.md","reference","xu_sir","active"
"7bde1846","./docs/archive/完整员工体系V2.5.md","reference","xu_sir","archived"
"bb5394b7","./docs/archive/WPS_API方案.md","reference","general","archived"
"c8a902e1","./docs/archive/33角色能力补强工具方案.md","reference","xie_baojian","archived"
"3486901c","./docs/archive/完整员工体系V2.4.md","reference","xu_sir","archived"
"0fd344e2","./docs/archive/URG-001-完成报告.md","reference","xu_sir","archived"
"9a62064f","./docs/archive/外部工具配置信息.md","reference","general","archived"
"15e90791","./docs/archive/README-合伙人决策教练.md","reference","general","archived"
"58e80a63","./docs/archive/Kimi_vs_Claude_计费对比.md","reference","general","archived"
"b4f40267","./docs/archive/全组织罗盘扫码报告机制.md","reference","xie_baojian","archived"
"c31c4bb5","./docs/archive/OPENCLAW_CONCEPTS_LEARNING.md","reference","xu_sir","archived"
"2b051b04","./docs/archive/满意解研究所_沙盘模拟报告.md","reference","xu_sir","archived"
"d6d2b29c","./docs/archive/专家邀请函_四封.md","reference","liu_honglei","archived"
"f0347b93","./docs/archive/满意解决策方法论_可视化图表集.md","reference","general","archived"
"3cc93fcb","./docs/archive/API_INVENTORY.md","reference","general","archived"
"42694000","./docs/archive/附件二_测试文档链接.md","reference","general","archived"
"88fe6d63","./docs/archive/行为设计手册_V1.1.md","reference","general","archived"
"3ce3466a","./docs/archive/画图工具API集成方案.md","reference","xu_sir","archived"
"e3bfbcac","./docs/archive/多维表格创建指南.md","reference","general","archived"
"96b0b50b","./docs/archive/Kimi_Allegretto使用规则.md","reference","luo_han","archived"
"fce10e7d","./docs/archive/API配置记录.md","reference","xu_sir","archived"
"7a70d296","./docs/archive/定制Skill开发需求确认.md","reference","general","archived"
"084261b8","./docs/archive/满意解决策方法论_实践速查表.md","reference","xie_baojian","archived"
"a8562547","./docs/archive/附件一_完整权限清单.md","reference","general","archived"
"d8746eab","./docs/archive/经济环境研究体系_V1.1.md","reference","xie_baojian","archived"
"898be433","./docs/archive/夜间任务执行手册.md","reference","general","archived"
"26338e67","./docs/archive/TOOLS.md_WPS规则.md","reference","general","archived"
"0f5b3061","./docs/archive/文档完整性检查报告.md","reference","luo_han","archived"
"e010f6fe","./docs/archive/满意解决策方法论_白皮书_v1.1.md","reference","liu_honglei","archived"
"81bcc8a3","./docs/archive/文档完整性修复计划.md","reference","luo_han","archived"
"328ed479","./docs/archive/讨论但未确认任务清单.md","reference","general","archived"
"709cc6f6","./docs/archive/全球首创合伙人匹配决策系统V1.1_PPMS.md","reference","luo_han","archived"
"3ec35f85","./docs/archive/DECISION_SAFETY_RED_LINES.md","reference","xu_sir","archived"
"6e6c714a","./docs/archive/Kimi资源集成方案.md","reference","general","archived"
"a17ca948","./docs/archive/新增角色方案-解决三个关键问题.md","reference","xu_sir","archived"
"ea8d987e","./docs/archive/附件三_API调用日志.md","reference","general","archived"
"dcd9164a","./docs/BLUE_TEAM_COMPREHENSIVE_AUDIT_2026-03-26.md","reference","general","active"
"79e901eb","./SOUL.md","reference","xu_sir","active"
"ea0026e5","./skills/disaster-recovery-wecom/templates/backup_success.md","reference","general","active"
"ecdc65ce","./skills/disaster-recovery-wecom/templates/task_failure.md","reference","general","active"
"2393725f","./skills/disaster-recovery-wecom/templates/task_success.md","reference","general","active"
"742e31f8","./skills/disaster-recovery-wecom/templates/token_critical.md","reference","xu_sir","active"
"fdcc6617","./skills/disaster-recovery-wecom/templates/token_warning.md","reference","xu_sir","active"
"b0eb8537","./skills/disaster-recovery-wecom/templates/security_warning.md","reference","general","active"
"d8ca8062","./skills/disaster-recovery-wecom/templates/security_breach.md","reference","general","active"
"f8402355","./skills/disaster-recovery-wecom/templates/memory_failure.md","reference","xu_sir","active"
"38ebe7de","./skills/disaster-recovery-wecom/templates/system_failure.md","reference","general","active"
"91bc0cb8","./skills/disaster-recovery-wecom/templates/backup_failure.md","reference","general","active"
"e72b5705","./skills/.archive_72h-pressure-test/SKILL.md","methodology","xu_sir","archived"
"26205ab9","./skills/blue-army-interceptor/README.md","reference","general","active"
"ddcf9ab6","./skills/blue-army-interceptor/5standard-completion-report.md","reference","xu_sir","active"
"d503ff2a","./skills/blue-army-interceptor/SKILL.md","methodology","xu_sir","active"
"8b2dfabc","./skills/.archive_execution-protocol/SKILL.md","methodology","general","archived"
"bacfcac3","./skills/.archive_data-analyst/SKILL.md","methodology","xu_sir","archived"
"769e3603","./skills/.archive_data-analyst/scripts/README.md","reference","general","archived"
"364490e0","./skills/quality-assurance/improvement-report.md","reference","general","active"
"e1a09ee6","./skills/quality-assurance/5standard-completion-report.md","reference","general","active"
"ce10fa71","./skills/quality-assurance/SKILL.md","methodology","general","active"
"c32569d0","./skills/.archive_customer-journey-mapper/SKILL.md","methodology","general","archived"
"af040bbd","./skills/.archive_customer-journey-mapper/scripts/README.md","reference","general","archived"
"f3ae4e0a","./skills/honesty-tagging-protocol/STANDARDS_CHECK.md","reference","general","active"
"bb450d29","./skills/honesty-tagging-protocol/SKILL.md","methodology","xu_sir","active"
"731f7a6a","./skills/quality-gate-system/SKILL.md","methodology","general","active"
"6f84dc04","./skills/.archive_decision-frameworks/README.md","reference","general","archived"
"6062df77","./skills/.archive_decision-frameworks/SKILL.md","methodology","general","archived"
"76904299","./skills/.archive_decision-frameworks/scripts/README.md","reference","general","archived"
"2541f80e","./skills/csvtoexcel/SKILL.md","methodology","general","active"
"4f5421b9","./skills/backup-verification/5standard-completion-report.md","reference","luo_han","active"
"dfc7a3e9","./skills/backup-verification/SKILL.md","methodology","general","active"
"2a1d2362","./skills/.archive_kimi-cli-task-manager/SKILL.md","methodology","general","archived"
"9a1063c4","./skills/.archive_optimization-rollback-guard/SKILL.md","methodology","general","archived"
"6ec491c0","./skills/.archive_disaster-recovery-drill/SKILL.md","methodology","general","archived"
"0dd2445a","./skills/.archive_disaster-recovery-drill/scripts/README.md","reference","general","archived"
"ecc76296","./skills/.archive_tdd-compliance-checker/SKILL.md","methodology","general","archived"
"76c317ff","./skills/.archive_auto-cleanup-system/SKILL.md","methodology","general","archived"
"46ff14e4","./skills/.archive_v2-architecture-executor/SKILL.md","methodology","general","archived"
"ccc7705d","./skills/.archive_notion-db-sync/SKILL.md","methodology","general","archived"
"dbfa7dc5","./skills/token-budget-enforcer/SKILL.md","methodology","general","active"
"cdbb3dc5","./skills/.archive_organization-building/SKILL.md","methodology","xie_baojian","archived"
"9ca96eba","./skills/.archive_email-daily-summary/SKILL.md","methodology","general","archived"
"b32fa634","./skills/.archive_email-daily-summary/scripts/README.md","reference","general","archived"
"02caa894","./skills/.archive_bmc-consistency-checker/SKILL.md","methodology","general","archived"
"574f7721","./skills/.archive_bmc-consistency-checker/scripts/README.md","reference","general","archived"
"2fadb7e5","./skills/.archive_us-stock-analysis/technical-analysis.md","reference","general","archived"
"399f10e7","./skills/.archive_us-stock-analysis/SKILL.md","methodology","general","archived"
"def9c0cb","./skills/.archive_us-stock-analysis/financial-metrics.md","reference","general","archived"
"57d67e2c","./skills/.archive_us-stock-analysis/report-template.md","reference","general","archived"
"6ca7cf3e","./skills/what-if-engine/SKILL.md","methodology","xu_sir","active"
"f0dfecdd","./skills/.archive_social-media-content-calendar/SKILL.md","methodology","general","archived"
"305e2d04","./skills/scenario-planner/SKILL.md","methodology","xie_baojian","active"
"0c9d3a52","./skills/auto-update-profile/SKILL.md","methodology","xu_sir","active"
"a6f96095","./skills/knowledge-graph-framework/SKILL.md","methodology","general","active"
"f9d53f15","./skills/.archive_mineru/SKILL.md","methodology","general","archived"
"42f1bcd4","./skills/.archive_data-processor-suite/SKILL.md","methodology","general","archived"
"f3f8d4f8","./skills/.archive_auto-redbook-skills/19cec318-ad72-8e41-8000-0000119132f8_content_auto_fit.md","reference","general","archived"
"25acc5d1","./skills/.archive_auto-redbook-skills/tips.md","reference","xu_sir","archived"
"8799c769","./skills/.archive_auto-redbook-skills/SKILL.md","methodology","xu_sir","archived"
"c19ffa4f","./skills/.archive_auto-redbook-skills/scripts/README.md","reference","general","archived"
"f89dac67","./skills/.archive_auto-redbook-skills/19cec32a-4b12-80c9-8000-00000e93fde5_example.md","reference","general","archived"
"81c14b87","./skills/.archive_auto-redbook-skills/19cec318-ad82-8cf2-8000-0000faa850b8_content.md","reference","general","archived"
"451ac237","./skills/.archive_unit-economics-validator/SKILL.md","methodology","general","archived"
"fb5832a1","./skills/knowledge-graph/SKILL.md","methodology","general","active"
"07d166bc","./skills/.archive_unified-knowledge-suite/SKILL.md","methodology","general","archived"
"0f59bb16","./skills/context-optimizer/SKILL.md","methodology","xu_sir","active"
"893b8f43","./skills/.archive_management-rules/SKILL.md","methodology","xie_baojian","archived"
"88979702","./skills/tiered-output/COMPLIANCE_REPORT.md","reference","general","active"
"a1f8a8f3","./skills/tiered-output/SKILL.md","methodology","general","active"
"febab51e","./skills/tiered-output/QUICK_REFERENCE.md","reference","general","active"
"63edaf19","./skills/.archive_firecrawl-search/api.md","reference","general","archived"
"73a18fbe","./skills/.archive_firecrawl-search/SKILL.md","methodology","general","archived"
"f78b4f25","./skills/.archive_firecrawl-search/scripts/README.md","reference","general","archived"
"939004a3","./skills/.archive_questionnaire-generator/SKILL.md","methodology","xu_sir","archived"
"68bc183f","./skills/.archive_case-library-expander/SKILL.md","methodology","general","archived"
"375d259e","./skills/.archive_n8n-hitl-queue/SKILL.md","methodology","general","archived"
"a6fa4477","./skills/.archive_quick-reference-card/SKILL.md","methodology","general","archived"
"77a3a5fb","./skills/.archive_company-search-kimi/SKILL.md","methodology","general","archived"
"e31237bd","./skills/.archive_company-search-kimi/scripts/README.md","reference","general","archived"
"6c3b7109","./skills/.archive_presentation-helper/SKILL.md","methodology","general","archived"
"24a7ee60","./skills/.archive_promise-management-system/SKILL.md","methodology","general","archived"
"47e43316","./skills/channels-setup/SKILL.md","methodology","general","active"
"7ec31a4d","./skills/token-throttle-controller/SKILL.md","methodology","general","active"
"c10e77f2","./skills/mermaid-diagrams/SKILL.md","methodology","general","active"
"7f47abb7","./skills/.archive_global-file-governance/SKILL.md","methodology","general","archived"
"5fa893b9","./skills/.archive_global-file-governance/scripts/README.md","reference","general","archived"
"70788de2","./skills/.archive_multi-format-delivery/SKILL.md","methodology","general","archived"
"df0b617a","./skills/cost-redlines/SKILL.md","methodology","general","active"
"b9d65977","./skills/conversation-researcher/README.md","reference","general","active"
"9a2c24dc","./skills/conversation-researcher/SKILL.md","methodology","general","active"
"990831f7","./skills/conversation-researcher/output/research-20260321-184155/summary.md","reference","general","active"
"dcd8aa72","./skills/conversation-researcher/output/research-20260321-184155/validation.md","reference","general","active"
"1849f6a1","./skills/conversation-researcher/output/research-20260321-184155/report.md","reference","general","active"
"49a8e5a4","./skills/conversation-researcher/output/research-20260321-184155/limitations.md","reference","general","active"
"17abd54e","./skills/.archive_copywriting-zh-pro/SKILL.md","methodology","general","archived"
"832c4f6b","./skills/.archive_copywriting-zh-pro/scripts/README.md","reference","general","archived"
"f4894009","./skills/.archive_satisficing-web-fetcher/SECURITY_POLICY.md","reference","general","archived"
"f8e9a244","./skills/.archive_satisficing-web-fetcher/README.md","reference","general","archived"
"b48a07d3","./skills/.archive_satisficing-web-fetcher/SKILL.md","methodology","general","archived"
"ab59899c","./skills/.archive_satisficing-web-fetcher/ASSESSMENT_REPORT.md","reference","xu_sir","archived"
"7a53b209","./skills/.archive_obsidian-archiver/SKILL.md","methodology","general","archived"
"86aa2518","./skills/.archive_feishu-file-handler/SKILL.md","methodology","general","archived"
"ac216e99","./skills/.archive_task-coordinator/INITIAL_FINDINGS.md","reference","general","archived"
"0cac009a","./skills/.archive_task-coordinator/DATABASE_FIX_REPORT.md","reference","general","archived"
"034e75f9","./skills/.archive_task-coordinator/tests/QUALITY_ASSESSMENT_REPORT.md","reference","xu_sir","archived"
"a724eabb","./skills/.archive_task-coordinator/tests/QUALITY_ASSESSMENT_REPORT_FINAL.md","reference","xu_sir","archived"
"a97d1c13","./skills/.archive_task-coordinator/tests/test_plan.md","reference","xu_sir","archived"
"1a092257","./skills/.archive_task-coordinator/V2_DEPLOYMENT_REPORT.md","reference","general","archived"
"88bb396e","./skills/.archive_task-coordinator/SKILL.md","methodology","general","archived"
"b2246189","./skills/.archive_task-coordinator/DEPLOYMENT_REPORT.md","reference","general","archived"
"b30d985d","./skills/.archive_touchpoint-designer/SKILL.md","methodology","general","archived"
"a2f84894","./skills/.archive_mermaid-chart-generator/SKILL.md","methodology","general","archived"
"46a4be56","./skills/.archive_content-consistency-governance/SKILL.md","methodology","xie_baojian","archived"
"93a2a901","./skills/.archive_content-consistency-governance/scripts/README.md","reference","general","archived"
"328a1e8a","./skills/todo-management/SKILL.md","methodology","general","active"
"46d874b4","./skills/.archive_build-vs-buy-analyzer/SKILL.md","methodology","general","archived"
"80e78b8d","./skills/.archive_build-vs-buy-analyzer/scripts/README.md","reference","general","archived"
"5834336c","./skills/.archive_unified-governance-suite/SKILL.md","methodology","general","archived"
"2335bd35","./skills/.archive_skill-classification/SKILL.md","methodology","general","archived"
"64382d25","./skills/metacognitive-loop-enforcer/COMPLIANCE_REPORT.md","reference","general","active"
"74bf0fb8","./skills/metacognitive-loop-enforcer/SKILL.md","methodology","xu_sir","active"
"e4df6908","./skills/.archive_patent-assistant/SKILL.md","methodology","general","archived"
"0b9fcacf","./skills/.archive_sql-query-templates/SKILL.md","methodology","general","archived"
"ef9346cb","./skills/.archive_meeting-action-extractor/SKILL.md","methodology","general","archived"
"97218616","./skills/.archive_knowledge-collection-iteration/SKILL.md","methodology","xu_sir","archived"
"4cd2a1f2","./skills/.archive_security-guardian/SKILL.md","methodology","general","archived"
"6074e90d","./skills/.archive_multi-search-rotator/SKILL.md","methodology","general","archived"
"4f56b901","./skills/universal-checklist-enforcer/SKILL.md","methodology","general","active"
"6fd65085","./skills/.archive_workspace-optimizer/SKILL.md","methodology","general","archived"
"11cb7db9","./skills/.archive_docker-essentials/SKILL.md","methodology","general","archived"
"7967acd9","./skills/.archive_docker-essentials/scripts/README.md","reference","general","archived"
"be153e1d","./skills/.archive_agentic-workflow-automation/SKILL.md","methodology","general","archived"
"58f1a601","./skills/.archive_agentic-workflow-automation/19ceceb3-40e2-83cc-8000-000043c54635_workflow-blueprint-guide.md","reference","general","archived"
"4f6c6777","./skills/.archive_agentic-workflow-automation/scripts/README.md","reference","general","archived"
"df78ab55","./skills/knowledge-ingestion/SKILL.md","methodology","general","active"
"2323177d","./skills/.archive_quick-ref-lookup/SKILL.md","methodology","general","archived"
"dc3bb59c","./skills/.archive_subagent-dual-review/SKILL.md","methodology","general","archived"
"ec820633","./skills/.archive_unified-report-suite/SKILL.md","methodology","general","archived"
"11203d45","./skills/.archive_video-content-processor/SKILL.md","methodology","general","archived"
"a32cac69","./skills/pdf-handler-temp/README.md","reference","general","active"
"fba61a40","./skills/pdf-handler-temp/SKILL.md","methodology","general","active"
"bc00e2da","./skills/.archive_retrospective-system/SKILL.md","methodology","general","archived"
"881195e7","./skills/.archive_optimization-prioritizer/SKILL.md","methodology","general","archived"
"cd4a29c4","./skills/.archive_docker-workflow-automation/SKILL.md","methodology","general","archived"
"3207b1af","./skills/.archive_docker-workflow-automation/scripts/README.md","reference","general","archived"
"d565add8","./skills/.archive_ffmpeg-video-editor/SKILL.md","methodology","general","archived"
"b5f7dd48","./skills/.archive_ffmpeg-video-editor/scripts/README.md","reference","general","archived"
"71fc3334","./skills/.archive_role-profile-completer/SKILL.md","methodology","general","archived"
"5ca3c4d9","./skills/quality-closure/SKILL.md","methodology","general","active"
"edc9cb61","./skills/status-dashboard/SKILL.md","methodology","general","active"
"979451e9","./skills/heartbeat-protocol/5standard-completion-report.md","reference","general","active"
"6c5c01a1","./skills/heartbeat-protocol/SKILL.md","methodology","general","active"
"b7e3094b","./skills/find-skills/SKILL.md","methodology","general","active"
"f80265a8","./skills/.archive_questionnaire-auto-gen/SKILL.md","methodology","general","archived"
"a9600300","./skills/.archive_client-persona-simulator/SKILL.md","methodology","general","archived"
"23618e19","./skills/.archive_client-persona-simulator/scripts/README.md","reference","general","archived"
"aa735b0b","./skills/markdown-exporter/SKILL.md","methodology","general","active"
"d7804dde","./skills/.archive_ai-social-media-content/SKILL.md","methodology","xu_sir","archived"
"7934a88e","./skills/.archive_ai-social-media-content/scripts/README.md","reference","general","archived"
"bc29a571","./skills/.archive_afrexai-contract-review/SKILL.md","methodology","general","archived"
"1db8dc38","./skills/.archive_afrexai-contract-review/scripts/README.md","reference","general","archived"
"8c88e841","./skills/.archive_activecampaign/SKILL.md","methodology","xu_sir","archived"
"e44a35c6","./skills/.archive_activecampaign/scripts/README.md","reference","general","archived"
"f89c6c78","./skills/.archive_slack/SKILL.md","methodology","general","archived"
"d33ed1d7","./skills/.archive_adwords/tips.md","reference","xu_sir","archived"
"a574f3b8","./skills/.archive_adwords/SKILL.md","methodology","xu_sir","archived"
"2ce8fd66","./skills/.archive_adwords/scripts/README.md","reference","general","archived"
"4a9285f1","./skills/.archive_wecom-doc-sync/SKILL.md","methodology","general","archived"
"1768a608","./skills/.archive_rss-news-fetcher/SKILL.md","methodology","general","archived"
"a8e53d2b","./skills/.archive_smart-web-fetch/SKILL.md","methodology","general","archived"
"e7c9f793","./skills/.archive_persona-debate-simulator/SKILL.md","methodology","general","archived"
"b916b408","./skills/.archive_unified-dashboard-suite/SKILL.md","methodology","general","archived"
"8a987ba1","./skills/.archive_file-management-system/SKILL.md","methodology","general","archived"
"192be0ba","./skills/.archive_file-management-system/scripts/README.md","reference","general","archived"
"936b5deb","./skills/.archive_effective-meeting/SKILL.md","methodology","general","archived"
"59985020","./skills/.archive_effective-meeting/scripts/README.md","reference","general","archived"
"0731fdbd","./skills/.archive_seven-standard-auditor/SKILL.md","methodology","general","archived"
"e9b7fa44","./skills/.archive_meeting-to-action/SKILL.md","methodology","general","archived"
"8bb7602d","./skills/.archive_feishu-suite-v2/SKILL.md","methodology","general","archived"
"2333e5b7","./skills/api-monitor/SKILL.md","methodology","general","active"
"0df6e190","./skills/.archive_unified-communication-suite/SKILL.md","methodology","general","archived"
"90138e9b","./skills/.archive_knowledge-upkeep/SKILL.md","methodology","general","archived"
"b072a582","./skills/skillhub-preference/SKILL.md","methodology","general","active"
"14a573ce","./skills/worry-list-manager/data/report_daily_20260321_195403.md","reference","general","active"
"1a39296f","./skills/worry-list-manager/data/report_daily_20260327_151956.md","reference","general","active"
"a628f113","./skills/worry-list-manager/5standard-completion-report.md","reference","general","active"
"62ecd034","./skills/worry-list-manager/SKILL.md","methodology","xie_baojian","active"
"cc701582","./skills/.archive_feishu-messaging/SKILL.md","methodology","general","archived"
"cfbc732f","./skills/.archive_feishu-messaging/scripts/README.md","reference","general","archived"
"cd729a9b","./skills/token-management-satisficing/SKILL.md","methodology","general","active"
"97be62ee","./skills/.archive_five-standard-auditor/SKILL.md","methodology","general","archived"
"57680724","./skills/.archive_pandoc-convert/SKILL.md","methodology","general","archived"
"9b587730","./skills/.archive_api-failover-manager/SKILL.md","methodology","general","archived"
"2c4a8476","./skills/.archive_document-processor/SKILL.md","methodology","general","archived"
"a3ba4d3c","./skills/.archive_workspace-health-scanner/templates/health-report-template.md","reference","general","archived"
"27ca2fc1","./skills/.archive_workspace-health-scanner/SKILL.md","methodology","general","archived"
"408c1d2c","./skills/.archive_api-configuration-manager/SKILL.md","methodology","xu_sir","archived"
"50f7fc70","./skills/.archive_closure-rate-tracker/SKILL.md","methodology","general","archived"
"7989f6d7","./skills/file-gateway/SKILL.md","methodology","general","active"
"10c1830e","./skills/.archive_n8n-idempotency-checker/SKILL.md","methodology","general","archived"
"c6ee77a1","./skills/.archive_dashboard/widgets.md","reference","general","archived"
"6f71b306","./skills/.archive_dashboard/SKILL.md","methodology","general","archived"
"ef5eb6e3","./skills/.archive_dashboard/scripts/README.md","reference","general","archived"
"9aba301f","./skills/.archive_dashboard/design.md","reference","general","archived"
"239dee7d","./skills/task-manager/templates/daily-report.md","reference","general","active"
"35d3db60","./skills/task-manager/templates/README.md","reference","general","active"
"75b4b08e","./skills/task-manager/SKILL.md","methodology","general","active"
"2b78f70a","./skills/.archive_cost-control/SKILL.md","methodology","general","archived"
"ffeb77bf","./skills/.archive_unified-collaboration-suite/SKILL.md","methodology","general","archived"
"6437ec0f","./skills/.archive_cron-optimization-manager/templates/optimization_plan.md","reference","general","archived"
"a2bb12ef","./skills/.archive_cron-optimization-manager/templates/weekly_report.md","reference","general","archived"
"11bc6833","./skills/.archive_cron-optimization-manager/templates/audit_template.md","reference","general","archived"
"ac5f7111","./skills/.archive_cron-optimization-manager/SKILL.md","methodology","xu_sir","archived"
"aef2318a","./skills/.archive_cron-optimization-manager/scripts/README.md","reference","general","archived"
"797e250d","./skills/.archive_emergence-matching/SKILL.md","methodology","luo_han","archived"
"d13040c0","./skills/cron-automation/5standard-completion-report.md","reference","general","active"
"709dbb58","./skills/cron-automation/SKILL.md","methodology","general","active"
"dcd6afd6","./skills/.archive_autonomous-execution-system/SKILL.md","methodology","general","archived"
"abae98b0","./skills/.archive_autonomous-execution-system/scripts/README.md","reference","general","archived"
"39c56fb3","./skills/feishu-drive-backup/SKILL.md","methodology","general","active"
"4a935585","./skills/.archive_info-loop-closer/SKILL.md","methodology","general","archived"
"f9abcf34","./skills/.archive_closed-loop-principles/SKILL.md","methodology","general","archived"
"22a13c10","./skills/.archive_web-fetch-audit/SKILL.md","methodology","general","archived"
"09b9db0b","./skills/.archive_security-continuous-improvement/SKILL.md","methodology","general","archived"
"91514ba7","./skills/data-quality-auditor/README.md","reference","general","active"
"9a6ff4fb","./skills/data-quality-auditor/SKILL.md","methodology","general","active"
"ed6d405e","./skills/data-quality-auditor/scripts/README.md","reference","general","active"
"27b839fc","./skills/.archive_unified-notion-suite/SKILL.md","methodology","general","archived"
"fc2e505f","./skills/xhs-note-creator/README.md","reference","general","active"
"df163d54","./skills/xhs-note-creator/SKILL.md","methodology","general","active"
"33171c56","./skills/.archive_smart-web-scraper/SKILL.md","methodology","xu_sir","archived"
"ea1689ca","./skills/.archive_eeo-interview-runner/SKILL.md","methodology","general","archived"
"406c42bb","./skills/citation-consistency-auto-fix/SKILL.md","methodology","general","active"
"fa6a85e7","./skills/.archive_maintenance-scheduler/SKILL.md","methodology","xu_sir","archived"
"62f8054b","./skills/tavily-search/SKILL.md","methodology","xu_sir","active"
"0b774cbf","./skills/.archive_dingtalk-feishu-cn/SKILL.md","methodology","general","archived"
"57637620","./skills/.archive_dingtalk-feishu-cn/scripts/README.md","reference","general","archived"
"afda08e3","./skills/.archive_three-tier-response/SKILL.md","methodology","general","archived"
"b3cbb288","./skills/.archive_first-principles-system/SKILL.md","methodology","general","archived"
"a8d196eb","./skills/.archive_claude-code/SKILL.md","methodology","luo_han","archived"
"82cc041a","./skills/.archive_claude-code/scripts/README.md","reference","general","archived"
"a2f68d38","./skills/namespace-enforcement/5standard-completion-report.md","reference","general","active"
"f55eace9","./skills/namespace-enforcement/docs/migration-guide.md","reference","general","active"
"907e1e44","./skills/namespace-enforcement/docs/naming-guidelines.md","reference","general","active"
"b645383f","./skills/namespace-enforcement/SKILL.md","methodology","general","active"
"dc29db6b","./skills/.archive_todo-tracker/SKILL.md","methodology","general","archived"
"46c37994","./skills/.archive_academic-deep-research/references/user-prompt-templates.md","reference","xu_sir","archived"
"c53caafe","./skills/.archive_academic-deep-research/references/kimi-deep-research-prompt.md","reference","xu_sir","archived"
"e7c99400","./skills/.archive_academic-deep-research/SKILL.md","methodology","general","archived"
"f1cea10f","./skills/.archive_academic-deep-research/scripts/README.md","reference","general","archived"
"d2ad29f7","./skills/task-queue/SKILL.md","methodology","general","active"
"c84ddd25","./skills/markdown-converter/SKILL.md","methodology","luo_han","active"
"c74f2dbe","./skills/.archive_multi-agent-debater/SKILL.md","methodology","liu_honglei","archived"
"b2a6c7d3","./skills/.archive_zipcracker/SKILL.md","methodology","general","archived"
"7748cd67","./skills/.archive_error-guard/SKILL.md","methodology","general","archived"
"5b4cf3b2","./skills/.archive_error-guard/scripts/README.md","reference","general","archived"
"b61b3233","./skills/file-integrity/README.md","reference","general","active"
"0b7416ab","./skills/file-integrity/SKILL.md","methodology","luo_han","active"
"d0293145","./skills/.archive_layered-backup-system/SKILL.md","methodology","general","archived"
"2b32f001","./skills/.archive_first-principle-auditor/templates/audit-report-template.md","reference","general","archived"
"776047c6","./skills/.archive_first-principle-auditor/SKILL.md","methodology","general","archived"
"c2846780","./skills/.archive_first-principle-auditor/scripts/README.md","reference","general","archived"
"28d7e64f","./skills/global-resource-arbitrage/5standard-completion-report.md","reference","general","active"
"804b935a","./skills/global-resource-arbitrage/SKILL.md","methodology","general","active"
"3c10fc8a","./skills/token-fuse-system/SKILL.md","methodology","general","active"
"923defb5","./skills/.archive_patent-filing-generator/SKILL.md","methodology","general","archived"
"34993e0d","./skills/.archive_unified-framework-suite/SKILL.md","methodology","xie_baojian","archived"
"d0047495","./skills/.archive_chart-generator/tips.md","reference","general","archived"
"0cd3fe84","./skills/.archive_chart-generator/SKILL.md","methodology","xu_sir","archived"
"2d992edf","./skills/.archive_chart-generator/scripts/README.md","reference","general","archived"
"17db1d50","./skills/vendor-api-monitor/SKILL.md","methodology","general","active"
"8f2cfb2a","./skills/vendor-api-monitor/reports/api_monitor_report_2026-03-21.md","reference","general","active"
"bc8072a3","./skills/.archive_unified-automation-suite/SKILL.md","methodology","general","archived"
"577155a6","./skills/duckdb-cli-ai-skills/SKILL.md","methodology","general","active"
"fc940d7e","./skills/brave-search/SKILL.md","methodology","general","active"
"fcb227b6","./skills/token-weekly-monitor/SKILL.md","methodology","general","active"
"2206f17e","./skills/.archive_six-layer-research-model/SKILL.md","methodology","general","archived"
"cba612f7","./skills/.archive_playwright-automation/SKILL.md","methodology","general","archived"
"a847a7bd","./skills/rss-ai-reader/SKILL.md","methodology","xu_sir","active"
"b2963430","./skills/.archive_ab-test-generator/SKILL.md","methodology","general","archived"
"dc3f1dcf","./skills/.archive_ab-test-generator/scripts/README.md","reference","general","archived"
"27f857a6","./skills/.archive_feishu-docx-powerwrite/templates.md","reference","general","archived"
"9726b2e6","./skills/.archive_feishu-docx-powerwrite/troubleshooting.md","reference","general","archived"
"801bbafb","./skills/.archive_feishu-docx-powerwrite/SKILL.md","methodology","general","archived"
"ecf69a0c","./skills/.archive_feishu-docx-powerwrite/scripts/README.md","reference","general","archived"
"1ed4b481","./skills/.archive_copywriting-framework-engine/SKILL.md","methodology","xu_sir","archived"
"e7986291","./skills/.archive_copywriting-framework-engine/scripts/README.md","reference","xu_sir","archived"
"a67e5cf7","./skills/.archive_unified-scheduler-suite/SKILL.md","methodology","general","archived"
"55121506","./skills/.archive_decision-guardian/SKILL.md","methodology","xu_sir","archived"
"2f9581f5","./skills/.archive_pdf-document-parser/SKILL.md","methodology","general","archived"
"b55d2e9b","./skills/.archive_behavioral-design/SKILL.md","methodology","general","archived"
"ef9ec960","./skills/.archive_behavioral-design/scripts/README.md","reference","general","archived"
"a8479970","./skills/.archive_7x24-autonomous-system/SKILL.md","methodology","xu_sir","archived"
"2b04b914","./skills/.archive_satisficing-management-system/SKILL.md","methodology","general","archived"
"d0f6ca73","./skills/feishu-drive-self-upload/SKILL.md","methodology","xu_sir","active"
"22304ccd","./skills/.archive_team-execution-culture/SKILL.md","methodology","xu_sir","archived"
"c7a2d1f1","./skills/.archive_unified-intelligence-suite/SKILL.md","methodology","xu_sir","archived"
"35b749ee","./skills/.archive_weekly-report-generator/README.md","reference","general","archived"
"de0ced49","./skills/.archive_weekly-report-generator/SKILL.md","methodology","general","archived"
"3a6b526a","./skills/.archive_obsidian/SKILL.md","methodology","general","archived"
"7640c07d","./skills/.archive_off-peak-enforcer/SKILL.md","methodology","general","archived"
"495386f7","./skills/zero-vacancy-executor/references/configuration.md","implementation","general","active"
"ac9d8e0e","./skills/zero-vacancy-executor/5standard-completion-report.md","reference","general","active"
"674dd189","./skills/zero-vacancy-executor/SKILL.md","methodology","luo_han","active"
"526f51af","./skills/dashboard-manager/SKILL.md","methodology","general","active"
"272aca39","./skills/.archive_decision-matrix-calculator/SKILL.md","methodology","general","archived"
"d2383cad","./skills/.archive_decision-matrix-calculator/scripts/README.md","reference","general","archived"
"d15b1efe","./skills/shadow-claw/DR-ARCH-v1.0-WIP-260322-Shadow-Claw-Hot-Standby.md","reference","general","evolving"
"a054787a","./skills/.archive_iterative-research-optimizer/SKILL.md","methodology","general","archived"
"c51b2f2d","./skills/.archive_extreme-test-mode/SKILL.md","methodology","general","archived"
"6aff30e6","./skills/.archive_decision-governance/SKILL.md","methodology","xie_baojian","archived"
"c6071541","./skills/.archive_decision-governance/scripts/README.md","reference","general","archived"
"dad50f1b","./skills/.archive_bilibili-subtitle-download-skill/SKILL.md","methodology","general","archived"
"bc2587ff","./skills/.archive_bilibili-subtitle-download-skill/scripts/README.md","reference","general","archived"
"fb7dec32","./skills/5standard-integration/SKILL.md","methodology","general","active"
"d6b46dd1","./skills/.archive_backup-disaster-recovery/SKILL.md","methodology","general","archived"
"6bf4d0bb","./skills/.archive_backup-disaster-recovery/scripts/README.md","reference","general","archived"
"6c1af2d9","./skills/.archive_multi-audio-content-distributor/SKILL.md","methodology","general","archived"
"0fe4239e","./skills/.archive_decision-safety-redlines/SKILL.md","methodology","xu_sir","archived"
"2e6edf80","./skills/.archive_partner-assessment/SKILL.md","methodology","general","archived"
"a40fd9ff","./skills/.archive_unified-expert-suite/SKILL.md","methodology","xie_baojian","archived"
"9efebac7","./skills/.archive_n8n-workflow-automation/19cece98-7592-8ae5-8000-000001068550_runbook-template.md","reference","general","archived"
"bcc7f50b","./skills/.archive_n8n-workflow-automation/SKILL.md","methodology","general","archived"
"f356b5ac","./skills/.archive_unified-content-suite/SKILL.md","methodology","xu_sir","archived"
"baaac218","./skills/.archive_multi-format-output-evolution/SKILL.md","methodology","general","archived"
"58baa511","./skills/sentinel-guard/README.md","reference","general","active"
"bb416f11","./skills/sentinel-guard/SKILL.md","methodology","general","active"
"d3be9a22","./skills/dialogue-token-optimizer/SKILL.md","methodology","xu_sir","active"
"56345cf0","./skills/quality-assessment/SKILL.md","methodology","general","active"
"1d5d94a8","./skills/ai-meeting-notes/meeting-notes/2026-03-21_产品周会_2026-03-21.md","reference","general","active"
"075e0b1a","./skills/ai-meeting-notes/tests/test_cases.md","reference","general","active"
"bd18c042","./skills/ai-meeting-notes/docs/CHANGELOG.md","reference","luo_han","active"
"6d23b375","./skills/ai-meeting-notes/docs/LIMITATIONS.md","reference","general","active"
"d7558367","./skills/ai-meeting-notes/LEVEL5_UPGRADE_REPORT.md","reference","xu_sir","active"
"d0f44ebd","./skills/ai-meeting-notes/SKILL.md","methodology","xu_sir","active"
"09e57260","./skills/ai-meeting-notes/scripts/README.md","reference","xu_sir","active"
"0778f9b1","./skills/testing-framework/README.md","reference","general","active"
"cd2523e3","./skills/testing-framework/LEVEL5_UPGRADE_REPORT.md","reference","general","active"
"763c31b5","./skills/testing-framework/SKILL.md","methodology","general","active"
"17b133d5","./skills/testing-framework/SKILL_REQUIREMENTS.md","methodology","general","active"
"f8b2426a","./skills/testing-framework/SKILL_LIMITATIONS.md","methodology","xu_sir","active"
"673b216d","./skills/.archive_operation-management/SKILL.md","methodology","xie_baojian","archived"
"de5a6def","./skills/disaster-recovery-guardian/SKILL.md","methodology","xu_sir","active"
"e0ea66ab","./skills/.archive_kimi-membership-features/references/kimi-function-prompts.md","reference","general","archived"
"354a11f2","./skills/.archive_kimi-membership-features/references/kimi-prompts-v2.md","reference","general","archived"
"99a71ae4","./skills/.archive_kimi-membership-features/references/membership-benefits-guide.md","reference","general","archived"
"113588e6","./skills/.archive_kimi-membership-features/SKILL.md","methodology","xu_sir","archived"
"dc8210ee","./skills/hibernation-protocol/QUICK_REF.md","reference","general","active"
"8ef42253","./skills/hibernation-protocol/SKILL.md","methodology","xu_sir","active"
"b573c3e3","./skills/.archive_data-visualization-engine/SKILL.md","methodology","general","archived"
"581f5b91","./skills/.archive_data-visualization-engine/scripts/README.md","reference","general","archived"
"0c574537","./skills/.archive_social-media-scheduler/SKILL.md","methodology","general","archived"
"d03c02cb","./skills/copywriting/SKILL.md","methodology","general","active"
"2623ec2b","./skills/.archive_archive-handler/SKILL.md","methodology","general","archived"
"0362f34d","./skills/.archive_archive-handler/scripts/README.md","reference","general","archived"
"a062d97d","./skills/.archive_business-model-canvas/SKILL.md","methodology","general","archived"
"41e43b45","./skills/.archive_business-model-canvas/scripts/README.md","reference","general","archived"
"fcea9790","./skills/.archive_red-team-reviewer/SKILL.md","methodology","general","archived"
"27ea710a","./skills/.archive_satisficing-control-center/SKILL.md","methodology","general","archived"
"c66e013b","./skills/.archive_batch-content-generator/SKILL.md","methodology","general","archived"
"ba624ec3","./skills/.archive_notion/SKILL.md","methodology","general","archived"
"0640c8b2","./skills/.archive_promise-system-guardian/SKILL.md","methodology","general","archived"
"de35a74e","./skills/.archive_sop-standard-operations/SKILL.md","methodology","xu_sir","archived"
"17cd8ebb","./skills/.archive_pandoc-batch-convert/SKILL.md","methodology","general","archived"
"9347f943","./skills/.archive_economic-intelligence/SKILL.md","methodology","xu_sir","archived"
"1e7641be","./skills/.archive_economic-intelligence/scripts/README.md","reference","general","archived"
"4fac0b69","./skills/.archive_weekly-meeting/SKILL.md","methodology","general","archived"
"e7aed205","./skills/.archive_unified-search/SKILL.md","methodology","xu_sir","archived"
"fd802889","./skills/.archive_video-frames/SKILL.md","methodology","general","archived"
"a2a864d3","./skills/.archive_vendor-api-monitor/SKILL.md","methodology","xu_sir","archived"
"18229e58","./skills/cron-scheduling/SKILL.md","methodology","general","active"
"97c91d8e","./skills/.archive_expert-network-manager/SKILL.md","methodology","general","archived"
"2e290f88","./skills/.archive_client-value-system/SKILL.md","methodology","general","archived"
"e63b252e","./skills/.archive_client-value-system/scripts/README.md","reference","general","archived"
"df0beac3","./skills/.archive_file-integrity-checker/SKILL.md","methodology","general","archived"
"4d9cffec","./skills/.archive_satisficing-dev-workflow/references/tdd.md","reference","xu_sir","archived"
"53456c18","./skills/.archive_satisficing-dev-workflow/references/writing-plans.md","reference","general","archived"
"d269b62c","./skills/.archive_satisficing-dev-workflow/references/finishing-branch.md","reference","general","archived"
"7852d6d9","./skills/.archive_satisficing-dev-workflow/references/brainstorming.md","reference","general","archived"
"1bf770a4","./skills/.archive_satisficing-dev-workflow/references/subagent-development.md","reference","xu_sir","archived"
"04b0db0b","./skills/.archive_satisficing-dev-workflow/references/systematic-debugging.md","reference","general","archived"
"72da5e15","./skills/.archive_satisficing-dev-workflow/SKILL.md","methodology","luo_han","archived"
"daae17a7","./skills/.archive_script-generator/SKILL.md","methodology","general","archived"
"601fb0a2","./skills/.archive_change-sync/SKILL.md","methodology","general","archived"
"87bc6868","./skills/.archive_system-integration-framework/SKILL.md","methodology","xu_sir","archived"
"640d6f0c","./skills/baseline-checker/SELF_CHECK_REPORT.md","reference","general","active"
"b7b79304","./skills/baseline-checker/SKILL.md","methodology","general","active"
"ad1f72b1","./skills/.archive_continuous-improvement/SKILL.md","methodology","general","archived"
"e38560f5","./skills/.archive_continuous-improvement/scripts/README.md","reference","general","archived"
"4bea214d","./skills/.archive_ffmpeg-batch-processor/SKILL.md","methodology","general","archived"
"98bb1503","./skills/.archive_cron-control-center/SKILL.md","methodology","general","archived"
"da69236e","./skills/info-collection-quality/README.md","reference","general","active"
"a3ba7ea4","./skills/info-collection-quality/SKILL.md","methodology","general","active"
"6454be43","./skills/.archive_user-conversation-reservation/SKILL.md","methodology","general","archived"
"d492dd3c","./skills/.archive_langchain-assistant/SKILL.md","methodology","xu_sir","archived"
"205d56b2","./skills/.archive_evolution-experiment-lab/templates/experiment-design-template.md","reference","general","archived"
"f32f819f","./skills/.archive_evolution-experiment-lab/SKILL.md","methodology","general","archived"
"43014feb","./skills/.archive_evolution-experiment-lab/scripts/README.md","reference","general","archived"
"8996ccd0","./skills/.archive_reversibility-checker/SKILL.md","methodology","general","archived"
"e64cf85c","./skills/.archive_content-distribution-engine/SKILL_UPGRADE_PLAN.md","methodology","xu_sir","archived"
"8a34b3ca","./skills/.archive_content-distribution-engine/SKILL.md","methodology","general","archived"
"658a58cd","./skills/.archive_content-distribution-engine/scripts/README.md","reference","general","archived"
"0b66bd1c","./skills/.archive_cron-merge-optimizer/SKILL.md","methodology","general","archived"
"fda4cfe0","./skills/.archive_cron-merge-optimizer/scripts/README.md","reference","general","archived"
"21e05fd7","./skills/info-quality-guardian/SKILL.md","methodology","general","active"
"d7018b26","./skills/.archive_workspace-integrity-guardian/SKILL.md","methodology","general","archived"
"5a7ee565","./skills/.archive_cost-tier-strategy/SKILL.md","methodology","general","archived"
"cc3cf593","./skills/.archive_kimi-cli/SKILL.md","methodology","general","archived"
"9815affb","./skills/.archive_multi-search-engine/CHANGELOG.md","reference","general","archived"
"f84049ba","./skills/.archive_multi-search-engine/international-search.md","reference","xie_baojian","archived"
"6e323fe1","./skills/.archive_multi-search-engine/SKILL.md","methodology","general","archived"
"01cadd80","./skills/.archive_multi-search-engine/CHANNELLOG.md","reference","general","archived"
"72c3327b","./skills/five-level-verification/README.md","reference","general","active"
"2549d85c","./skills/five-level-verification/fixtures/valid_skill/README.md","reference","general","active"
"2ec4e163","./skills/five-level-verification/fixtures/valid_skill/SKILL.md","methodology","general","active"
"95cb1a08","./skills/five-level-verification/SKILL.md","methodology","general","active"
"47038c29","./skills/.archive_growth-path-monitor/SKILL.md","methodology","xie_baojian","archived"
"b8345c28","./skills/.archive_growth-path-monitor/scripts/README.md","reference","general","archived"
"0d087b03","./skills/weather-query/SKILL.md","methodology","xie_baojian","active"
"00a775f0","./skills/.archive_storytelling-engine/SKILL.md","methodology","general","archived"
"6ba32bf3","./skills/token-optimizer/SKILL.md","methodology","xu_sir","active"
"e46d6d85","./skills/.archive_sendfiles-to-feishu/SKILL.md","methodology","general","archived"
"5bae491b","./skills/.archive_audio-handler/SKILL.md","methodology","xu_sir","archived"
"4b2339bb","./skills/.archive_audio-handler/scripts/README.md","reference","general","archived"
"478d4b5b","./skills/.archive_permission-auditor/SKILL.md","methodology","general","archived"
"b0e237df","./skills/.archive_knowledge-graph-manager/SKILL.md","methodology","general","archived"
"7bcec44b","./skills/.archive_rss-ai-reader/SKILL.md","methodology","xu_sir","archived"
"d3ddc9a9","./skills/.archive_rss-ai-reader/config_guide.md","implementation","xu_sir","archived"
"922fa5bb","./skills/notion-enhanced/README.md","reference","xu_sir","active"
"e84bdd02","./skills/notion-enhanced/SUPPORT.md","reference","xu_sir","active"
"5e21aeb7","./skills/.archive_notion-api/SKILL.md","methodology","general","archived"
"635aceef","./skills/.archive_unified-mermaid-suite/SKILL.md","methodology","general","archived"
"15b58090","./skills/file-handler-universal/QUICK_REF.md","reference","general","active"
"41d157d7","./skills/file-handler-universal/SKILL.md","methodology","general","active"
"64fc033b","./skills/meta-cognitive-evolver/SKILL.md","methodology","general","active"
"64e3f68d","./skills/dormancy-protocol/5standard-completion-report.md","reference","general","active"
"fb38e1e1","./skills/dormancy-protocol/SKILL.md","methodology","xu_sir","active"
"3a1b4c84","./skills/zero-idle-enforcer/SELF_CHECK_REPORT.md","reference","general","active"
"3df6238e","./skills/zero-idle-enforcer/SKILL.md","methodology","general","active"
"1864a8c4","./skills/.archive_channel-script-suite/SKILL.md","methodology","general","archived"
"5657fb7a","./skills/.archive_announcement-manager/SKILL.md","methodology","general","archived"
"10483115","./skills/.archive_openclaw-tavily-search/SKILL.md","methodology","general","archived"
"046af2c1","./skills/conversation-continuity/SKILL.md","methodology","xu_sir","active"
"769b7caa","./skills/automate-excel/SKILL.md","methodology","general","active"
"af5bcead","./skills/.archive_marketing-content-generator/SKILL.md","methodology","xu_sir","archived"
"164f3188","./skills/.archive_marketing-content-generator/QUICKSTART.md","reference","xu_sir","archived"
"2320a82c","./skills/.archive_expert-profile-manager/SKILL.md","methodology","liu_honglei","archived"
"6ad0b863","./skills/.archive_expert-profile-manager/scripts/README.md","reference","general","archived"
"ed0b7b1b","./skills/.archive_news-summary/SKILL.md","methodology","general","archived"
"734df101","./skills/.archive_management-enforcer/SKILL.md","methodology","general","archived"
"5e76a906","./skills/.archive_tuanziguardianclaw/SKILL.md","methodology","general","archived"
"d1e2f860","./skills/.archive_kimi-code/SKILL.md","methodology","xu_sir","archived"
"e499271e","./skills/.archive_closed-loop-enforcer/SKILL.md","methodology","general","archived"
"7ec598df","./skills/.archive_swotpal-swot-analysis/README.md","reference","xu_sir","archived"
"e250148b","./skills/.archive_swotpal-swot-analysis/SKILL.md","methodology","xu_sir","archived"
"45533766","./skills/rpo-rto-monitor/SKILL.md","methodology","general","active"
"66c8225b","./skills/.archive_tavily/SKILL.md","methodology","xu_sir","archived"
"fc46011c","./skills/.archive_tavily/api-reference.md","reference","xu_sir","archived"
"50a75734","./skills/.archive_feishu-doc-manager/SKILL.md","methodology","general","archived"
"ca430696","./skills/.archive_feishu-doc-manager/scripts/README.md","reference","general","archived"
"a4839e39","./skills/.archive_workflow-blueprint-generator/SKILL.md","methodology","general","archived"
"690a34e2","./skills/blue-sentinel/BOOTSTRAP.md","reference","general","active"
"9e467e02","./skills/blue-sentinel/SKILL.md","methodology","general","active"
"ef3a5c94","./skills/blue-sentinel/cognitive_audit_checklist.md","reference","xu_sir","active"
"097f2cde","./skills/blue-sentinel/UPGRADE_REPORT.md","reference","general","active"
"bb62bb1e","./skills/.archive_expert-profile-collector/SKILL.md","methodology","general","archived"
"34bdf116","./skills/.archive_perception-training-system/SKILL.md","methodology","luo_han","archived"
"b403e6bc","./skills/sync-manager/README.md","reference","general","active"
"e3dee85a","./skills/sync-manager/SKILL.md","methodology","general","active"
"2f20e040","./skills/error-handler/RATE_LIMIT_HANDLING.md","reference","general","active"
"6b7a6166","./skills/error-handler/SKILL.md","methodology","general","active"
"9d6af82d","./skills/error-handler/429_PREVENTION.md","reference","general","active"
"d13b8935","./skills/.archive_satisficing-partner-decision/SKILL.md","methodology","xu_sir","archived"
"5522e8af","./skills/.archive_overdue-task-rescuer/SKILL.md","methodology","general","archived"
"4adf9dd3","./skills/.archive_skill-integration-optimizer/SKILL.md","methodology","general","archived"
"83a69e3c","./skills/.archive_reporting-standards/SKILL.md","methodology","general","archived"
"ad44af40","./skills/promise-system-guardian/SKILL.md","methodology","general","active"
"e8dabc37","./skills/role-federation/SKILL.md","methodology","xie_baojian","active"
"53857af8","./skills/.archive_heartbeat-protocol/SKILL.md","methodology","general","archived"
"e6fa7d79","./skills/.archive_unified-workflow-suite/SKILL.md","methodology","general","archived"
"c4695e46","./skills/.archive_wulu-totem-system/SKILL.md","methodology","liu_honglei","archived"
"c27bcef5","./skills/.archive_invitation-sender/SKILL.md","methodology","general","archived"
"70dd57e6","./skills/.archive_jina-ai-reader/SKILL.md","methodology","xu_sir","archived"
"9b462543","./skills/react-email/README.md","reference","xu_sir","active"
"60bdc491","./skills/react-email/SKILL.md","methodology","general","active"
"db9b009d","./skills/.archive_multi-platform-content-adapter/SKILL.md","methodology","general","archived"
"56c81a00","./skills/.archive_knowledge-extraction/SKILL.md","methodology","general","archived"
"3dd57abe","./TOKEN_BUDGET_BASELINE.md","reference","general","active"
"431695f9","./diary/reflection_2026-03-20.md","reference","general","active"
"0f8ea437","./diary/redlines/REDLINE-010-QUALITY-vs-LEAN.md","reference","general","active"
"d2dec8f0","./diary/reflection_2026-03-20_management.md","reference","general","active"
"9845487d","./diary/errors/ERR-20260320-002-cron-on-hour.md","reference","general","active"
"cc576376","./diary/errors/error_001_报喜不报忧_2026-03-20.md","reference","general","active"
"8ff5668f","./core/README.md","reference","xie_baojian","active"
"7b1e182f","./core/README_V2.md","reference","xie_baojian","active"
"54b4adec","./tools/feishu_token_help_request.md","reference","xu_sir","active"
"3d87c760","./tools/README.md","reference","general","active"
"f4465203","./tools/feishu_test_file.md","reference","general","active"
"397a5739","./tools/TEST_REPORT.md","reference","general","active"
"85f8491e","./working/tech/architecture.md","reference","general","active"
"e272fcf5","./working/operations/team_enhancement_30d.md","reference","xu_sir","active"
"552ed330","./working/operations/milestones.md","reference","general","active"
"10f9521e","./working/experts/EXPERT-005.md","reference","fang_yifeng","active"
"b56882e3","./working/experts/EXPERT-001.md","reference","liu_honglei","active"
"f4005850","./working/experts/EXPERT-004.md","reference","xu_sir","active"
"d055f162","./working/experts/EXPERT-003.md","reference","xie_baojian","active"
"1f929bb8","./working/experts/README.md","reference","liu_honglei","active"
"9609d928","./working/experts/EXPERT-002.md","reference","luo_han","active"
"cce0c30b","./working/experts/EXPERT-006.md","reference","liu_honglei","active"
"f07e2b2f","./working/skills/README.md","reference","xu_sir","active"
"5a3ca5da","./working/cases/CASE-008.md","reference","general","active"
"7e51df55","./working/cases/CASE-002.md","reference","general","active"
"8d41dbcf","./working/cases/CASE-003.md","reference","xu_sir","active"
"22e132bf","./working/cases/CASE-F02.md","reference","general","active"
"ee611fa5","./working/cases/CASE-O01.md","reference","general","active"
"7b8596fb","./working/cases/README.md","reference","xu_sir","active"
"76c1f34a","./working/cases/CASE-001.md","reference","general","active"
"daa5f2ee","./working/cases/CASE-F05.md","reference","general","active"
"d7ebb786","./working/cases/CASE-F04.md","reference","general","active"
"86982539","./working/cases/CASE-005.md","reference","general","active"
"cda28b3e","./working/cases/CASE-007.md","reference","general","active"
"07ab9772","./working/cases/CASE-006.md","reference","general","active"
"8002b775","./working/cases/CASE-O02.md","reference","general","active"
"4a3f52cb","./working/cases/CASE-004.md","reference","general","active"
"52d82101","./working/cases/CASE-F03.md","reference","general","active"
"7af74165","./working/cases/CASE-F01.md","reference","general","active"
"1f4ce283","./dashboard/MONITORING_CENTER_STATUS.md","reference","general","active"
"1ae94fd1","./TOOLS.md","reference","general","active"
"3304a734","./WORKSPACE_STATUS.md","reference","xu_sir","active"
"c36f0128","./SKILL_AUDIT_REPORT_V1.2.md","methodology","xu_sir","active"
"6bd445cb","./scripts/cron_optimization/README.md","reference","general","active"
"a91efb6e","./scripts/README_daily_report.md","reference","general","active"
"7c85da0f","./scripts/test_report.md","reference","xu_sir","active"
"0216713f","./reports/SKILL_CONVERSION_COMPLETION_REPORT_2026-03-15.md","methodology","general","active"
"6252787b","./reports/assessment/cross-validation/task-coordinator-20260321.md","reference","general","active"
"97404068","./reports/assessment/reports/task-coordinator-20260321.md","reference","xu_sir","active"
"86f9c31a","./reports/SYSTEM_TRANSFORMATION_CHECK_REPORT_2026-03-20.md","reference","xie_baojian","active"
"8898db91","./reports/file_reference_check_20260321_101253.md","reference","general","active"
"071d4d00","./reports/FULL_PROGRESS_REPORT_2026-03-10.md","reference","xu_sir","active"
"1f1fdc54","./reports/perceptual_decision_making_report.md","reference","xu_sir","active"
"23830b0d","./reports/MANAGEMENT_SYSTEM_AUDIT_V2.md","reference","general","active"
"c0d07a5a","./reports/GITHUB_SKILL_INSTALL_REPORT.md","methodology","general","active"
"bfb39a20","./reports/FILE_REFERENCE_CHECK_DETAILED_2026-03-21.md","reference","xu_sir","active"
"4cc55337","./reports/PROMISE_SYSTEM_DAILY_REPORT.md","reference","xu_sir","active"
"9d855136","./reports/SKILL_SYSTEM_DEPLOYMENT_COMPLETE.md","methodology","general","active"
"c9876a17","./reports/OPTIMIZATION_COMPLETE_REPORT_20260321.md","reference","general","active"
"7bb3d7c3","./reports/FIRST_PRINCIPLES_SYSTEM_COMPLETE.md","reference","general","active"
"617b3cfb","./reports/validation/integrity-report-20260319_004749.md","reference","general","active"
"d385517b","./reports/WEB_FETCHER_TEST_REPORT.md","reference","general","active"
"54902f84","./reports/COMPLETE_FILE_INVENTORY_2026-03-10.md","reference","xu_sir","active"
"54982ed3","./reports/SKILL_429_FIX_REPORT.md","methodology","general","active"
"d825b86a","./reports/internal_optimization_report_20260321.md","reference","general","active"
"17b49235","./reports/execution_efficiency_analysis_20260321.md","reference","general","active"
"58350939","./reports/ALL_TEAM_LEARNING_PROGRESS_REPORT.md","reference","xie_baojian","active"
"dd5c6a10","./reports/CLAWHUB_SKILL_INSTALLATION_REPORT.md","methodology","general","active"
"bf805a3c","./reports/MONITORING_FIRST_CYCLE_REPORT.md","reference","general","active"
"157b5e55","./reports/qa/20260321-185039-test_1.py.md","reference","general","active"
"3c671cf1","./reports/qa/20260321-185118-test.py.md","reference","general","active"
"98e3bc78","./reports/qa/20260321-185135-test_2.sh.md","reference","general","active"
"6ebbbe7e","./reports/qa/20260321-185135-test_3.md.md","reference","general","active"
"1bfdfeaf","./reports/qa/20260321-185112-test_2.sh.md","reference","general","active"
"05a69bac","./reports/qa/20260321-184938-SKILL.md.md","methodology","general","active"
"2a056429","./reports/qa/adversarial/adversarial-test-20260321-185112.md","reference","general","active"
"1d4023e1","./reports/qa/adversarial/adversarial-test-20260321-185039.md","reference","general","active"
"4f27a547","./reports/qa/adversarial/adversarial-test-20260321-185134.md","reference","general","active"
"7042a223","./reports/qa/20260321-185039-test_3.md.md","reference","general","active"
"c990188f","./reports/qa/20260321-185112-test_3.md.md","reference","general","active"
"f0a908e4","./reports/qa/20260321-185039-test_2.sh.md","reference","general","active"
"3bac321f","./reports/qa/20260321-185044-test.py.md","reference","general","active"
"402a8ceb","./reports/qa/20260321-185112-test_1.py.md","reference","general","active"
"dbf5b801","./reports/qa/20260321-185134-test_1.py.md","reference","general","active"
"a242bdbd","./reports/VENDOR_API_DAILY_REPORT.md","reference","general","active"
"fa75f31b","./reports/SKILL_MANAGEMENT_SYSTEM_COMPLETE.md","methodology","general","active"
"094d4260","./reports/REFERENCE_CHECK_2026-03-21.md","reference","xu_sir","active"
"2901de4e","./reports/P0_BATCH_MONITORING_REPORT.md","reference","general","active"
"e3cde1ad","./reports/DAILY_SUMMARY_2026-03-14.md","reference","xu_sir","active"
"6130e2ec","./reports/SKILL_BATCH_PROCESSING_REPORT.md","methodology","xu_sir","active"
"0bf36892","./reports/P0_EXECUTION_REPORT_2026-03-15.md","reference","liu_honglei","active"
"50809a11","./reports/SKILL_5_TOOL_ENHANCEMENT_REPORT.md","methodology","general","active"
"da986808","./reports/SKILL_FINAL_PROCESSING_REPORT.md","methodology","general","active"
"23fa0a52","./reports/WIP-007-Claude-API-403-Investigation-Report.md","reference","general","evolving"
"c0aba2ab","./reports/SKILL_INSTALLATION_REPORT_2026-03-14.md","methodology","xu_sir","active"
"54a38b07","./reports/SKILL_MANAGEMENT_SYSTEM_REPORT.md","methodology","xu_sir","active"
"7eb572e1","./reports/SKILL_UPLOAD_REPORT_2026-03-18.md","methodology","xu_sir","active"
"ccf409f1","./reports/COMPREHENSIVE_SYSTEM_AUDIT_2026-03-15.md","reference","general","active"
"1b209c12","./reports/SKILL_BATCH_2_PROCESSING_REPORT.md","methodology","xu_sir","active"
"61957c7f","./reports/SKILL_API_INVENTORY_2026-03-10.md","methodology","general","active"
"801bc87a","./reports/DAILY_REPORT_2026-03-10.md","reference","xu_sir","active"
"cdb3bfcb","./Working_专家层.md","reference","liu_honglei","active"
"27daad00","./A-manyige/07_📊数据资产/📄 源文件/五路图腾信息图V1.0.md","reference","general","active"
"65c11a56","./A-manyige/07_📊数据资产/📄 源文件/Mermaid图表模板库.md","reference","general","active"
"7d5fb4fa","./A-manyige/07_📊数据资产/📄 源文件/数据选题转化测试报告.md","reference","general","active"
"caf411a2","./A-manyige/07_📊数据资产/📄 源文件/API配置记录.md","reference","general","active"
"5bb57786","./A-manyige/07_📊数据资产/📄 源文件/自主运营仪表盘.md","reference","general","active"
"6bd9db07","./A-manyige/07_📊数据资产/📄 源文件/工具部署记录.md","reference","general","active"
"f1be89eb","./A-manyige/07_📊数据资产/五路图腾信息图V1.0.md","reference","general","active"
"056317e3","./A-manyige/07_📊数据资产/信息采集报告/信息采集报告_2026-03-16_0500.md","reference","xie_baojian","active"
"2f7acc57","./A-manyige/07_📊数据资产/Mermaid图表模板库.md","reference","general","active"
"843bda41","./A-manyige/07_📊数据资产/信息采集日志/2026-03-15_14-00_信息采集.md","reference","xu_sir","active"
"826b73d3","./A-manyige/07_📊数据资产/进度监控/📄 源文件/README.md","reference","general","active"
"3edd8c2c","./A-manyige/07_📊数据资产/进度监控/README.md","reference","general","active"
"b6041d92","./A-manyige/07_📊数据资产/数据选题转化测试报告.md","reference","general","active"
"e52eff55","./A-manyige/07_📊数据资产/API配置记录.md","reference","general","active"
"31708b7b","./A-manyige/07_📊数据资产/自主运营仪表盘.md","reference","general","active"
"73d42285","./A-manyige/07_📊数据资产/信息采集/硬科技信息采集_2026-03-15_1600.md","reference","xu_sir","active"
"a0e392b3","./A-manyige/07_📊数据资产/信息采集/信息库_2026-03-15_1500.md","reference","xu_sir","active"
"fcc473e5","./A-manyige/07_📊数据资产/工具部署记录.md","reference","general","active"
"b850a7d1","./A-manyige/07_📊数据资产/资源看板/📄 源文件/资源清单.md","reference","liu_honglei","active"
"835b838a","./A-manyige/07_📊数据资产/资源看板/资源清单.md","reference","liu_honglei","active"
"5043114b","./A-manyige/07_📊数据资产/信息采集记录/info-collection-2026-03-15-1254.md","reference","xu_sir","active"
"3766872e","./A-manyige/07_📊数据资产/决策日志/📄 源文件/决策记录模板.md","reference","xie_baojian","active"
"69f9ffcc","./A-manyige/07_📊数据资产/决策日志/决策记录模板.md","reference","xie_baojian","active"
"6d63ca75","./A-manyige/AI灵魂复刻包V2.0/config/📄 源文件/配置说明.md","reference","xu_sir","active"
"d436aa4e","./A-manyige/AI灵魂复刻包V2.0/config/配置说明.md","reference","xu_sir","active"
"18f32f03","./A-manyige/AI灵魂复刻包V2.0/management/📄 源文件/管理模板.md","reference","xu_sir","active"
"09d3222e","./A-manyige/AI灵魂复刻包V2.0/management/管理模板.md","reference","xu_sir","active"
"40564738","./A-manyige/AI灵魂复刻包V2.0/📄 源文件/00_README_复刻指南.md","reference","xie_baojian","active"
"8e3059fa","./A-manyige/AI灵魂复刻包V2.0/00_README_复刻指南.md","reference","xie_baojian","active"
"17ddc05a","./A-manyige/AI灵魂复刻包V2.0/skills/📄 源文件/00_SKILL_REGISTRY.md","methodology","general","active"
"260b1b59","./A-manyige/AI灵魂复刻包V2.0/skills/00_SKILL_REGISTRY.md","methodology","general","active"
"aaf15b64","./A-manyige/AI灵魂复刻包V2.0/workspace/成果交付/📄 源文件/满意解研究所V1.0成果汇总_审阅版.md","reference","xie_baojian","active"
"c9a277b0","./A-manyige/AI灵魂复刻包V2.0/workspace/成果交付/满意解研究所V1.0成果汇总_审阅版.md","reference","xie_baojian","active"
"a3a0ee0b","./A-manyige/AI灵魂复刻包V2.0/workspace/成果交付/方案文档/📄 源文件/满意解研究所V1.0成果汇总_审阅版.md","reference","xie_baojian","active"
"3035918e","./A-manyige/AI灵魂复刻包V2.0/workspace/成果交付/方案文档/满意解研究所V1.0成果汇总_审阅版.md","reference","xie_baojian","active"
"68b9d5d3","./A-manyige/AI灵魂复刻包V2.0/runtime/📄 源文件/运行时说明.md","reference","xu_sir","active"
"e424b15f","./A-manyige/AI灵魂复刻包V2.0/runtime/运行时说明.md","reference","xu_sir","active"
"96fe09a8","./A-manyige/AI灵魂复刻包V2.0/communication/📄 源文件/COMMUNICATION_DNA.md","reference","xu_sir","active"
"42ca0c7f","./A-manyige/AI灵魂复刻包V2.0/communication/COMMUNICATION_DNA.md","reference","xu_sir","active"
"5a3296ee","./A-manyige/AI灵魂复刻包V2.0/knowledge/满意解研究所资料库/经验萃取官_角色定义.md","reference","xie_baojian","active"
"ee50191e","./A-manyige/AI灵魂复刻包V2.0/knowledge/满意解研究所资料库/📄 源文件/经验萃取官_角色定义.md","reference","xie_baojian","active"
"66c7d532","./A-manyige/AI灵魂复刻包V2.0/knowledge/满意解研究所资料库/📄 源文件/README.md","reference","xie_baojian","active"
"95f7329b","./A-manyige/AI灵魂复刻包V2.0/knowledge/满意解研究所资料库/📄 源文件/项目进化官_角色定义.md","reference","xie_baojian","active"
"2523114a","./A-manyige/AI灵魂复刻包V2.0/knowledge/满意解研究所资料库/05_话术工具/📄 源文件/首批客户销售材料包_V0.1_模拟版.md","reference","xu_sir","active"
"318c7bb1","./A-manyige/AI灵魂复刻包V2.0/knowledge/满意解研究所资料库/05_话术工具/📄 源文件/对外话术转换手册.md","reference","xie_baojian","active"
"ad199274","./A-manyige/AI灵魂复刻包V2.0/knowledge/满意解研究所资料库/05_话术工具/首批客户销售材料包_V0.1_模拟版.md","reference","xu_sir","active"
"8edd1cd9","./A-manyige/AI灵魂复刻包V2.0/knowledge/满意解研究所资料库/05_话术工具/对外话术转换手册.md","reference","xie_baojian","active"
"9348ccf5","./A-manyige/AI灵魂复刻包V2.0/knowledge/满意解研究所资料库/README.md","reference","xie_baojian","active"
"e06bfc95","./A-manyige/AI灵魂复刻包V2.0/knowledge/满意解研究所资料库/项目进化官_角色定义.md","reference","xie_baojian","active"
"7987a29a","./A-manyige/AI灵魂复刻包V2.0/knowledge/满意解研究所资料库/03_学术根基/📄 源文件/六祖慧能_顿悟与红莲的双重关联.md","reference","general","active"
"846b1181","./A-manyige/AI灵魂复刻包V2.0/knowledge/满意解研究所资料库/03_学术根基/📄 源文件/五路图腾深化研究_慧能红莲立体解析.md","reference","luo_han","active"
"ed89fa1a","./A-manyige/AI灵魂复刻包V2.0/knowledge/满意解研究所资料库/03_学术根基/📄 源文件/学术根基-西蒙理论.md","reference","general","active"
"c17ebb22","./A-manyige/AI灵魂复刻包V2.0/knowledge/满意解研究所资料库/03_学术根基/📄 源文件/五路图腾深化研究_红莲与六祖慧能.md","reference","luo_han","active"
"9c799de4","./A-manyige/AI灵魂复刻包V2.0/knowledge/满意解研究所资料库/03_学术根基/📄 源文件/研究报告审核意见_感知力决策知识图谱.md","reference","general","active"
"870791c4","./A-manyige/AI灵魂复刻包V2.0/knowledge/满意解研究所资料库/03_学术根基/六祖慧能_顿悟与红莲的双重关联.md","reference","general","active"
"e912b8d2","./A-manyige/AI灵魂复刻包V2.0/knowledge/满意解研究所资料库/03_学术根基/五路图腾深化研究_慧能红莲立体解析.md","reference","luo_han","active"
"09985908","./A-manyige/AI灵魂复刻包V2.0/knowledge/满意解研究所资料库/03_学术根基/学术根基-西蒙理论.md","reference","general","active"
"3f61aa02","./A-manyige/AI灵魂复刻包V2.0/knowledge/满意解研究所资料库/03_学术根基/五路图腾深化研究_红莲与六祖慧能.md","reference","luo_han","active"
"e7f4f6bc","./A-manyige/AI灵魂复刻包V2.0/knowledge/满意解研究所资料库/03_学术根基/研究报告审核意见_感知力决策知识图谱.md","reference","general","active"
"f16a7285","./A-manyige/AI灵魂复刻包V2.0/knowledge/满意解研究所资料库/01_战略核心/📄 源文件/创始人画像_Egbertie.md","reference","xie_baojian","active"
"5e1f5d3d","./A-manyige/AI灵魂复刻包V2.0/knowledge/满意解研究所资料库/01_战略核心/📄 源文件/专家会诊流程模板.md","reference","luo_han","active"
"8a4f5b29","./A-manyige/AI灵魂复刻包V2.0/knowledge/满意解研究所资料库/01_战略核心/📄 源文件/压力测试执行手册_极限72小时.md","reference","xu_sir","active"
"fc449940","./A-manyige/AI灵魂复刻包V2.0/knowledge/满意解研究所资料库/01_战略核心/📄 源文件/完整组织架构_整合版.md","reference","luo_han","active"
"6ac8900b","./A-manyige/AI灵魂复刻包V2.0/knowledge/满意解研究所资料库/01_战略核心/📄 源文件/组织架构与职能说明.md","reference","xie_baojian","active"
"661cdfdc","./A-manyige/AI灵魂复刻包V2.0/knowledge/满意解研究所资料库/01_战略核心/📄 源文件/完整组织架构.md","reference","xie_baojian","active"
"2ff96a55","./A-manyige/AI灵魂复刻包V2.0/knowledge/满意解研究所资料库/01_战略核心/📄 源文件/合伙人评估问卷_V2.0_感知力决策版.md","reference","general","active"
"eae9f28b","./A-manyige/AI灵魂复刻包V2.0/knowledge/满意解研究所资料库/01_战略核心/📄 源文件/战略核心档案.md","reference","xie_baojian","active"
"6df1cb0b","./A-manyige/AI灵魂复刻包V2.0/knowledge/满意解研究所资料库/01_战略核心/创始人画像_Egbertie.md","reference","xie_baojian","active"
"961ecef8","./A-manyige/AI灵魂复刻包V2.0/knowledge/满意解研究所资料库/01_战略核心/专家会诊流程模板.md","reference","luo_han","active"
"acdc0eb0","./A-manyige/AI灵魂复刻包V2.0/knowledge/满意解研究所资料库/01_战略核心/压力测试执行手册_极限72小时.md","reference","xu_sir","active"
"1c9220b2","./A-manyige/AI灵魂复刻包V2.0/knowledge/满意解研究所资料库/01_战略核心/完整组织架构_整合版.md","reference","luo_han","active"
"959d2e13","./A-manyige/AI灵魂复刻包V2.0/knowledge/满意解研究所资料库/01_战略核心/组织架构与职能说明.md","reference","xie_baojian","active"
"81b01bce","./A-manyige/AI灵魂复刻包V2.0/knowledge/满意解研究所资料库/01_战略核心/完整组织架构.md","reference","xie_baojian","active"
"e18620db","./A-manyige/AI灵魂复刻包V2.0/knowledge/满意解研究所资料库/01_战略核心/合伙人评估问卷_V2.0_感知力决策版.md","reference","general","active"
"7548eace","./A-manyige/AI灵魂复刻包V2.0/knowledge/满意解研究所资料库/01_战略核心/战略核心档案.md","reference","xie_baojian","active"
"b7dc6ab7","./A-manyige/AI灵魂复刻包V2.0/knowledge/满意解研究所资料库/02_版本迭代/五路图腾更新记录_红莲到慧能.md","reference","xu_sir","active"
"de3f21cf","./A-manyige/AI灵魂复刻包V2.0/knowledge/满意解研究所资料库/02_版本迭代/📄 源文件/五路图腾更新记录_红莲到慧能.md","reference","xu_sir","active"
"bcd7ed69","./A-manyige/AI灵魂复刻包V2.0/knowledge/满意解研究所资料库/02_版本迭代/📄 源文件/版本迭代记录.md","reference","xie_baojian","active"
"0247d2be","./A-manyige/AI灵魂复刻包V2.0/knowledge/满意解研究所资料库/02_版本迭代/版本迭代记录.md","reference","xie_baojian","active"
"d103ee04","./A-manyige/AI灵魂复刻包V2.0/knowledge/满意解研究所资料库/07_命理内部/命理信息-内部参考.md","reference","xie_baojian","active"
"c7680e2a","./A-manyige/AI灵魂复刻包V2.0/knowledge/满意解研究所资料库/07_命理内部/📄 源文件/命理信息-内部参考.md","reference","xie_baojian","active"
"21b72aa3","./A-manyige/AI灵魂复刻包V2.0/knowledge/满意解研究所资料库/08_执行待办/首批客户销售材料_迭代记录.md","reference","xu_sir","active"
"a19a1070","./A-manyige/AI灵魂复刻包V2.0/knowledge/满意解研究所资料库/08_执行待办/33角色完整状态清单.md","reference","luo_han","active"
"eef78a38","./A-manyige/AI灵魂复刻包V2.0/knowledge/满意解研究所资料库/08_执行待办/📄 源文件/首批客户销售材料_迭代记录.md","reference","xu_sir","active"
"4f4fa9a3","./A-manyige/AI灵魂复刻包V2.0/knowledge/满意解研究所资料库/08_执行待办/📄 源文件/33角色完整状态清单.md","reference","luo_han","active"
"4400c067","./A-manyige/AI灵魂复刻包V2.0/knowledge/满意解研究所资料库/08_执行待办/📄 源文件/未明确问题清单.md","reference","luo_han","active"
"85d6b3d4","./A-manyige/AI灵魂复刻包V2.0/knowledge/满意解研究所资料库/08_执行待办/📄 源文件/现有任务清单.md","reference","xu_sir","active"
"24f7ae76","./A-manyige/AI灵魂复刻包V2.0/knowledge/满意解研究所资料库/08_执行待办/📄 源文件/执行待办清单.md","reference","luo_han","active"
"cf87450e","./A-manyige/AI灵魂复刻包V2.0/knowledge/满意解研究所资料库/08_执行待办/📄 源文件/每日进度报告_模板示例.md","reference","xu_sir","active"
"babb51c2","./A-manyige/AI灵魂复刻包V2.0/knowledge/满意解研究所资料库/08_执行待办/📄 源文件/未明确问题确认汇总.md","reference","xu_sir","active"
"8ad118ea","./A-manyige/AI灵魂复刻包V2.0/knowledge/满意解研究所资料库/08_执行待办/📄 源文件/极限24小时测试材料包.md","reference","xu_sir","active"
"f70e9efa","./A-manyige/AI灵魂复刻包V2.0/knowledge/满意解研究所资料库/08_执行待办/📄 源文件/完整任务清单.md","reference","general","active"
"43968cab","./A-manyige/AI灵魂复刻包V2.0/knowledge/满意解研究所资料库/08_执行待办/📄 源文件/本周执行确认书.md","reference","xu_sir","active"
"9617c1ae","./A-manyige/AI灵魂复刻包V2.0/knowledge/满意解研究所资料库/08_执行待办/📄 源文件/EEO首次访谈提纲_银行多岗位经验.md","reference","general","active"
"ec3722b5","./A-manyige/AI灵魂复刻包V2.0/knowledge/满意解研究所资料库/08_执行待办/📄 源文件/现有任务清单_已确认版.md","reference","xu_sir","active"
"80a9a803","./A-manyige/AI灵魂复刻包V2.0/knowledge/满意解研究所资料库/08_执行待办/未明确问题清单.md","reference","luo_han","active"
"bd7ea68a","./A-manyige/AI灵魂复刻包V2.0/knowledge/满意解研究所资料库/08_执行待办/现有任务清单.md","reference","xu_sir","active"
"31eb1c33","./A-manyige/AI灵魂复刻包V2.0/knowledge/满意解研究所资料库/08_执行待办/执行待办清单.md","reference","luo_han","active"
"8ab20241","./A-manyige/AI灵魂复刻包V2.0/knowledge/满意解研究所资料库/08_执行待办/每日进度报告_模板示例.md","reference","xu_sir","active"
"91c63e3f","./A-manyige/AI灵魂复刻包V2.0/knowledge/满意解研究所资料库/08_执行待办/未明确问题确认汇总.md","reference","xu_sir","active"
"5f8f6e8f","./A-manyige/AI灵魂复刻包V2.0/knowledge/满意解研究所资料库/08_执行待办/极限24小时测试材料包.md","reference","xu_sir","active"
"62e8a773","./A-manyige/AI灵魂复刻包V2.0/knowledge/满意解研究所资料库/08_执行待办/完整任务清单.md","reference","general","active"
"623417f9","./A-manyige/AI灵魂复刻包V2.0/knowledge/满意解研究所资料库/08_执行待办/本周执行确认书.md","reference","xu_sir","active"
"0c08c5dc","./A-manyige/AI灵魂复刻包V2.0/knowledge/满意解研究所资料库/08_执行待办/EEO首次访谈提纲_银行多岗位经验.md","reference","general","active"
"d30b56f4","./A-manyige/AI灵魂复刻包V2.0/knowledge/满意解研究所资料库/08_执行待办/现有任务清单_已确认版.md","reference","xu_sir","active"
"2bff5fab","./A-manyige/AI灵魂复刻包V2.0/knowledge/满意解研究所资料库/06_反方质疑/📄 源文件/V1.0蓝军报告_命理相关质疑提取.md","reference","general","active"
"3f8d9a83","./A-manyige/AI灵魂复刻包V2.0/knowledge/满意解研究所资料库/06_反方质疑/V1.0蓝军报告_命理相关质疑提取.md","reference","general","active"
"35b1de3f","./A-manyige/AI灵魂复刻包V2.0/knowledge/本地文档包/T03_GUANYIN_观自在.md","reference","xie_baojian","active"
"d3a80802","./A-manyige/AI灵魂复刻包V2.0/knowledge/本地文档包/专家数字替身_罗汉_V1.1.md","reference","luo_han","active"
"57628ae7","./A-manyige/AI灵魂复刻包V2.0/knowledge/本地文档包/15_图片资产制作计划.md","reference","general","active"
"9295cf05","./A-manyige/AI灵魂复刻包V2.0/knowledge/本地文档包/05_项目愿景与真人专家体系.md","reference","general","active"
"61e9d5bf","./A-manyige/AI灵魂复刻包V2.0/knowledge/本地文档包/01_满意妞_主控AI.md","reference","xie_baojian","active"
"0e141cf9","./A-manyige/AI灵魂复刻包V2.0/knowledge/本地文档包/📄 源文件/T03_GUANYIN_观自在.md","reference","xie_baojian","active"
"8c87344d","./A-manyige/AI灵魂复刻包V2.0/knowledge/本地文档包/📄 源文件/专家数字替身_罗汉_V1.1.md","reference","luo_han","active"
"0942cc35","./A-manyige/AI灵魂复刻包V2.0/knowledge/本地文档包/📄 源文件/15_图片资产制作计划.md","reference","general","active"
"b2947102","./A-manyige/AI灵魂复刻包V2.0/knowledge/本地文档包/📄 源文件/05_项目愿景与真人专家体系.md","reference","general","active"
"0424d082","./A-manyige/AI灵魂复刻包V2.0/knowledge/本地文档包/📄 源文件/01_满意妞_主控AI.md","reference","xie_baojian","active"
"a706fc72","./A-manyige/AI灵魂复刻包V2.0/knowledge/本地文档包/📄 源文件/14_CONTENT_内容总监.md","reference","general","active"
"294d17ac","./A-manyige/AI灵魂复刻包V2.0/knowledge/本地文档包/📄 源文件/数字人替身管理系统_V1.0.md","reference","xu_sir","active"
"94b5cb2d","./A-manyige/AI灵魂复刻包V2.0/knowledge/本地文档包/📄 源文件/20_专家邀请函_四封.md","reference","liu_honglei","active"
"a0158f8e","./A-manyige/AI灵魂复刻包V2.0/knowledge/本地文档包/📄 源文件/专家数字替身_谢宝剑_V1.1.md","reference","xie_baojian","active"
"665066e3","./A-manyige/AI灵魂复刻包V2.0/knowledge/本地文档包/📄 源文件/T04_CONFUCIUS_孔子.md","reference","liu_honglei","active"
"fff1b741","./A-manyige/AI灵魂复刻包V2.0/knowledge/本地文档包/📄 源文件/04_五路图腾视觉规范.md","reference","general","active"
"086d38f3","./A-manyige/AI灵魂复刻包V2.0/knowledge/本地文档包/📄 源文件/03_核心专家数字替身档案.md","reference","liu_honglei","active"
"b802cd9f","./A-manyige/AI灵魂复刻包V2.0/knowledge/本地文档包/📄 源文件/T01_LIU_刘禹锡.md","reference","liu_honglei","active"
"6503686a","./A-manyige/AI灵魂复刻包V2.0/knowledge/本地文档包/📄 源文件/21_飞书文档查找指引.md","reference","liu_honglei","active"
"0636381f","./A-manyige/AI灵魂复刻包V2.0/knowledge/本地文档包/📄 源文件/全体小伙伴员工档案_V2.0_完整版.md","reference","liu_honglei","active"
"b4385780","./A-manyige/AI灵魂复刻包V2.0/knowledge/本地文档包/📄 源文件/17_多维表格创建指南.md","reference","general","active"
"19e375bf","./A-manyige/AI灵魂复刻包V2.0/knowledge/本地文档包/📄 源文件/内部管理手册.md","reference","xie_baojian","active"
"6f26e3cf","./A-manyige/AI灵魂复刻包V2.0/knowledge/本地文档包/📄 源文件/专家数字替身_黎红雷_V1.1.md","reference","liu_honglei","active"
"e692527c","./A-manyige/AI灵魂复刻包V2.0/knowledge/本地文档包/📄 源文件/T05_HUINENG_六祖.md","reference","xu_sir","active"
"977a267c","./A-manyige/AI灵魂复刻包V2.0/knowledge/本地文档包/📄 源文件/01_五路图腾五行体系.md","reference","liu_honglei","active"
"0306c31c","./A-manyige/AI灵魂复刻包V2.0/knowledge/本地文档包/📄 源文件/数字人替身管理系统_V1.1.md","reference","xu_sir","active"
"52cd8911","./A-manyige/AI灵魂复刻包V2.0/knowledge/本地文档包/📄 源文件/00_README_文档包说明.md","reference","liu_honglei","active"
"204c7894","./A-manyige/AI灵魂复刻包V2.0/knowledge/本地文档包/📄 源文件/专家数字替身_方翊沣.md","reference","fang_yifeng","active"
"4b2f2c00","./A-manyige/AI灵魂复刻包V2.0/knowledge/本地文档包/📄 源文件/13_ANNOUNCE_官宣官.md","reference","xu_sir","active"
"bf5f866e","./A-manyige/AI灵魂复刻包V2.0/knowledge/本地文档包/📄 源文件/组织架构图_SVG代码.md","reference","xu_sir","active"
"ae71cf23","./A-manyige/AI灵魂复刻包V2.0/knowledge/本地文档包/📄 源文件/五路图腾可视化图.md","reference","general","active"
"04abd329","./A-manyige/AI灵魂复刻包V2.0/knowledge/本地文档包/📄 源文件/项目_官宣执行手册.md","reference","general","active"
"9f947696","./A-manyige/AI灵魂复刻包V2.0/knowledge/本地文档包/📄 源文件/官宣长文_品牌故事.md","reference","general","active"
"1c29cc6b","./A-manyige/AI灵魂复刻包V2.0/knowledge/本地文档包/📄 源文件/技能安装跟踪.md","reference","xu_sir","active"
"a36eb6c5","./A-manyige/AI灵魂复刻包V2.0/knowledge/本地文档包/📄 源文件/14_首页索引.md","reference","liu_honglei","active"
"a883841e","./A-manyige/AI灵魂复刻包V2.0/knowledge/本地文档包/📄 源文件/00_指挥官_Egbertie.md","reference","liu_honglei","active"
"fba3aab1","./A-manyige/AI灵魂复刻包V2.0/knowledge/本地文档包/📄 源文件/专家数字替身_许若圣_V1.0.md","reference","luo_han","active"
"1f4d31ee","./A-manyige/AI灵魂复刻包V2.0/knowledge/本地文档包/📄 源文件/专家数字替身_陈国祥.md","reference","fang_yifeng","active"
"3d40340c","./A-manyige/AI灵魂复刻包V2.0/knowledge/本地文档包/📄 源文件/飞书同步状态说明.md","reference","liu_honglei","active"
"79b389ee","./A-manyige/AI灵魂复刻包V2.0/knowledge/本地文档包/📄 源文件/系统复刻手册.md","reference","xie_baojian","active"
"96b04613","./A-manyige/AI灵魂复刻包V2.0/knowledge/本地文档包/📄 源文件/T02_SIMON_西蒙.md","reference","luo_han","active"
"a3ff20ce","./A-manyige/AI灵魂复刻包V2.0/knowledge/本地文档包/📄 源文件/全体小伙伴员工档案.md","reference","liu_honglei","active"
"ad189129","./A-manyige/AI灵魂复刻包V2.0/knowledge/本地文档包/📄 源文件/专家邀请邮件_四封.md","reference","liu_honglei","active"
"7e013804","./A-manyige/AI灵魂复刻包V2.0/knowledge/本地文档包/05_执行待办/📄 源文件/政府补贴政策速查表.md","reference","xie_baojian","active"
"87353b8f","./A-manyige/AI灵魂复刻包V2.0/knowledge/本地文档包/05_执行待办/政府补贴政策速查表.md","reference","xie_baojian","active"
"26da6d3c","./A-manyige/AI灵魂复刻包V2.0/knowledge/本地文档包/14_CONTENT_内容总监.md","reference","general","active"
"15eb46ea","./A-manyige/AI灵魂复刻包V2.0/knowledge/本地文档包/数字人替身管理系统_V1.0.md","reference","xu_sir","active"
"4e2f9565","./A-manyige/AI灵魂复刻包V2.0/knowledge/本地文档包/20_专家邀请函_四封.md","reference","liu_honglei","active"
"8fcbf1c5","./A-manyige/AI灵魂复刻包V2.0/knowledge/本地文档包/04_角色档案/📄 源文件/角色档案_Cron-Security_V1.0.md","reference","general","active"
"43885b6c","./A-manyige/AI灵魂复刻包V2.0/knowledge/本地文档包/04_角色档案/角色档案_Cron-Security_V1.0.md","reference","general","active"
"0381e7cb","./A-manyige/AI灵魂复刻包V2.0/knowledge/本地文档包/专家数字替身_谢宝剑_V1.1.md","reference","xie_baojian","active"
"3b060e66","./A-manyige/AI灵魂复刻包V2.0/knowledge/本地文档包/T04_CONFUCIUS_孔子.md","reference","liu_honglei","active"
"5c9a7e4c","./A-manyige/AI灵魂复刻包V2.0/knowledge/本地文档包/04_五路图腾视觉规范.md","reference","general","active"
"0c8a8a06","./A-manyige/AI灵魂复刻包V2.0/knowledge/本地文档包/03_核心专家数字替身档案.md","reference","liu_honglei","active"
"b5012cb7","./A-manyige/AI灵魂复刻包V2.0/knowledge/本地文档包/T01_LIU_刘禹锡.md","reference","liu_honglei","active"
"332c6fcc","./A-manyige/AI灵魂复刻包V2.0/knowledge/本地文档包/21_飞书文档查找指引.md","reference","liu_honglei","active"
"6af25402","./A-manyige/AI灵魂复刻包V2.0/knowledge/本地文档包/全体小伙伴员工档案_V2.0_完整版.md","reference","liu_honglei","active"
"7a65649d","./A-manyige/AI灵魂复刻包V2.0/knowledge/本地文档包/17_多维表格创建指南.md","reference","general","active"
"018cde00","./A-manyige/AI灵魂复刻包V2.0/knowledge/本地文档包/内部管理手册.md","reference","xie_baojian","active"
"aebfa4a0","./A-manyige/AI灵魂复刻包V2.0/knowledge/本地文档包/专家数字替身_黎红雷_V1.1.md","reference","liu_honglei","active"
"00a42445","./A-manyige/AI灵魂复刻包V2.0/knowledge/本地文档包/T05_HUINENG_六祖.md","reference","xu_sir","active"
"29f6c99a","./A-manyige/AI灵魂复刻包V2.0/knowledge/本地文档包/01_五路图腾五行体系.md","reference","liu_honglei","active"
"18368e29","./A-manyige/AI灵魂复刻包V2.0/knowledge/本地文档包/数字人替身管理系统_V1.1.md","reference","xu_sir","active"
"ce278ca1","./A-manyige/AI灵魂复刻包V2.0/knowledge/本地文档包/00_README_文档包说明.md","reference","liu_honglei","active"
"31df0451","./A-manyige/AI灵魂复刻包V2.0/knowledge/本地文档包/专家数字替身_方翊沣.md","reference","fang_yifeng","active"
"79376333","./A-manyige/AI灵魂复刻包V2.0/knowledge/本地文档包/13_ANNOUNCE_官宣官.md","reference","xu_sir","active"
"52b3db0a","./A-manyige/AI灵魂复刻包V2.0/knowledge/本地文档包/组织架构图_SVG代码.md","reference","xu_sir","active"
"9aa7122c","./A-manyige/AI灵魂复刻包V2.0/knowledge/本地文档包/01_核心研究/沙盘案例库/案例003_投资人介绍合伙_FA撮合闪电合伙.md","reference","general","active"
"553a5db4","./A-manyige/AI灵魂复刻包V2.0/knowledge/本地文档包/01_核心研究/沙盘案例库/📄 源文件/案例003_投资人介绍合伙_FA撮合闪电合伙.md","reference","general","active"
"29dc7d96","./A-manyige/AI灵魂复刻包V2.0/knowledge/本地文档包/01_核心研究/沙盘案例库/📄 源文件/案例002_朋友合伙_同学战友转型硬科技.md","reference","luo_han","active"
"cfb11f92","./A-manyige/AI灵魂复刻包V2.0/knowledge/本地文档包/01_核心研究/沙盘案例库/📄 源文件/案例001_跨代际合伙_科学家+企业家二代.md","reference","general","active"
"bd8b5c34","./A-manyige/AI灵魂复刻包V2.0/knowledge/本地文档包/01_核心研究/沙盘案例库/案例002_朋友合伙_同学战友转型硬科技.md","reference","luo_han","active"
"3a68f7d1","./A-manyige/AI灵魂复刻包V2.0/knowledge/本地文档包/01_核心研究/沙盘案例库/案例001_跨代际合伙_科学家+企业家二代.md","reference","general","active"
"0c34d41a","./A-manyige/AI灵魂复刻包V2.0/knowledge/本地文档包/五路图腾可视化图.md","reference","general","active"
"4064d2e4","./A-manyige/AI灵魂复刻包V2.0/knowledge/本地文档包/项目_官宣执行手册.md","reference","general","active"
"da168cd3","./A-manyige/AI灵魂复刻包V2.0/knowledge/本地文档包/官宣长文_品牌故事.md","reference","general","active"
"3c8b597e","./A-manyige/AI灵魂复刻包V2.0/knowledge/本地文档包/技能安装跟踪.md","reference","xu_sir","active"
"33360a97","./A-manyige/AI灵魂复刻包V2.0/knowledge/本地文档包/06_话术工具/📄 源文件/初次咨询问卷模板.md","reference","xu_sir","active"
"def4e3f6","./A-manyige/AI灵魂复刻包V2.0/knowledge/本地文档包/06_话术工具/初次咨询问卷模板.md","reference","xu_sir","active"
"b8b7c10c","./A-manyige/AI灵魂复刻包V2.0/knowledge/本地文档包/14_首页索引.md","reference","liu_honglei","active"
"855596bb","./A-manyige/AI灵魂复刻包V2.0/knowledge/本地文档包/00_指挥官_Egbertie.md","reference","liu_honglei","active"
"44ecb7a9","./A-manyige/AI灵魂复刻包V2.0/knowledge/本地文档包/专家数字替身_许若圣_V1.0.md","reference","luo_han","active"
"9d41f24b","./A-manyige/AI灵魂复刻包V2.0/knowledge/本地文档包/专家数字替身_陈国祥.md","reference","fang_yifeng","active"
"0ca0dc83","./A-manyige/AI灵魂复刻包V2.0/knowledge/本地文档包/飞书同步状态说明.md","reference","liu_honglei","active"
"bfa73d2f","./A-manyige/AI灵魂复刻包V2.0/knowledge/本地文档包/系统复刻手册.md","reference","xie_baojian","active"
"2ca875e9","./A-manyige/AI灵魂复刻包V2.0/knowledge/本地文档包/T02_SIMON_西蒙.md","reference","luo_han","active"
"27e1801f","./A-manyige/AI灵魂复刻包V2.0/knowledge/本地文档包/全体小伙伴员工档案.md","reference","liu_honglei","active"
"67414a98","./A-manyige/AI灵魂复刻包V2.0/knowledge/本地文档包/专家邀请邮件_四封.md","reference","liu_honglei","active"
"6bd38bcb","./A-manyige/AI灵魂复刻包V2.0/soul/03_MEMORY.md","reference","xu_sir","active"
"1d5f6a03","./A-manyige/AI灵魂复刻包V2.0/soul/📄 源文件/03_MEMORY.md","reference","xu_sir","active"
"57726d64","./A-manyige/AI灵魂复刻包V2.0/soul/📄 源文件/04_AGENTS.md","reference","xu_sir","active"
"e3f2ff70","./A-manyige/AI灵魂复刻包V2.0/soul/📄 源文件/02_USER.md","reference","general","active"
"4e69bbdf","./A-manyige/AI灵魂复刻包V2.0/soul/📄 源文件/00_IDENTITY.md","reference","xu_sir","active"
"fc89a0fa","./A-manyige/AI灵魂复刻包V2.0/soul/📄 源文件/01_SOUL.md","reference","xu_sir","active"
"acd2a1f5","./A-manyige/AI灵魂复刻包V2.0/soul/📄 源文件/05_HEARTBEAT.md","reference","xu_sir","active"
"cbae2996","./A-manyige/AI灵魂复刻包V2.0/soul/04_AGENTS.md","reference","xu_sir","active"
"f35fce40","./A-manyige/AI灵魂复刻包V2.0/soul/02_USER.md","reference","general","active"
"e52fa55a","./A-manyige/AI灵魂复刻包V2.0/soul/00_IDENTITY.md","reference","xu_sir","active"
"443a2703","./A-manyige/AI灵魂复刻包V2.0/soul/01_SOUL.md","reference","xu_sir","active"
"952de239","./A-manyige/AI灵魂复刻包V2.0/soul/05_HEARTBEAT.md","reference","xu_sir","active"
"5751c36d","./A-manyige/05_📦历史归档/行业资讯/📄 源文件/2026-03-14_资讯摘要.md","reference","xu_sir","archived"
"095ab9ec","./A-manyige/05_📦历史归档/行业资讯/2026-03-18_资讯摘要.md","reference","xu_sir","archived"
"5a53a103","./A-manyige/05_📦历史归档/行业资讯/2026-03-14_资讯摘要.md","reference","xu_sir","archived"
"f1b479db","./A-manyige/05_📦历史归档/📄 源文件/任务补救报告_URG-001.md","reference","xu_sir","archived"
"8d861c72","./A-manyige/05_📦历史归档/📄 源文件/任务补救报告_URG-002.md","reference","general","archived"
"1eff3f7c","./A-manyige/05_📦历史归档/任务补救报告_URG-001.md","reference","xu_sir","archived"
"fcb7933b","./A-manyige/05_📦历史归档/学习笔记/📄 源文件/持续学习进修计划.md","reference","liu_honglei","archived"
"6348aef0","./A-manyige/05_📦历史归档/学习笔记/📄 源文件/夜间经验萃取_2026-03-14_儒商与满意解理论整合.md","reference","liu_honglei","archived"
"257dcdb4","./A-manyige/05_📦历史归档/学习笔记/午间学习_2026-03-15_AI决策与硬科技投资.md","reference","xie_baojian","archived"
"5e97ae74","./A-manyige/05_📦历史归档/学习笔记/持续学习进修计划.md","reference","liu_honglei","archived"
"50848009","./A-manyige/05_📦历史归档/学习笔记/夜间经验萃取_氛围编程方法论_2026-03-16.md","reference","xu_sir","archived"
"a73f40e4","./A-manyige/05_📦历史归档/学习笔记/夜间经验萃取_五路图腾与专家体系_2026-03-15.md","reference","general","archived"
"a5024c22","./A-manyige/05_📦历史归档/学习笔记/夜间经验萃取_2026-03-14_儒商与满意解理论整合.md","reference","liu_honglei","archived"
"2635adfb","./A-manyige/05_📦历史归档/任务补救报告_URG-002.md","reference","general","archived"
"853a7faa","./A-manyige/04_🔧内功修炼/Skill工具化研究报告_决策基因体检原型.md","reference","xu_sir","active"
"51031cf6","./A-manyige/daily_reports/2026-03-27.md","reference","general","active"
"dd7602a4","./A-manyige/daily_reports/2026-03-27_final.md","reference","general","active"
"6490a517","./A-manyige/daily_reports/2026-03-27_launch.md","reference","xie_baojian","active"
"39dfcd56","./A-manyige/03_💡创意提案/📄 源文件/README.md","reference","general","active"
"34fbe9f3","./A-manyige/03_💡创意提案/README.md","reference","general","active"
"4e151b53","./A-manyige/03_💡创意提案/待审议/📄 源文件/README.md","reference","general","active"
"3d082746","./A-manyige/03_💡创意提案/待审议/README.md","reference","general","active"
"db0801b4","./A-manyige/关键文件索引.md","reference","liu_honglei","active"
"4f7813a0","./A-manyige/全案修改意见_V1.3.md","reference","xu_sir","active"
"4adf99cc","./A-manyige/06_👥团队成长/小伙伴周报_第1期.md","reference","xu_sir","active"
"ac916579","./A-manyige/06_👥团队成长/📄 源文件/小伙伴周报_第1期.md","reference","xu_sir","active"
"31dbb7a9","./A-manyige/06_👥团队成长/小伙伴档案/📄 源文件/PEO_成长档案.md","reference","xu_sir","active"
"89a92a05","./A-manyige/06_👥团队成长/小伙伴档案/📄 源文件/EEO_成长档案.md","reference","general","active"
"69f8e7db","./A-manyige/06_👥团队成长/小伙伴档案/📄 源文件/满意妞_成长档案.md","reference","xu_sir","active"
"b44e73c9","./A-manyige/06_👥团队成长/小伙伴档案/📄 源文件/五大图腾_成长档案.md","reference","general","active"
"91c89b64","./A-manyige/06_👥团队成长/小伙伴档案/📄 源文件/CONTENT_成长档案.md","reference","general","active"
"f409b372","./A-manyige/06_👥团队成长/小伙伴档案/PEO_成长档案.md","reference","xu_sir","active"
"6185c883","./A-manyige/06_👥团队成长/小伙伴档案/EEO_成长档案.md","reference","general","active"
"866068f4","./A-manyige/06_👥团队成长/小伙伴档案/满意妞_成长档案.md","reference","xu_sir","active"
"af0a37d8","./A-manyige/06_👥团队成长/小伙伴档案/五大图腾_成长档案.md","reference","general","active"
"000fb029","./A-manyige/06_👥团队成长/小伙伴档案/CONTENT_成长档案.md","reference","general","active"
"31c1bd41","./A-manyige/满意解研究所_V1.5_超级百科全书_优化版.md","reference","xu_sir","active"
"3086cc2f","./A-manyige/00_🧭 罗盘指南/永不停歇进化体系V1.0.md","reference","xie_baojian","active"
"3bc64349","./A-manyige/00_🧭 罗盘指南/管理优化建议书V1.0.md","reference","luo_han","active"
"d67c75c0","./A-manyige/00_🧭 罗盘指南/信息采集与质量控制体系V2.0.md","reference","liu_honglei","active"
"b84e0fcc","./A-manyige/00_🧭 罗盘指南/AI灵魂复刻重建包V2.0.md","reference","xu_sir","active"
"0e505fee","./A-manyige/00_🧭 罗盘指南/快速参考卡.md","reference","liu_honglei","active"
"4c69d032","./A-manyige/00_🧭 罗盘指南/7×24小时自主推进体系V1.0.md","reference","general","active"
"8e0bea30","./A-manyige/00_🧭 罗盘指南/01_INDEX_全局目录检索.md","reference","xu_sir","active"
"806e15de","./A-manyige/00_🧭 罗盘指南/02_今日状态看板.md","reference","general","active"
"cd643f70","./A-manyige/00_🧭 罗盘指南/COMMUNICATION_DNA_沟通协议.md","reference","xu_sir","active"
"90890a4d","./A-manyige/00_🧭 罗盘指南/Skill质量评估体系V1.0.md","reference","xu_sir","active"
"26b3466c","./A-manyige/00_🧭 罗盘指南/补全清单.md","reference","xu_sir","active"
"ce493457","./A-manyige/00_🧭 罗盘指南/Kimi功能深度使用计划V2.0.md","reference","general","active"
"f29715f0","./A-manyige/00_🧭 罗盘指南/00_README_使用指南.md","reference","xu_sir","active"
"ff66e96f","./A-manyige/00_🧭 罗盘指南/管理优化执行计划V1.0.md","reference","xu_sir","active"
"0c3bee86","./A-manyige/00_🧭 罗盘指南/完整体系整合框架.md","reference","liu_honglei","active"
"58515d1c","./A-manyige/00_🧭 罗盘指南/管理系统重构_V2.0_第一性原理版.md","reference","general","active"
"2a10c0b7","./A-manyige/00_🧭 罗盘指南/项目交付清单.md","reference","general","active"
"8c9ab96f","./A-manyige/00_🧭 罗盘指南/指令体系优化工程.md","reference","general","active"
"7bdcebf3","./A-manyige/00_🧭 罗盘指南/团队执行文化V1.0.md","reference","general","active"
"61d04052","./A-manyige/00_🧭 罗盘指南/Kimi会员功能使用计划V1.0.md","reference","xu_sir","active"
"425c67f3","./A-manyige/00_🧭 罗盘指南/多格式交付能力扩展计划.md","reference","general","active"
"09c25462","./A-manyige/00_🧭 罗盘指南/补全完成报告.md","reference","xu_sir","active"
"017092d5","./A-manyige/00_🧭 罗盘指南/P0P1协作套件/decision-permission-matrix.md","reference","xu_sir","active"
"306ccc40","./A-manyige/00_🧭 罗盘指南/知识采集与迭代体系V1.0.md","reference","xu_sir","active"
"bca88012","./A-manyige/00_🧭 罗盘指南/内容完整性修复报告.md","reference","xu_sir","active"
"3ef7d31a","./A-manyige/00_🧭 罗盘指南/五大图腾数字替身打磨工程V1.0.md","reference","general","active"
"8773eb60","./A-manyige/00_🧭 罗盘指南/第一性原理工作法V1.0.md","reference","general","active"
"523c394a","./A-manyige/03_📚案例库/案例详情/CASE-008.md","reference","general","active"
"7c3c8d41","./A-manyige/03_📚案例库/案例详情/CASE-011.md","reference","general","active"
"11cf7fa6","./A-manyige/03_📚案例库/案例详情/CASE-002.md","reference","xie_baojian","active"
"d5fd2d78","./A-manyige/03_📚案例库/案例详情/CASE-010.md","reference","general","active"
"8e395fe3","./A-manyige/03_📚案例库/案例详情/CASE-003.md","reference","general","active"
"c6571811","./A-manyige/03_📚案例库/案例详情/CASE-001.md","reference","xu_sir","active"
"96258016","./A-manyige/03_📚案例库/案例详情/CASE-015.md","reference","general","active"
"a185de01","./A-manyige/03_📚案例库/案例详情/CASE-009.md","reference","xu_sir","active"
"61b0c78f","./A-manyige/03_📚案例库/案例详情/CASE-005.md","reference","xie_baojian","active"
"708b8001","./A-manyige/03_📚案例库/案例详情/CASE-007.md","reference","general","active"
"51135d16","./A-manyige/03_📚案例库/案例详情/CASE-012.md","reference","general","active"
"2caaf5f8","./A-manyige/03_📚案例库/案例详情/CASE-006.md","reference","general","active"
"47dfba2d","./A-manyige/03_📚案例库/案例详情/CASE-013.md","reference","luo_han","active"
"af17af4b","./A-manyige/03_📚案例库/案例详情/CASE-004.md","reference","general","active"
"97fa11af","./A-manyige/03_📚案例库/案例详情/CASE-014.md","reference","general","active"
"617723fd","./A-manyige/03_📚案例库/案例库统计.md","reference","xie_baojian","active"
"e7517fd9","./A-manyige/03_📚案例库/案例库统计_更新.md","reference","xu_sir","active"
"7e32f302","./A-manyige/04_👥专家档案/专家档案V1.1_三位专家_模拟资料版.md","reference","fang_yifeng","active"
"f30546f2","./A-manyige/02_📐设计资产/图腾信息图/📄 源文件/README.md","reference","general","active"
"cde9149e","./A-manyige/02_📐设计资产/图腾信息图/📄 源文件/FIGMA_GUIDE.md","reference","general","active"
"501c0ced","./A-manyige/02_📐设计资产/图腾信息图/README.md","reference","general","active"
"2ab11d12","./A-manyige/02_📐设计资产/图腾信息图/FIGMA_GUIDE.md","reference","general","active"
"c7c16bfa","./A-manyige/满意解研究所_V1.4_超级百科全书_历史整合完整版.md","reference","xu_sir","archived"
"03ef9e26","./A-manyige/满意解研究所_V1.5_超级百科全书_进化版.md","reference","xu_sir","active"
"48cd83e2","./A-manyige/V1.5_蓝军审核报告.md","reference","general","active"
"9c43c58c","./A-manyige/09_🔧运维监控/双线执行状态_2026-03-15.md","reference","xu_sir","active"
"3aec7e7c","./A-manyige/01_🔥今日重点/最终交付报告_双线全面完成.md","reference","general","active"
"7e639cf8","./A-manyige/01_🔥今日重点/双线任务执行报告_2026-03-15.md","reference","xu_sir","active"
"d97a7687","./A-manyige/01_🔥今日重点/V1.3_视觉设计迭代记录.md","reference","liu_honglei","active"
"93b48c03","./A-manyige/01_🔥今日重点/P0_降本增效行动计划.md","reference","fang_yifeng","active"
"0d47cc4d","./A-manyige/01_🔥今日重点/实时状态_02-10.md","reference","general","active"
"4122f19c","./A-manyige/01_🔥今日重点/P0_极致降本增效落地计划_V5.md","reference","general","active"
"a0504356","./A-manyige/01_🔥今日重点/执行摘要_2026-03-15_02-08.md","reference","general","active"
"145c8eb6","./A-manyige/01_🔥今日重点/📄 源文件/官宣前准备工作总清单.md","reference","xu_sir","active"
"939fa0ef","./A-manyige/01_🔥今日重点/📄 源文件/小时检查报告_2026-03-14_1024.md","reference","xu_sir","active"
"7d477f27","./A-manyige/01_🔥今日重点/📄 源文件/审阅清单_待确认事项.md","reference","xie_baojian","active"
"f1711c8f","./A-manyige/01_🔥今日重点/V1.3_深度优化清单.md","reference","luo_han","active"
"b3c2d2b9","./A-manyige/01_🔥今日重点/V2_执行状态报告.md","reference","general","active"
"cdd94370","./A-manyige/01_🔥今日重点/超速推进状态报告_2026-03-15.md","reference","general","active"
"b908336c","./A-manyige/01_🔥今日重点/官宣前准备工作总清单.md","reference","xu_sir","active"
"649a0f58","./A-manyige/01_🔥今日重点/P0_Phase1完成报告.md","reference","liu_honglei","active"
"d515bd13","./A-manyige/01_🔥今日重点/小伙伴30天提升计划.md","reference","xu_sir","active"
"ce600dcc","./A-manyige/01_🔥今日重点/P0执行策略_V7_自主性优先.md","reference","luo_han","active"
"f17e729f","./A-manyige/01_🔥今日重点/今日晨报.md","reference","general","active"
"4b2db3b9","./A-manyige/01_🔥今日重点/晨报_2026-03-15_完整版.md","reference","xu_sir","active"
"1bc72025","./A-manyige/01_🔥今日重点/P0_硅基极限突破行动计划_V6.md","reference","xu_sir","active"
"f53e4089","./A-manyige/01_🔥今日重点/复盘_最近两天优化.md","reference","luo_han","active"
"8538c640","./A-manyige/01_🔥今日重点/小时检查报告_2026-03-14_1024.md","reference","xu_sir","active"
"d23f47f8","./A-manyige/01_🔥今日重点/晨报_2026-03-15.md","reference","general","active"
"7adbd608","./A-manyige/01_🔥今日重点/执行摘要_V2.0_2026-03-15.md","reference","xu_sir","active"
"897c3efe","./A-manyige/01_🔥今日重点/审阅清单_待确认事项.md","reference","xie_baojian","active"
"2b442dfa","./A-manyige/01_🔥今日重点/V1.3修正记录.md","reference","liu_honglei","active"
"dc8dcc00","./A-manyige/01_🔥今日重点/P0执行状态报告.md","reference","general","active"
"bd2a52d7","./A-manyige/01_🔥今日重点/V2_执行状态报告_更新版.md","reference","general","active"
"380033c0","./A-manyige/01_🔥今日重点/V2.0_Skill执行追踪报告.md","reference","general","active"
"886b2583","./A-manyige/01_🔥今日重点/晨报_2026-03-16.md","reference","general","active"
"274da5b9","./A-manyige/01_🔥今日重点/P0执行状态报告_LIVE.md","reference","general","active"
"2eb3137a","./A-manyige/03_📋历史版本/满意解研究所_V1.3_完全版本_20260320_001321.md","reference","xu_sir","archived"
"4eb6d5e0","./A-manyige/03_📋历史版本/战略定位1.1版本_20260320_001321.md","reference","xie_baojian","archived"
"02b2ef34","./A-manyige/02_🚀产品迭代/合伙人评估工具V2.0_产品手册.md","reference","general","active"
"1d523f07","./A-manyige/02_🚀产品迭代/官宣物料包.md","reference","liu_honglei","active"
"8996f906","./A-manyige/02_🚀产品迭代/评估工具V2.1_Web技术方案.md","reference","general","active"
"9ce1cfcb","./A-manyige/满意解研究所_V1.0_正式发布版.md","reference","xu_sir","active"
"a52e99d6","./A-manyige/03_🔴蓝军意见/Skill评估_scrapling_评估报告.md","reference","general","active"
"c201901b","./A-manyige/03_🔴蓝军意见/V1.0交付物_蓝军批判报告.md","reference","liu_honglei","active"
"e5726d14","./A-manyige/03_🔴蓝军意见/客户数字替身_陈明远_档案与沙盘.md","reference","luo_han","active"
"752cbb0e","./A-manyige/03_🎯四产品超级工具包_V2.0/03_关键决策陪跑/iteration-4/iteration-4-network-effect.md","reference","xie_baojian","active"
"19b57fca","./A-manyige/03_🎯四产品超级工具包_V2.0/03_关键决策陪跑/iteration-1/iteration-1-decision-science.md","reference","general","active"
"b2e4359b","./A-manyige/03_🎯四产品超级工具包_V2.0/03_关键决策陪跑/iteration-5/iteration-5-product-matrix.md","reference","general","active"
"d796f22e","./A-manyige/03_🎯四产品超级工具包_V2.0/03_关键决策陪跑/iteration-2/iteration-2-real-time-support.md","reference","xu_sir","active"
"2110ab3e","./A-manyige/03_🎯四产品超级工具包_V2.0/03_关键决策陪跑/final/product-manual-final.md","reference","xu_sir","active"
"8d684d28","./A-manyige/03_🎯四产品超级工具包_V2.0/03_关键决策陪跑/iteration-3/iteration-3-knowledge-system.md","reference","general","active"
"d3f36eea","./A-manyige/03_🎯四产品超级工具包_V2.0/03_关键决策陪跑/iteration-summary.md","reference","xu_sir","active"
"99c0e4a1","./A-manyige/03_🎯四产品超级工具包_V2.0/README.md","reference","xu_sir","active"
"254b406e","./A-manyige/03_🎯四产品超级工具包_V2.0/02_合伙人匹配诊断/iteration-3-intervention-system.md","reference","xie_baojian","active"
"4b77d904","./A-manyige/03_🎯四产品超级工具包_V2.0/02_合伙人匹配诊断/iteration-2-prediction-models.md","reference","fang_yifeng","active"
"f5b7eeaa","./A-manyige/03_🎯四产品超级工具包_V2.0/02_合伙人匹配诊断/PFI-2.0-Ultimate-Handbook.md","reference","xu_sir","active"
"911bda69","./A-manyige/03_🎯四产品超级工具包_V2.0/02_合伙人匹配诊断/iteration-4-scale-delivery.md","reference","general","active"
"46e8ffdb","./A-manyige/03_🎯四产品超级工具包_V2.0/02_合伙人匹配诊断/iteration-5-data-asset.md","reference","xie_baojian","active"
"5c577e84","./A-manyige/03_🎯四产品超级工具包_V2.0/02_合伙人匹配诊断/iteration-1-deep-assessment.md","reference","fang_yifeng","active"
"7117c01b","./A-manyige/03_🎯四产品超级工具包_V2.0/01_决策基因体检/round3/round3-ecosystem-integration.md","reference","luo_han","active"
"8de1bf0d","./A-manyige/03_🎯四产品超级工具包_V2.0/01_决策基因体检/round2/round2-report-intelligence.md","reference","xu_sir","active"
"8bf56971","./A-manyige/03_🎯四产品超级工具包_V2.0/01_决策基因体检/round1/round1-assessment-deepening.md","reference","general","active"
"8f252944","./A-manyige/03_🎯四产品超级工具包_V2.0/01_决策基因体检/final/technical-implementation.md","implementation","xu_sir","active"
"553d7566","./A-manyige/03_🎯四产品超级工具包_V2.0/01_决策基因体检/final/api-specification.md","reference","xu_sir","active"
"dca5fe00","./A-manyige/03_🎯四产品超级工具包_V2.0/01_决策基因体检/final/operations-sop.md","reference","general","active"
"42215042","./A-manyige/03_🎯四产品超级工具包_V2.0/01_决策基因体检/final/product-manual.md","reference","xu_sir","active"
"a50e52cd","./A-manyige/03_🎯四产品超级工具包_V2.0/01_决策基因体检/final/iteration-summary.md","reference","xu_sir","active"
"3a0a8931","./A-manyige/03_🎯四产品超级工具包_V2.0/01_决策基因体检/round4/round4-business-model.md","reference","general","active"
"f45308ee","./A-manyige/03_🎯四产品超级工具包_V2.0/01_决策基因体检/round5/round5-experience-perfection.md","reference","xu_sir","active"
"a8b1eadc","./A-manyige/03_🎯四产品超级工具包_V2.0/04_年度决策顾问/round1-enterprise-features.md","reference","xu_sir","active"
"63999d9d","./A-manyige/03_🎯四产品超级工具包_V2.0/04_年度决策顾问/round2-intelligent-systems.md","reference","xu_sir","active"
"45e60955","./A-manyige/03_🎯四产品超级工具包_V2.0/04_年度决策顾问/round4-family-succession.md","reference","general","active"
"a35e1df0","./A-manyige/03_🎯四产品超级工具包_V2.0/04_年度决策顾问/round5-social-impact.md","reference","general","active"
"be7f3741","./A-manyige/03_🎯四产品超级工具包_V2.0/04_年度决策顾问/ultimate-product-manual.md","reference","xie_baojian","active"
"e2f3a27e","./A-manyige/03_🎯四产品超级工具包_V2.0/04_年度决策顾问/README.md","reference","xie_baojian","active"
"8033c061","./A-manyige/03_🎯四产品超级工具包_V2.0/04_年度决策顾问/round3-ecosystem-integration.md","reference","xie_baojian","active"
"acfa01fd","./A-manyige/03_🎯四产品超级工具包_V2.0/05_交叉对照与接口/API规范.md","reference","general","active"
"0b368784","./A-manyige/03_🎯四产品超级工具包_V2.0/05_交叉对照与接口/统一术语表.md","reference","general","active"
"3c6bb2e6","./A-manyige/03_🎯四产品超级工具包_V2.0/05_交叉对照与接口/产品架构总览.md","reference","general","active"
"379380d0","./A-manyige/03_🎯四产品超级工具包_V2.0/05_交叉对照与接口/转化漏斗设计.md","reference","general","active"
"68d1692c","./A-manyige/responses/INDEX.md","reference","general","active"
"a0fdf228","./A-manyige/responses/2026-03-27/R005-methodology-internalization.md","reference","general","active"
"903fc21d","./A-manyige/responses/2026-03-27/R004-omega-implementation-report.md","implementation","general","active"
"fa25553e","./A-manyige/responses/2026-03-27/R008-CKA-four-library-internalization.md","reference","fang_yifeng","active"
"fbf301b4","./A-manyige/responses/2026-03-27/EXECUTION_LOG.md","reference","xie_baojian","active"
"b541a497","./A-manyige/responses/2026-03-27/EXECUTION_LOG_PHASE1.md","reference","liu_honglei","active"
"9a609746","./A-manyige/responses/2026-03-27/R007-honest-implementation-audit.md","implementation","xie_baojian","active"
"94244990","./A-manyige/responses/2026-03-27/R002-full-audit-report.md","reference","general","active"
"b9c147a8","./A-manyige/responses/2026-03-27/R003-final-ingestion-report.md","reference","general","active"
"189b4b24","./A-manyige/responses/2026-03-27/R006-methodology-comprehensive-internalization.md","reference","luo_han","active"
"16a18330","./A-manyige/responses/2026-03-27/R001-knowledge-audit-report.md","reference","general","active"
"3635ea4b","./A-manyige/02_✅成果交付/合伙人风险预警体系_V1.0.md","reference","xie_baojian","active"
"0a3a82d5","./A-manyige/02_✅成果交付/官宣文案/📄 源文件/README.md","reference","general","active"
"f8d3916b","./A-manyige/02_✅成果交付/官宣文案/README.md","reference","general","active"
"8150778e","./A-manyige/02_✅成果交付/官宣文案/V1.0_完整包/README.md","reference","xu_sir","active"
"170c88e5","./A-manyige/02_✅成果交付/官宣文案/V1.0_完整包/方法论体系/02_72小时极限决策流程_V1.0.md","reference","general","active"
"8929e302","./A-manyige/02_✅成果交付/官宣文案/V1.0_完整包/方法论体系/03_数字替身会诊机制_V1.0.md","reference","liu_honglei","active"
"14832a37","./A-manyige/02_✅成果交付/官宣文案/V1.0_完整包/方法论体系/04_案例研究方法_V1.0.md","reference","general","active"
"a6d0ce95","./A-manyige/02_✅成果交付/官宣文案/V1.0_完整包/方法论体系/01_五路图腾合伙人评估法_V1.0.md","reference","liu_honglei","active"
"b62a32ff","./A-manyige/02_✅成果交付/官宣文案/V1.0_完整包/对外文件/05_文章素材_第一篇.md","reference","xu_sir","active"
"fa06e82c","./A-manyige/02_✅成果交付/官宣文案/V1.0_完整包/对外文件/01_官宣文案_精炼版.md","reference","general","active"
"25b6a748","./A-manyige/02_✅成果交付/官宣文案/V1.0_完整包/对外文件/03_服务手册_客户版.md","reference","xu_sir","active"
"c486f110","./A-manyige/02_✅成果交付/官宣文案/V1.0_完整包/对外文件/06_文章素材_第二篇.md","reference","xu_sir","active"
"3a92953b","./A-manyige/02_✅成果交付/官宣文案/V1.0_完整包/对外文件/07_文章素材_第三篇.md","reference","general","active"
"2b75f665","./A-manyige/02_✅成果交付/官宣文案/V1.0_完整包/对外文件/02_品牌介绍_1页PPT版.md","reference","general","active"
"3cb4e621","./A-manyige/02_✅成果交付/官宣文案/V1.0_完整包/对外文件/04_FAQ_常见问题.md","reference","general","active"
"fd6830fa","./A-manyige/02_✅成果交付/满意解研究所_V1.1_超级百科全书_优化加强版_深度研究整合版.md","reference","fang_yifeng","active"
"f9570fed","./A-manyige/02_✅成果交付/研究整合报告_2026-03-15.md","reference","luo_han","active"
"46a979f6","./A-manyige/02_✅成果交付/QPMS_V1.2_功能深化设计.md","reference","xie_baojian","active"
"6fe54a4a","./A-manyige/02_✅成果交付/📄 源文件/商业计划V1.0.md","reference","xu_sir","active"
"a99d30a0","./A-manyige/02_✅成果交付/📄 源文件/官宣文案V1.0.md","reference","general","active"
"2db1b2e9","./A-manyige/02_✅成果交付/📄 源文件/交付成果清单_V1.0.md","reference","liu_honglei","active"
"84b20268","./A-manyige/02_✅成果交付/📄 源文件/战略研判V1.0.md","reference","liu_honglei","active"
"dfcd5c6c","./A-manyige/02_✅成果交付/📄 源文件/V1.0版本冲刺_0325/快速参考卡.md","reference","general","active"
"bce5c4b9","./A-manyige/02_✅成果交付/📄 源文件/V1.0版本冲刺_0325/README.md","reference","general","active"
"e5df27d8","./A-manyige/02_✅成果交付/📄 源文件/V1.0版本冲刺_0325/GAME⭐机制产品化文档V1.0.md","reference","general","active"
"cf0ea41f","./A-manyige/02_✅成果交付/📄 源文件/V1.0版本冲刺_0325/GAME⭐机制产品化文档-执行摘要.md","reference","general","active"
"ddac5e67","./A-manyige/02_✅成果交付/📄 源文件/V1.0版本冲刺_0325/客户演练方案V1.0.md","reference","xu_sir","active"
"476690fc","./A-manyige/02_✅成果交付/📄 源文件/V1.0版本冲刺_0325/产品游戏化方案V1.0.md","reference","general","active"
"e7501303","./A-manyige/02_✅成果交付/📄 源文件/V1.0版本冲刺_0325/客户演练脚本库V1.0.md","reference","xu_sir","active"
"164e04cd","./A-manyige/02_✅成果交付/📄 源文件/V1.0版本冲刺_0325/演练评估反馈表汇编V1.0.md","reference","general","active"
"bdce2a6b","./A-manyige/02_✅成果交付/视觉设计/视觉设计1.0_完整交付报告.md","reference","general","active"
"de3de3a5","./A-manyige/02_✅成果交付/视觉设计/品牌视觉系统_V1.0_交付报告.md","reference","general","active"
"cba6bb90","./A-manyige/02_✅成果交付/视觉设计/交付物_20250315/README.md","reference","general","active"
"b52baa72","./A-manyige/02_✅成果交付/视觉设计/交付物_20250315/交付清单.md","reference","general","active"
"90bfcfd5","./A-manyige/02_✅成果交付/视觉设计/交付物_20250315/设计攻坚计划.md","reference","xu_sir","active"
"83039db7","./A-manyige/02_✅成果交付/视觉设计/交付物_20250315/最终交付报告.md","reference","xu_sir","active"
"20cbc907","./A-manyige/02_✅成果交付/获客话术_V1.2_前景理论版.md","reference","general","active"
"03da4ab9","./A-manyige/02_✅成果交付/满意解研究所_V1.2_增强版_全新版本.md","reference","xie_baojian","active"
"a4089b40","./A-manyige/02_✅成果交付/3月25日官宣内容包.md","reference","general","active"
"7bd86ab1","./A-manyige/02_✅成果交付/满意解研究所_V1.2_增强版_全新版本_备份_20260318.md","reference","xie_baojian","active"
"fbea5600","./A-manyige/02_✅成果交付/核心工具实施手册_V1.0_初始版本.md","reference","general","active"
"ad1a0dda","./A-manyige/02_✅成果交付/README.md","reference","xie_baojian","active"
"885f123a","./A-manyige/02_✅成果交付/满意解研究所_V1.2_完全版本.md","reference","xie_baojian","active"
"b7c3cd59","./A-manyige/02_✅成果交付/QPMS_V1.3_认知增强版.md","reference","luo_han","active"
"d565ec63","./A-manyige/02_✅成果交付/PitchDeck_10页版_文字稿.md","reference","xie_baojian","active"
"5458de11","./A-manyige/02_✅成果交付/满意解研究所_V1.1_百科全书.md","reference","xie_baojian","active"
"2b73b6e5","./A-manyige/02_✅成果交付/专家联系邮件草稿.md","reference","liu_honglei","active"
"c2b3df89","./A-manyige/02_✅成果交付/文化溯源V1.0.md","reference","general","active"
"8f33d3b5","./A-manyige/02_✅成果交付/官宣文案V1.0.md","reference","general","active"
"c0b4f2e6","./A-manyige/02_✅成果交付/满意解研究所_技术架构_V2.0.md","reference","general","active"
"d2784f32","./A-manyige/02_✅成果交付/公众号文章储备库_V1.0.md","reference","xu_sir","active"
"e69edef9","./A-manyige/02_✅成果交付/战略定位1.1_任务完成报告.md","reference","xie_baojian","active"
"1ac9501a","./A-manyige/02_✅成果交付/满意解研究所_V1.1_超级百科全书_深度重构版_人格化整合版.md","reference","liu_honglei","active"
"0f5ccd78","./A-manyige/02_✅成果交付/满意解研究所_V1.1_超级百科全书_重构版_深度消化整合版.md","reference","xie_baojian","active"
"527fea8f","./A-manyige/02_✅成果交付/Egbertie故事集_完整版_V1.0.md","reference","general","active"
"762e86c6","./A-manyige/02_✅成果交付/对外话术体系_1.2版本.md","reference","xu_sir","active"
"0c6b682a","./A-manyige/02_✅成果交付/企业微信同步完整性检查清单_V1.2.md","reference","xu_sir","active"
"3692541d","./A-manyige/02_✅成果交付/产品工具手册_V1.0.md","reference","general","active"
"24baaffa","./A-manyige/02_✅成果交付/品牌叙事2.0_四课题升级版.md","reference","liu_honglei","active"
"b5f5f029","./A-manyige/02_✅成果交付/渠道话术完整包_V1.0.md","reference","xu_sir","active"
"9c55a28f","./A-manyige/02_✅成果交付/V1.2修正清单_核心要点.md","reference","liu_honglei","active"
"9de833fe","./A-manyige/02_✅成果交付/合伙人准入检查清单_v1.0.md","reference","general","active"
"e1d5bdda","./A-manyige/02_✅成果交付/V1.1_百科全书_大纲框架.md","reference","xie_baojian","active"
"a5248b46","./A-manyige/02_✅成果交付/22:00完整交付_索引导航.md","reference","xie_baojian","active"
"432714a0","./A-manyige/02_✅成果交付/满意解研究所_V1.3_完全版本.md","reference","xu_sir","active"
"27a04f8e","./A-manyige/02_✅成果交付/知识库速查卡.md","reference","xie_baojian","active"
"c18e5c92","./A-manyige/02_✅成果交付/商业线1.2_首年执行计划_长期主义版.md","reference","general","active"
"80c24c3e","./A-manyige/02_✅成果交付/商业线1.2_首年执行计划.md","reference","xie_baojian","active"
"8d62f686","./A-manyige/02_✅成果交付/满意解研究所_V1.1_超级百科全书_优化加强版.md","reference","fang_yifeng","active"
"72990ba4","./A-manyige/02_✅成果交付/愿景使命V1.0.md","reference","general","active"
"ba82c5b6","./A-manyige/02_✅成果交付/数字资产战略规划/05_个人品牌叙事1.1.md","reference","general","active"
"b3f6bfd3","./A-manyige/02_✅成果交付/数字资产战略规划/03_复合身份价值主张.md","reference","general","active"
"378e7bda","./A-manyige/02_✅成果交付/数字资产战略规划/04_数字资产圈层渗透策略.md","reference","general","active"
"ae06b4c0","./A-manyige/02_✅成果交付/数字资产战略规划/00_交付完成报告.md","reference","xie_baojian","active"
"66182a41","./A-manyige/02_✅成果交付/数字资产战略规划/01_Egbertie历史沿革深度档案.md","reference","xie_baojian","archived"
"c16d5c90","./A-manyige/02_✅成果交付/数字资产战略规划/02_数字资产合伙人匹配专项方案.md","reference","general","active"
"088005fe","./A-manyige/02_✅成果交付/理论整合速查卡_V2.0.md","reference","liu_honglei","active"
"13b27394","./A-manyige/02_✅成果交付/V2.0_完整交付包/README.md","reference","general","active"
"9019404f","./A-manyige/02_✅成果交付/V2.0_完整交付包/交付清单.md","reference","general","active"
"f5cded45","./A-manyige/02_✅成果交付/V2.0_完整交付包/架构文档/V2_执行状态报告.md","reference","general","active"
"58b15bac","./A-manyige/02_✅成果交付/V2.0_完整交付包/架构文档/满意解研究所_技术架构_V2.0.md","reference","general","active"
"47324d29","./A-manyige/02_✅成果交付/V2.0_完整交付包/架构文档/P0执行策略_V7_自主性优先.md","reference","luo_han","active"
"b5e32212","./A-manyige/02_✅成果交付/V2.0_完整交付包/执行Skill/v2-architecture-executor/SKILL.md","methodology","general","active"
"9156ec93","./A-manyige/02_✅成果交付/V2.0_完整交付包/TEE半成品交付说明.md","reference","general","active"
"473eaa3d","./A-manyige/02_✅成果交付/满意解研究所_V1.1_超级百科全书_优化版.md","reference","liu_honglei","active"
"1811448f","./A-manyige/02_✅成果交付/方案文档/📄 源文件/满意解研究所V1.0成果汇总_审阅版.md","reference","xie_baojian","active"
"1988b8dc","./A-manyige/02_✅成果交付/方案文档/📄 源文件/01-灾备策略文档.md","reference","general","active"
"b1a089a0","./A-manyige/02_✅成果交付/方案文档/满意解研究所V1.0成果汇总_审阅版.md","reference","xie_baojian","active"
"faf9a3db","./A-manyige/02_✅成果交付/方案文档/01-灾备策略文档.md","reference","general","active"
"b470d6d5","./A-manyige/02_✅成果交付/22年双系统经验地图_设计稿.md","reference","general","active"
"b51be56d","./A-manyige/02_✅成果交付/产品原型/README.md","reference","general","active"
"75fa0892","./A-manyige/02_✅成果交付/产品原型/产品架构V1.0/产品架构V1.0.md","reference","general","active"
"28b26c12","./A-manyige/02_✅成果交付/产品原型/产品设计V1.0/交付物清单V1.0.md","reference","general","active"
"8e7b9f06","./A-manyige/02_✅成果交付/产品原型/产品设计V1.0/产品手册V1.0.md","reference","general","active"
"d395cd4c","./A-manyige/02_✅成果交付/产品原型/产品设计V1.0/定价体系V1.0.md","reference","general","active"
"eb594da3","./A-manyige/02_✅成果交付/产品原型/产品设计V1.0/服务流程图V1.0.md","reference","general","active"
"9d0cef79","./A-manyige/02_✅成果交付/产品原型/文档摘要.md","reference","general","active"
"40bacac3","./A-manyige/02_✅成果交付/战略定位1.1版本_满意解研究所.md","reference","xie_baojian","active"
"b058c341","./A-manyige/02_✅成果交付/战略定位1.2版本_四课题整合版.md","reference","luo_han","active"
"50100692","./A-manyige/02_✅成果交付/五路图腾决策卡_设计稿.md","reference","general","active"
"d6a71dd0","./A-manyige/02_✅成果交付/📁版本管理中心/V1.2_满意解研究所_完全版本.md","reference","xie_baojian","active"
"bc593288","./A-manyige/02_✅成果交付/📁版本管理中心/📇版本索引.md","reference","general","active"
"2e9d7764","./A-manyige/02_✅成果交付/📁版本管理中心/V1.1_满意解研究所_百科全书.md","reference","xie_baojian","active"
"58045678","./A-manyige/02_✅成果交付/📁版本管理中心/V1.3_满意解研究所_完全版本_蜕变版.md","reference","xu_sir","active"
"765fe252","./A-manyige/02_✅成果交付/📁版本管理中心/V1.4_满意解研究所_郭航江整合版.md","reference","xu_sir","active"
"e5c5c154","./A-manyige/02_✅成果交付/满意解研究所_V1.2_超级百科全书_全渠道多维度版.md","reference","xie_baojian","active"
"f6565e13","./A-manyige/03_🔄 进行中/进行中任务总览.md","reference","general","active"
"8fac5186","./A-manyige/04_📋 计划队列/计划队列总览.md","reference","general","active"
"73fa6e7c","./A-manyige/06_📚知识库/知识库索引_2026-03-15更新.md","reference","luo_han","active"
"2da6110e","./A-manyige/06_📚知识库/氛围编程_AI辅助开发工作流.md","reference","xu_sir","active"
"35412288","./A-manyige/06_👥 角色专区/PEO_项目进化官/工作日志/工作日志模板.md","reference","general","active"
"678a024c","./A-manyige/06_👥 角色专区/专家档案/专家档案模板.md","reference","liu_honglei","active"
"8c798f39","./A-manyige/06_👥 角色专区/EEO_经验萃取官/工作日志/工作日志模板.md","reference","general","active"
"8d3befa3","./A-manyige/99_📦完整下载包/V2.0_技术跃升成果集/README.md","reference","xie_baojian","active"
"569c47fb","./A-manyige/99_📦完整下载包/V2.0_技术跃升成果集/满意解研究所_V1.2_完全版本.md","reference","xie_baojian","active"
"584b4c7b","./A-manyige/99_📦完整下载包/V2.0_技术跃升成果集/满意解研究所_技术架构_V2.0.md","reference","general","active"
"20bf5d3a","./A-manyige/99_📦完整下载包/V2.0_技术跃升成果集/Egbertie故事集_完整版_V1.0.md","reference","general","active"
"448ae8dd","./A-manyige/99_📦完整下载包/V2.0_技术跃升成果集/产品工具手册_V1.0.md","reference","general","active"
"9580c1a1","./A-manyige/99_📦完整下载包/V2.0_技术跃升成果集/交付清单.md","reference","xie_baojian","active"
"95f8a5a1","./A-manyige/99_📦完整下载包/V2.0_技术跃升成果集/📦下载包说明.md","reference","xie_baojian","active"
"5e76bb65","./A-manyige/99_📦完整下载包/V2.0_技术跃升成果集/满意解研究所_V1.3_完全版本.md","reference","xu_sir","active"
"78552836","./A-manyige/99_📦完整下载包/V2.0_技术跃升成果集/架构文档/V2_执行状态报告.md","reference","general","active"
"6c86d20b","./A-manyige/99_📦完整下载包/V2.0_技术跃升成果集/架构文档/满意解研究所_技术架构_V2.0.md","reference","general","active"
"e9e3a4bb","./A-manyige/99_📦完整下载包/V2.0_技术跃升成果集/架构文档/P0执行策略_V7_自主性优先.md","reference","luo_han","active"
"5e927b87","./A-manyige/99_📦完整下载包/V2.0_技术跃升成果集/执行Skill/v2-architecture-executor/SKILL.md","methodology","general","active"
"229b7d55","./A-manyige/99_📦完整下载包/V2.0_技术跃升成果集/TEE半成品交付说明.md","reference","general","active"
"36dae1af","./A-manyige/99_📦完整下载包/V2.0_技术跃升成果集/战略定位1.1版本_满意解研究所.md","reference","xie_baojian","active"
"8188ef9f","./A-manyige/03_📋研究任务/六轮技术挖掘战略评估报告.md","reference","xie_baojian","active"
"104f89ce","./A-manyige/03_📋研究任务/定价市场调研_报告.md","reference","xu_sir","active"
"009fc2a3","./A-manyige/03_📋研究任务/定价市场调研_执行计划.md","reference","general","active"
"6f2d494c","./A-manyige/03_📋研究任务/合伙人冲突关键窗口期研究_解读摘要.md","reference","general","active"
"43867075","./A-manyige/03_📋研究任务/深度研究提示词_黎红雷教授.md","reference","liu_honglei","active"
"5799b5e5","./A-manyige/03_📋研究任务/V1.2深度研究提示词清单.md","reference","xu_sir","active"
"02c54a6a","./A-manyige/03_📋研究任务/郭航江开源项目深度解析_整合方案.md","reference","general","active"
"34b80ca4","./A-manyige/03_📋研究任务/定价市场调研_启动计划.md","reference","xu_sir","active"
"0126d09f","./A-manyige/03_📋研究任务/AI部署与单企成长解读_V1.0.md","reference","luo_han","active"
"e607daa1","./A-manyige/03_📋研究任务/李泽湘硬科技孵化体系研究_解读摘要.md","reference","general","active"
"16acdfbb","./A-manyige/03_📋研究任务/沙盘模拟系统_V1.0_V2.0_解读摘要.md","reference","xu_sir","active"
"cfd6ff6e","./A-manyige/03_📋研究任务/领域专家数字替身建模资料收集模板.md","reference","liu_honglei","active"
"f205c8b3","./A-manyige/03_📋研究任务/QPMS算法效度验证研究_解读摘要.md","reference","luo_han","active"
"9bf2dbf8","./A-manyige/03_📋研究任务/全球前沿技术报告V2_满意解V1.5_V2.0战略升级.md","reference","xie_baojian","active"
"8aeb3520","./A-manyige/03_📋研究任务/Kimi_Claw技术报告_满意解整合分析.md","reference","general","active"
"684b5ee4","./A-manyige/03_📋研究任务/黎红雷教授数字替身档案_V1.0.md","reference","liu_honglei","active"
"51643dd6","./A-manyige/03_📋研究任务/QPMS量子感知引擎_V1.0_V2.0_解读摘要.md","reference","fang_yifeng","active"
"86fb8416","./A-manyige/03_📋研究任务/全球前沿技术报告V3_满意解V2.0_V3.0战略架构.md","reference","luo_han","active"
"d8ab2031","./A-manyige/03_📋研究任务/战略评估解读_满意解研究所_V1.0.md","reference","xie_baojian","active"
"59a7047a","./A-manyige/合伙人踩雷检测_产品设计方案.md","reference","xu_sir","active"
"1a754ff2","./A-manyige/试运行官宣全案/02-小红书/小红书文案.md","reference","xu_sir","active"
"306b6164","./A-manyige/试运行官宣全案/02-小红书/小红书发布操作手册.md","reference","xu_sir","active"
"28309ac6","./A-manyige/试运行官宣全案/03-抖音/抖音脚本.md","reference","general","active"
"ae3947cc","./A-manyige/试运行官宣全案/03-抖音/抖音发布操作手册.md","reference","general","active"
"054095dd","./A-manyige/试运行官宣全案/04-视频号/视频号发布操作手册.md","reference","general","active"
"3afc8521","./A-manyige/试运行官宣全案/04-视频号/视频号脚本.md","reference","general","active"
"6c348a05","./A-manyige/试运行官宣全案/05-通用素材/产品手册_试运营版.md","reference","liu_honglei","active"
"2220ce7f","./A-manyige/试运行官宣全案/05-通用素材/AI图片生成指令汇总.md","reference","xie_baojian","active"
"f92944ee","./A-manyige/试运行官宣全案/05-通用素材/三平台发布指引汇总.md","reference","xu_sir","active"
"3af1e154","./A-manyige/试运行官宣全案/01-朋友圈九宫格/AI图片指令.md","reference","xie_baojian","active"
"93c3d8a0","./A-manyige/试运行官宣全案/01-朋友圈九宫格/朋友圈文案.md","reference","xu_sir","active"
"e0cc03f1","./A-manyige/试运行官宣全案/00-总索引.md","reference","xie_baojian","active"
"b413386b","./A-manyige/03_🎨视觉资产/📄 源文件/五路图腾信息图_设计交付文档.md","reference","general","active"
"196baccc","./A-manyige/03_🎨视觉资产/五路图腾信息图_设计交付文档.md","reference","general","active"
"d72d947b","./A-manyige/代码对应与操作指引大全.md","reference","general","active"
"e88b6970","./A-manyige/全档案/02-产品体系/产品手册_试运营版.md","reference","liu_honglei","active"
"197fb595","./A-manyige/全档案/02-产品体系/产品体系_V1.3.md","reference","xie_baojian","active"
"1ce01363","./A-manyige/全档案/00-品牌视觉规范.md","reference","general","active"
"d8e0970e","./A-manyige/全档案/05-对外发布/官宣发布_总索引.md","reference","xie_baojian","active"
"cf4bbe05","./A-manyige/全档案/05-对外发布/抖音_脚本.md","reference","general","active"
"33444651","./A-manyige/全档案/05-对外发布/朋友圈_文案.md","reference","xu_sir","active"
"69b454eb","./A-manyige/全档案/05-对外发布/视频号_脚本.md","reference","general","active"
"451d1ff2","./A-manyige/全档案/05-对外发布/朋友圈_AI图片指令.md","reference","xie_baojian","active"
"b3d7ce93","./A-manyige/全档案/05-对外发布/名片设计指导.md","reference","xie_baojian","active"
"9237820d","./A-manyige/全档案/05-对外发布/AI图片生成指令汇总.md","reference","xie_baojian","active"
"0b62cd53","./A-manyige/全档案/05-对外发布/小红书_文案.md","reference","xu_sir","active"
"c21c6954","./A-manyige/全档案/06-运营支撑/对外话术手册.md","reference","xie_baojian","active"
"23574980","./A-manyige/全档案/00-总索引.md","reference","xie_baojian","active"
"e96b4099","./A-manyige/全档案/03-品牌内容/品牌手册_V1.3.md","reference","xie_baojian","active"
"dd10baae","./A-manyige/全档案/04-方法体系/五路图腾方法体系_V1.3.md","reference","liu_honglei","active"
"69963e15","./A-manyige/全档案/01-全案策划/满意解研究所_全案策划V1.3.md","reference","xie_baojian","active"
"95133ef4","./A-manyige/V1.3完整成品/02-产品体系/产品手册_试运营版.md","reference","liu_honglei","active"
"482fb782","./A-manyige/V1.3完整成品/02-产品体系/产品体系_V1.3.md","reference","xie_baojian","active"
"4ca9f4d6","./A-manyige/V1.3完整成品/03-方法体系/五路图腾方法体系_V1.3.md","reference","liu_honglei","active"
"9d87655c","./A-manyige/V1.3完整成品/01-品牌核心/品牌手册_V1.3.md","reference","xie_baojian","active"
"a2025375","./A-manyige/V1.3完整成品/00-总索引.md","reference","general","active"
"d5cea5d1","./A-manyige/V1.3完整成品/04-对外话术/对外话术手册_V1.3.md","reference","xie_baojian","active"
"33ebbbaf","./A-manyige/满意解研究所_V1.4_超级百科全书_完整版.md","reference","xu_sir","active"
"92aa2e80","./A-manyige/专家数字替身档案/谢宝剑研究员_数字替身档案_5标准版.md","reference","xie_baojian","active"
"88bf7769","./A-manyige/专家数字替身档案/黎红雷教授_数字替身档案_5标准版.md","reference","liu_honglei","active"
"327a2013","./A-manyige/专家数字替身档案/罗汉教授_数字替身档案_5标准版.md","reference","luo_han","active"
"d6cce267","./A-manyige/专家数字替身档案/方翊沣博士_数字替身档案_5标准版.md","reference","fang_yifeng","active"
"5cec5621","./A-manyige/专家数字替身档案/陈国祥博士_数字替身档案_5标准版.md","reference","xie_baojian","active"
"ae0508d2","./A-manyige/专家数字替身档案/李泽湘教授_数字替身档案_5标准版.md","reference","xie_baojian","active"
"f18cdd99","./A-manyige/06_🧠方法论体系/合伙人评估决策模型V1.0.md","reference","general","active"
"74823e00","./A-manyige/06_🧠方法论体系/合伙人匹配决策方法论V1.0.md","reference","general","active"
"468fbf6c","./A-manyige/满意解研究所_V1.5_超级百科全书_终极整合版.md","reference","xu_sir","active"
"a2472a40","./AGENT_STATE.md","reference","general","active"
"33ab3bb5","./TASK_MASTER.md","reference","general","active"
"4b98f718","./DEPLOYMENT_STATUS.md","reference","general","active"
"67888422","./TASKS.md","reference","xu_sir","active"
"0581b733","./IDENTITY.md","reference","xu_sir","active"
"2f77063f","./product4-iteration/round1-enterprise-features.md","reference","xu_sir","active"
"29f10d94","./product4-iteration/round2-intelligent-systems.md","reference","xu_sir","active"
"baebe9f0","./product4-iteration/round4-family-succession.md","reference","general","active"
"83698aff","./product4-iteration/round5-social-impact.md","reference","general","active"
"acff0474","./product4-iteration/ultimate-product-manual.md","reference","xie_baojian","active"
"feddb1e5","./product4-iteration/README.md","reference","xie_baojian","active"
"e91d6158","./product4-iteration/round3-ecosystem-integration.md","reference","xie_baojian","active"
"3c959962","./research/README.md","reference","xie_baojian","active"
"41f8d17c","./research/decision-pattern-annotation-spec.md","reference","general","active"
"0bc14882","./research/decision-pattern-dataset-sample.md","reference","xu_sir","active"
"6e7338e2","./research/alphago-deep-research.md","reference","luo_han","active"
"a2025351","./research/multi-agent-debate-sop.md","reference","liu_honglei","active"
"48f68d19","./research/satisficing-decision-engine-design.md","reference","luo_han","active"
"eb38a770","./research/core-insights-roadmap.md","reference","luo_han","active"
"fe6b2b40","./research/client-persona-profiles.md","reference","xu_sir","active"
"1e86c70b","./backups/memory/MEMORY_2026-03-22_001700.md","reference","liu_honglei","active"
"923eb247","./backups/memory/MEMORY_2026-03-16_16-17-22.md","reference","liu_honglei","active"
"a8660b5e","./backups/memory/MEMORY_20260318_031719.md","reference","liu_honglei","active"
"15a689fc","./backups/memory/MEMORY_20260316_141729.md","reference","liu_honglei","active"
"a961382f","./backups/memory/MEMORY_20260316_131724.md","reference","liu_honglei","active"
"25db9c23","./backups/memory/MEMORY_20260316_111713.md","reference","liu_honglei","active"
"5f1485a0","./backups/memory/MEMORY_20260318_001718.md","reference","liu_honglei","active"
"7c03404a","./backups/memory/MEMORY_20260317_211713.md","reference","liu_honglei","active"
"fad50bd4","./backups/memory/MEMORY_20260320_121726.md","reference","liu_honglei","active"
"0152f0b6","./backups/memory/MEMORY_20260316_041710.md","reference","liu_honglei","active"
"1983a0bb","./backups/memory/MEMORY_20260316_101709.md","reference","liu_honglei","active"
"ebab68c5","./backups/memory/MEMORY_20260316_031705.md","reference","liu_honglei","active"
"5d3c1bdd","./backups/memory/MEMORY_20260318_011712.md","reference","liu_honglei","active"
"86f76fc2","./backups/memory/MEMORY_20260316_171729.md","reference","liu_honglei","active"
"7df9e0c3","./backups/memory/MEMORY_20260318_081727.md","reference","liu_honglei","active"
"72312830","./backups/memory/MEMORY-20260321-201709.md","reference","liu_honglei","active"
"fc6c2694","./backups/memory/MEMORY_20260316_001707.md","reference","liu_honglei","active"
"79beb63c","./backups/memory/MEMORY_20260318_041719.md","reference","liu_honglei","active"
"25419b97","./backups/memory/MEMORY_20260318_101706.md","reference","liu_honglei","active"
"eaa9f937","./backups/memory/MEMORY-20260320-201717.md","reference","liu_honglei","active"
"6255a757","./backups/memory/MEMORY_20260316_091710.md","reference","liu_honglei","active"
"d1263b0c","./backups/memory/MEMORY_backup_20260316_201716.md","reference","liu_honglei","active"
"45b146f7","./backups/memory/MEMORY_20260320_161734.md","reference","liu_honglei","active"
"00ca69ca","./backups/memory/MEMORY_20260318_061720.md","reference","liu_honglei","active"
"beda4361","./backups/memory/MEMORY-20260321-041724.md","reference","liu_honglei","active"
"1f0f31db","./backups/memory/MEMORY_20260322_041717.md","reference","liu_honglei","active"
"53212a21","./backups/memory/MEMORY_20260316_051707.md","reference","liu_honglei","active"
"7bcc06d4","./backups/memory/MEMORY_20260316_011709.md","reference","liu_honglei","active"
"073a1b50","./backups/memory/MEMORY_20260317_231716.md","reference","liu_honglei","active"
"3af46659","./backups/memory/MEMORY_2026-03-16_18-17-10.md","reference","liu_honglei","active"
"5d53d4b0","./backups/memory/MEMORY_20260316_121716.md","reference","liu_honglei","active"
"eb371553","./backups/memory/MEMORY_20260316_081717.md","reference","liu_honglei","active"
"d430a174","./backups/memory/MEMORY_20260316_061706.md","reference","liu_honglei","active"
"74e9eb6e","./backups/memory/MEMORY_20260317_221708.md","reference","liu_honglei","active"
"cec06dba","./backups/memory/MEMORY_20260318_051722.md","reference","liu_honglei","active"
"5321e1a0","./backups/memory/MEMORY_20260321-081712.md","reference","liu_honglei","active"
"f91940b9","./backups/memory/MEMORY_20260318_091714.md","reference","liu_honglei","active"
"3e1b5144","./backups/memory/MEMORY_20260316_021705.md","reference","liu_honglei","active"
"508b4888","./backups/memory/MEMORY-20260321-121712.md","reference","liu_honglei","active"
"bd617447","./backups/memory/MEMORY_20260321_161717.md","reference","liu_honglei","active"
"7d04d80a","./backups/memory/MEMORY_20260316_151722.md","reference","liu_honglei","active"
"ed80a6aa","./backups/memory/MEMORY_20260318_071711.md","reference","liu_honglei","active"
"9788bed3","./backups/memory/MEMORY_20260321_001717.md","reference","liu_honglei","active"
"957a8544","./backups/memory/MEMORY_20260316_071715.md","reference","liu_honglei","active"
"593326f3","./backups/memory/MEMORY_20260318_021716.md","reference","liu_honglei","active"
"52cea105","./backups/memory/MEMORY_2026-03-16_1917.md","reference","liu_honglei","active"
"3680ea90","./backups/skill_metadata_backup_20260321.md","methodology","general","active"
"7e22ca95","./backups/layer4_identity/cognitive_architecture_v1.md","reference","xie_baojian","active"
"d650f6dc","./backups/layer5_knowledge/kg_update_report.md","reference","luo_han","active"
"6c902339","./backups/2026-03-16/2026-03-16.md","reference","xu_sir","active"
"e809e060","./backups/2026-03-16/V1.1_百科全书_大纲框架.md","reference","xie_baojian","active"
"fd8838ae","./backups/2026-03-16/满意解研究所_V1.1_超级百科全书_优化版.md","reference","liu_honglei","active"
"c277360a","./backups/layer6_memory/MEMORY.md","reference","liu_honglei","active"
"d498f226","./backups/layer6_memory/2026-03-21.md","reference","general","active"
"7ffd7256","./backups/layer1_meta/REINCARNATION_PLAYBOOK.md","reference","general","active"
"a7712af7","./backups/SYNC_REPORT_20260321_030700.md","reference","general","active"
"9e2e94c0","./README_AZURE_TEE.md","reference","general","active"
"92e8e864","./product1-iteration/round3/round3-ecosystem-integration.md","reference","luo_han","active"
"1b0ea0c7","./product1-iteration/round2/round2-report-intelligence.md","reference","xu_sir","active"
"496bb511","./product1-iteration/round1/round1-assessment-deepening.md","reference","general","active"
"3a872950","./product1-iteration/final/technical-implementation.md","implementation","xu_sir","active"
"e80f9d8d","./product1-iteration/final/api-specification.md","reference","xu_sir","active"
"4d79bcbe","./product1-iteration/final/operations-sop.md","reference","general","active"
"3c9eacdb","./product1-iteration/final/product-manual.md","reference","xu_sir","active"
"ed4e5561","./product1-iteration/final/iteration-summary.md","reference","xu_sir","active"
"4668affa","./product1-iteration/round4/round4-business-model.md","reference","general","active"
"efc89582","./product1-iteration/round5/round5-experience-perfection.md","reference","xu_sir","active"
"3fc34453","./knowledge/week14_ingested/11_Skill文档/W14-0E450E-SKILL.md","methodology","general","active"
"fc6c73f2","./knowledge/week14_ingested/11_Skill文档/W14-51F048-5standard-completion-report.md","reference","luo_han","active"
"6f7b427d","./knowledge/week14_ingested/11_Skill文档/W14-6FF7E1-SKILL.md","methodology","general","active"
"48dbc3a1","./knowledge/week14_ingested/11_Skill文档/W14-0A6D60-SKILL.md","methodology","general","active"
"5953ce73","./knowledge/week14_ingested/11_Skill文档/W14-DD862C-SKILL.md","methodology","general","active"
"ad9bdea5","./knowledge/week14_ingested/11_Skill文档/W14-9C2912-SKILL.md","methodology","general","active"
"607c5c03","./knowledge/week14_ingested/11_Skill文档/W14-33AAC2-SKILL.md","methodology","general","active"
"b8aaf7e6","./knowledge/week14_ingested/11_Skill文档/W14-3B2552-LEVEL5_UPGRADE_REPORT.md","reference","xu_sir","active"
"c7e9f873","./knowledge/week14_ingested/11_Skill文档/W14-B5347C-LIMITATIONS.md","reference","general","active"
"93102aee","./knowledge/week14_ingested/11_Skill文档/W14-6499B4-CHANGELOG.md","reference","general","active"
"1c619a8e","./knowledge/week14_ingested/11_Skill文档/W14-458B8C-test_cases.md","reference","general","active"
"f070c642","./knowledge/week14_ingested/11_Skill文档/W14-BB4771-SKILL.md","methodology","general","active"
"31509069","./knowledge/week14_ingested/11_Skill文档/W14-F1B0D6-SKILL.md","methodology","general","active"
"6c4924ea","./knowledge/week14_ingested/11_Skill文档/W14-CA0296-SKILL.md","methodology","general","active"
"3d6e4187","./knowledge/week14_ingested/11_Skill文档/W14-152ACA-SKILL.md","methodology","general","active"
"0899d746","./knowledge/week14_ingested/11_Skill文档/W14-E0A4C9-SKILL.md","methodology","general","active"
"94c602b8","./knowledge/week14_ingested/11_Skill文档/W14-024562-SKILL.md","methodology","general","active"
"51c90a7e","./knowledge/week14_ingested/11_Skill文档/W14-0F98D0-SKILL.md","methodology","general","active"
"cc605a79","./knowledge/week14_ingested/11_Skill文档/W14-01C30D-SKILL.md","methodology","general","active"
"779bcec6","./knowledge/week14_ingested/11_Skill文档/W14-34570B-SKILL.md","methodology","general","active"
"ded014a7","./knowledge/week14_ingested/11_Skill文档/W14-D86C3F-SKILL.md","methodology","general","active"
"a23c48ef","./knowledge/week14_ingested/11_Skill文档/W14-6FEFD8-SKILL.md","methodology","general","active"
"4f045730","./knowledge/week14_ingested/11_Skill文档/W14-BF7D02-SKILL.md","methodology","general","active"
"dd091fcf","./knowledge/week14_ingested/11_Skill文档/W14-DAD18B-technical-analysis.md","reference","general","active"
"d46dbdfe","./knowledge/week14_ingested/11_Skill文档/W14-4D8E2A-SKILL.md","methodology","general","active"
"b85f2c61","./knowledge/week14_ingested/11_Skill文档/W14-8A426C-SKILL.md","methodology","general","active"
"88cb68d3","./knowledge/week14_ingested/11_Skill文档/W14-D5EBBC-SKILL.md","methodology","general","active"
"df7a25c7","./knowledge/week14_ingested/11_Skill文档/W14-80558F-SKILL.md","methodology","general","active"
"4c82041f","./knowledge/week14_ingested/11_Skill文档/W14-C0455C-SKILL.md","methodology","general","active"
"523e8b4f","./knowledge/week14_ingested/11_Skill文档/W14-9A6FB2-SKILL.md","methodology","general","active"
"311c9436","./knowledge/week14_ingested/11_Skill文档/W14-5EE56E-SELF_CHECK_REPORT.md","reference","general","active"
"4ed42295","./knowledge/week14_ingested/11_Skill文档/W14-1ECE0C-README.md","reference","general","active"
"4f9b7f99","./knowledge/week14_ingested/11_Skill文档/W14-A7CCBD-health-report-template.md","reference","general","active"
"b8db46de","./knowledge/week14_ingested/11_Skill文档/W14-66E124-SKILL.md","methodology","general","active"
"9ab07f54","./knowledge/week14_ingested/11_Skill文档/W14-2831F1-SKILL.md","methodology","general","active"
"3c292e37","./knowledge/week14_ingested/11_Skill文档/W14-ED6EC1-report-template.md","reference","general","active"
"e904fe07","./knowledge/week14_ingested/11_Skill文档/W14-E9C626-SKILL.md","methodology","general","active"
"50d2e3bd","./knowledge/week14_ingested/11_Skill文档/W14-F3AE37-SKILL.md","methodology","general","active"
"b8e7ca2e","./knowledge/week14_ingested/11_Skill文档/W14-AAEFCA-SKILL.md","methodology","general","active"
"922f92d2","./knowledge/week14_ingested/11_Skill文档/W14-8F7684-SKILL.md","methodology","general","active"
"6ab83b7e","./knowledge/week14_ingested/11_Skill文档/W14-14AC25-2026-03-21_产品周会_2026-03-21.md","reference","general","active"
"205deb98","./knowledge/week14_ingested/11_Skill文档/W14-4B4E74-SKILL.md","methodology","general","active"
"518a1294","./knowledge/week14_ingested/11_Skill文档/W14-658217-SKILL.md","methodology","general","active"
"26a0fd07","./knowledge/week14_ingested/11_Skill文档/W14-6AA1A3-SKILL.md","methodology","general","active"
"59cd9588","./knowledge/week14_ingested/11_Skill文档/W14-508CDD-SKILL.md","methodology","xu_sir","active"
"03c93cc7","./knowledge/week14_ingested/11_Skill文档/W14-04AE0C-README.md","reference","xu_sir","active"
"0baa3cba","./knowledge/week14_ingested/11_Skill文档/W14-AE44C3-SKILL.md","methodology","general","active"
"6bec3053","./knowledge/week14_ingested/11_Skill文档/W14-44A229-SKILL.md","methodology","general","active"
"176c3a51","./knowledge/week14_ingested/11_Skill文档/W14-6C9594-SKILL.md","methodology","xu_sir","active"
"ade53d88","./knowledge/week14_ingested/11_Skill文档/W14-8D5EA4-financial-metrics.md","reference","general","active"
"d1509444","./knowledge/week14_ingested/WEEK14_REPORT.md","reference","general","active"
"fe4eb921","./knowledge/FINAL_FULL_INGESTION_REPORT.md","reference","general","active"
"5c70ef90","./knowledge/week6_ingested/12_记忆档案/W6-3220EF-定制Skill开发需求确认.md","reference","general","active"
"24cc00a2","./knowledge/week6_ingested/12_记忆档案/W6-1CE5FD-满意解决策方法论_可视化图表集.md","reference","general","active"
"efc098de","./knowledge/week6_ingested/12_记忆档案/W6-3CB578-满意解决策方法论_实践速查表.md","reference","general","active"
"9e976791","./knowledge/week6_ingested/12_记忆档案/W6-F1D052-文档完整性修复计划.md","reference","general","active"
"e2f33d25","./knowledge/week6_ingested/12_记忆档案/W6-01CFFF-讨论但未确认任务清单.md","reference","general","active"
"5a82b48c","./knowledge/week6_ingested/12_记忆档案/W6-7ADDD5-新增角色方案-解决三个关键问题.md","reference","general","active"
"b9540638","./knowledge/week6_ingested/12_记忆档案/W6-6B1CB5-文档完整性检查报告.md","reference","luo_han","active"
"3c88cd78","./knowledge/week6_ingested/12_记忆档案/W6-E69D40-行为设计手册_V1.1.md","reference","general","active"
"db79691c","./knowledge/week6_ingested/12_记忆档案/W6-AEBE06-满意解决策方法论_白皮书_v1.1.md","reference","liu_honglei","active"
"6f91bad1","./knowledge/week6_ingested/12_记忆档案/W6-5FA33B-多维表格创建指南.md","reference","general","active"
"568dd436","./knowledge/week6_ingested/12_记忆档案/W6-0B8A77-完整员工体系V2.5.md","reference","general","active"
"422ad0b5","./knowledge/week6_ingested/12_记忆档案/W6-211249-附件一_完整权限清单.md","reference","general","active"
"ced01e2d","./knowledge/week6_ingested/12_记忆档案/W6-ADA4EB-夜间任务执行手册.md","reference","general","active"
"73b31f26","./knowledge/week6_ingested/12_记忆档案/W6-AD06CC-经济环境研究体系_V1.1.md","reference","general","active"
"3972910a","./knowledge/week6_ingested/12_记忆档案/W6-D85792-完整员工体系V2.4.md","reference","xu_sir","active"
"350d9e7a","./knowledge/week6_ingested/12_记忆档案/W6-99F81B-附件三_API调用日志.md","reference","general","active"
"19492cab","./knowledge/week6_ingested/12_记忆档案/W6-C5C0D9-画图工具API集成方案.md","reference","xu_sir","active"
"941a7394","./knowledge/week6_ingested/12_记忆档案/W6-58C990-附件二_测试文档链接.md","reference","general","active"
"05ca1f3a","./knowledge/week6_ingested/12_记忆档案/W6-4CD173-满意解研究所_沙盘模拟报告.md","reference","xu_sir","active"
"ffa3b481","./knowledge/week6_ingested/01_研究报告/W6-5C69FF-团队执行文化V1.0.md","reference","general","active"
"a2a6e47d","./knowledge/week6_ingested/01_研究报告/W6-1AB110-五路图腾五行体系.md","reference","liu_honglei","active"
"69775769","./knowledge/week6_ingested/01_研究报告/W6-B9A8CB-GUANYIN_dialogue_lib.md","reference","general","active"
"5545cd34","./knowledge/week6_ingested/01_研究报告/W6-787DC0-V1.1_交付清单.md","reference","general","active"
"76d4547b","./knowledge/week6_ingested/01_研究报告/W6-ABCD36-GUANYIN_quick_ref.md","reference","general","active"
"54a2cacf","./knowledge/week6_ingested/01_研究报告/W6-743661-合伙人候选人对比分析模板.md","reference","general","active"
"88270018","./knowledge/week6_ingested/01_研究报告/W6-3C4232-命理适配决策流程1.2_执行手册.md","reference","general","active"
"68d95454","./knowledge/week6_ingested/01_研究报告/W6-B39B18-像真人一样-直觉力决策组织实现方案.md","reference","xu_sir","active"
"4bf414b7","./knowledge/week6_ingested/01_研究报告/W6-21DB47-商业布局1.1_执行摘要.md","reference","general","active"
"1a962d6f","./knowledge/week6_ingested/01_研究报告/W6-BDD05B-商业计划沙盘交付计划-Token优化版.md","reference","general","active"
"36e78bc7","./knowledge/week6_ingested/01_研究报告/W6-989380-股权分配谈判指南.md","reference","general","active"
"6539093d","./knowledge/week6_ingested/01_研究报告/W6-A323DA-精神核心图腾档案.md","reference","general","active"
"8b857044","./knowledge/week6_ingested/01_研究报告/W6-C9F1E1-文化溯源1.1_五路图腾与命理深度融合体系.md","reference","general","active"
"f87c763f","./knowledge/week6_ingested/01_研究报告/W6-D2A6AE-硬件初创企业合伙人选择决策框架.md","reference","general","active"
"7d8293b9","./knowledge/week6_ingested/01_研究报告/W6-0A39F1-合伙人深度访谈问题清单.md","reference","general","active"
"5ad8a38f","./knowledge/week6_ingested/01_研究报告/W6-3A5F87-客户价值体系_V1.1.md","reference","general","active"
"dcad9b08","./knowledge/week6_ingested/01_研究报告/W6-4BE3CC-六路图腾与星盘对应图谱.md","reference","general","active"
"524cceb3","./knowledge/week6_ingested/01_研究报告/W6-F24B2F-GUANYIN_V1.0.md","reference","xie_baojian","active"
"864dfa02","./knowledge/week6_ingested/01_研究报告/W6-4BCB8D-免费优先策略深度研究.md","reference","xu_sir","active"
"c076f530","./knowledge/week6_ingested/01_研究报告/W6-ACD04C-感知力决策知识图谱_核心要点.md","reference","general","active"
"07d42079","./knowledge/week6_ingested/01_研究报告/W6-52E32F-个人化商业计划沙盘交付计划-Egbertie专属版.md","reference","xie_baojian","active"
"b5f9c631","./knowledge/week6_ingested/01_研究报告/W6-34D08C-感知力决策工具V1.1_完整版.md","reference","general","active"
"026d2f0e","./knowledge/week6_ingested/01_研究报告/W6-153780-商业计划V1.1_感知力决策重构版.md","reference","xie_baojian","active"
"3df37d31","./knowledge/week6_ingested/01_研究报告/W6-2B35E4-五路图腾决策体系_对外说明版.md","reference","general","active"
"01340a3b","./knowledge/week6_ingested/01_研究报告/W6-7D2435-感知力测试模块_V1.1.md","reference","general","active"
"1ec7c702","./knowledge/week6_ingested/01_研究报告/W6-C272B8-文化线升级1.1_交付清单.md","reference","general","active"
"2141d987","./knowledge/week6_ingested/01_研究报告/W6-2A4B4C-五路图腾命理适配决策流程_执行手册.md","reference","general","active"
"2b68b8a9","./knowledge/week6_ingested/01_研究报告/W6-9A9BFB-文化溯源1.2_本命盘深度融合版.md","reference","liu_honglei","active"
"13004783","./knowledge/week6_ingested/01_研究报告/W6-656372-感知力决策工具_V1.1_快速参考卡.md","reference","general","active"
"e40ddc41","./knowledge/week6_ingested/01_研究报告/W6-E330B8-合伙人协议关键条款清单.md","reference","general","active"
"f63e67ae","./knowledge/week6_ingested/01_研究报告/W6-514A52-盈利模型V1.1.md","reference","general","active"
"8a35eb88","./knowledge/week6_ingested/WEEK6_REPORT.md","reference","general","active"
"c13b7dd5","./knowledge/data/experts/README.md","reference","liu_honglei","active"
"0c70d9e3","./knowledge/data/experts/History/herbert_simon.md","reference","xie_baojian","active"
"2bb55622","./knowledge/data/experts/History/liu_yuxi.md","reference","general","active"
"4ba46aa5","./knowledge/data/experts/History/avalokitesvara.md","reference","general","active"
"8016395c","./knowledge/data/experts/neuroscience/antonio_damasio.md","reference","fang_yifeng","active"
"688e4fa4","./knowledge/data/experts/intuition/daniel_kahneman.md","reference","general","active"
"15d4082d","./knowledge/data/cases/case_002_gov_subsidy.md","reference","xu_sir","active"
"97686bef","./knowledge/data/cases/case_001_equity_dispute.md","reference","general","active"
"39887527","./knowledge/data/cases/case_005_investor_intervention.md","reference","xu_sir","active"
"f535d0e9","./knowledge/data/cases/case_004_value_conflict.md","reference","general","active"
"9feb33d9","./knowledge/data/cases/case_003_tech_exit.md","reference","xu_sir","active"
"8e1098a2","./knowledge/converted_docs/05_话术工具/19cc5c6b-a1e2-81d0-8000-0000bd3988e6_创始人的初始见面话术V0.5-反方质疑.md","reference","general","active"
"8c87f860","./knowledge/converted_docs/AUDIT_REPORT.md","reference","general","active"
"9d186cbe","./knowledge/converted_docs/10_AI行业研究/AIRES-003-Skills神级饲料.md","reference","xu_sir","active"
"3929eba5","./knowledge/converted_docs/10_AI行业研究/AIRES-005-AI辅助学习框架.md","reference","xu_sir","active"
"5549685e","./knowledge/converted_docs/10_AI行业研究/AIRES-010-ima知识库Skill.md","reference","xu_sir","active"
"3b34f830","./knowledge/converted_docs/10_AI行业研究/AIRES-008-AccioWork跨境电商Agent.md","reference","xu_sir","active"
"6ca2317e","./knowledge/converted_docs/10_AI行业研究/AIRES-006-中国AI视频弯道超车.md","reference","xu_sir","active"
"5db6f682","./knowledge/converted_docs/10_AI行业研究/AIRES-009-QVeris投研分析.md","reference","xu_sir","active"
"09e39b59","./knowledge/converted_docs/10_AI行业研究/AIRES-001-傅盛AI龙虾成长日志.md","reference","xu_sir","active"
"60f20ffb","./knowledge/converted_docs/10_AI行业研究/AIRES-002-WorkBuddy微信直连.md","reference","xu_sir","active"
"33b649ad","./knowledge/converted_docs/10_AI行业研究/AIRES-012-WorkBuddy一分钟部署.md","reference","xu_sir","active"
"2858db04","./knowledge/converted_docs/10_AI行业研究/AIRES-011-飞书公众号排版自动化.md","reference","xu_sir","active"
"50897f93","./knowledge/converted_docs/10_AI行业研究/AIRES-007-Agent系统简单设计原则.md","reference","xu_sir","active"
"bfc2ce11","./knowledge/converted_docs/10_AI行业研究/AIRES-004-agency-agents多智能体协作.md","reference","xu_sir","active"
"2bd99780","./knowledge/converted_docs/README.md","reference","liu_honglei","active"
"583b4107","./knowledge/converted_docs/03_学术根基/19cc5c6b-abb2-804a-8000-000064639b34_赫伯特_西蒙著作研究_满意解理论与合伙人决策业务的学术根基.md","reference","general","active"
"83b0107e","./knowledge/converted_docs/03_学术根基/涌现匹配算法_V2.0_学术规范版.md","reference","luo_han","active"
"99009cf6","./knowledge/converted_docs/08_感知力训练/感知力训练体系_V2.0_具身认知与双系统理论.md","reference","xu_sir","active"
"04a968a9","./knowledge/converted_docs/08_感知力训练/感知力训练体系_V1.md","reference","fang_yifeng","active"
"83f7cdb0","./knowledge/converted_docs/04_品牌设计/19cc5c4d-1c32-85d6-8000-0000fd793761_满意解研究所_Logo优化设计指南.md","reference","general","active"
"21828bd9","./knowledge/converted_docs/01_研究报告/19cc5c6b-ce02-8492-8000-000098f41b44_满意解研究所V0.96.md","reference","xie_baojian","active"
"4c607adc","./knowledge/converted_docs/01_研究报告/满意解研究所与李泽湘体系协同策略研究报告1.0.md","reference","luo_han","active"
"30a5b45f","./knowledge/converted_docs/01_研究报告/黎红雷教授深度研究报告1.0.md","reference","liu_honglei","active"
"216c8db8","./knowledge/converted_docs/01_研究报告/满意解研究所与XbotPark体系协同策略研究报告_2.0_学术版.md","reference","xie_baojian","active"
"36e7eb2d","./knowledge/converted_docs/02_实施方案/涌现匹配算法实施手册_V1.md","reference","luo_han","active"
"ad9e60e3","./knowledge/converted_docs/02_实施方案/极限72小时压力测试实施方案_V1.md","reference","xu_sir","active"
"ae413538","./knowledge/converted_docs/02_实施方案/极限72小时压力测试_V2.0_实验性框架.md","reference","xu_sir","active"
"d0be22f5","./knowledge/converted_docs/99_其他/FEISHU-AUTH-001-飞书授权流程.md","reference","xu_sir","active"
"1f3eaf39","./knowledge/converted_docs/99_其他/temp_openclaw_skills_guide.md","methodology","xu_sir","active"
"4c678f17","./knowledge/converted_docs/99_其他/test_document.md","reference","general","active"
"644906ed","./knowledge/converted_docs/99_其他/蓝军报告_V1.0_原始.md","reference","xie_baojian","active"
"b5333c14","./knowledge/converted_docs/99_其他/temp_wangdao_report.md","reference","xu_sir","active"
"c0096347","./knowledge/converted_docs/06_反方质疑/19cc5c6b-9982-8cce-8000-000054651c98_V0.9反方.md","reference","general","active"
"f8b39b03","./knowledge/converted_docs/09_企业儒学/企业儒学理论建构与实践验证_黎红雷_2.0版.md","reference","liu_honglei","active"
"467d8ef3","./knowledge/INGESTION_5STANDARD_ACCEPTANCE.md","reference","general","active"
"795aa062","./knowledge/week8_ingested/WEEK8_REPORT.md","reference","general","active"
"ecf34dc4","./knowledge/week8_ingested/11_Skill文档/W8-1970D3-README.md","reference","general","active"
"e21f25be","./knowledge/week8_ingested/11_Skill文档/W8-36022C-SKILL.md","methodology","general","active"
"cc0540aa","./knowledge/week8_ingested/11_Skill文档/W8-CACDC1-19ceceb3-40e2-83cc-8000-000043c54635_workflow-blueprint-guide.md","reference","general","active"
"91836415","./knowledge/week8_ingested/11_Skill文档/W8-413299-README.md","reference","general","active"
"c0f4cf48","./knowledge/week8_ingested/11_Skill文档/W8-121F08-SKILL.md","methodology","general","active"
"11c94b33","./knowledge/week8_ingested/11_Skill文档/W8-3FD587-SKILL.md","methodology","general","active"
"02c0b119","./knowledge/week8_ingested/11_Skill文档/W8-132676-SKILL.md","methodology","general","active"
"127960dc","./knowledge/week8_ingested/11_Skill文档/W8-C428C9-README.md","reference","general","active"
"d03b0b27","./knowledge/week8_ingested/11_Skill文档/W8-51904C-README.md","reference","general","active"
"9175e22c","./knowledge/week8_ingested/11_Skill文档/W8-D20C42-19cec318-ad82-8cf2-8000-0000faa850b8_content.md","reference","general","active"
"d32f88c2","./knowledge/week8_ingested/11_Skill文档/W8-05CF41-README.md","reference","general","active"
"eb39afef","./knowledge/week8_ingested/11_Skill文档/W8-A0775D-SKILL.md","methodology","general","active"
"16d97ae3","./knowledge/week8_ingested/11_Skill文档/W8-ACADF4-README.md","reference","general","active"
"6692b24c","./knowledge/week8_ingested/11_Skill文档/W8-D76C8D-tips.md","reference","xu_sir","active"
"ca975f0a","./knowledge/week8_ingested/11_Skill文档/W8-641AE0-SKILL.md","methodology","xu_sir","active"
"addd89b4","./knowledge/week8_ingested/11_Skill文档/W8-1DDAC7-README.md","reference","general","active"
"6561d7bb","./knowledge/week8_ingested/11_Skill文档/W8-98A1A3-SKILL.md","methodology","general","active"
"5101360f","./knowledge/week8_ingested/11_Skill文档/W8-D7AB19-SKILL.md","methodology","general","active"
"dcd0e156","./knowledge/week8_ingested/11_Skill文档/W8-FEF725-SKILL.md","methodology","general","active"
"eb47acb0","./knowledge/week8_ingested/11_Skill文档/W8-8131B3-SKILL.md","methodology","general","active"
"4916c5a3","./knowledge/week8_ingested/11_Skill文档/W8-A4D245-README.md","reference","general","active"
"a52c6fa2","./knowledge/week8_ingested/11_Skill文档/W8-2AD653-SKILL.md","methodology","xu_sir","active"
"9d44d0f7","./knowledge/week8_ingested/11_Skill文档/W8-5FE6D0-SKILL.md","methodology","general","active"
"f4b331ae","./knowledge/week8_ingested/11_Skill文档/W8-0B273C-SKILL.md","methodology","general","active"
"f620ccba","./knowledge/week8_ingested/11_Skill文档/W8-27C807-SKILL.md","methodology","general","active"
"1d4c9fc6","./knowledge/week8_ingested/11_Skill文档/W8-9D9341-19cec318-ad72-8e41-8000-0000119132f8_content_auto_fit.md","reference","general","active"
"06795d58","./knowledge/week8_ingested/11_Skill文档/W8-F6CEF7-tips.md","reference","general","active"
"e203fdea","./knowledge/week8_ingested/11_Skill文档/W8-5E3857-SKILL.md","methodology","xu_sir","active"
"2e2bb752","./knowledge/week8_ingested/11_Skill文档/W8-948649-SKILL.md","methodology","general","active"
"8a970c27","./knowledge/week8_ingested/11_Skill文档/W8-B39376-tips.md","reference","xu_sir","active"
"b898d04e","./knowledge/week8_ingested/11_Skill文档/W8-C73D14-README.md","reference","general","active"
"66e20556","./knowledge/week8_ingested/11_Skill文档/W8-448731-README.md","reference","general","active"
"8861dcac","./knowledge/week8_ingested/11_Skill文档/W8-57F1CB-19cec32a-4b12-80c9-8000-00000e93fde5_example.md","reference","general","active"
"ee357654","./knowledge/week8_ingested/11_Skill文档/W8-8AA20E-README.md","reference","general","active"
"5b6599b7","./knowledge/week8_ingested/11_Skill文档/W8-CAA8F0-SKILL.md","methodology","general","active"
"cdbc6db2","./knowledge/week8_ingested/11_Skill文档/W8-E221EE-README.md","reference","general","active"
"14f6ada4","./knowledge/week8_ingested/11_Skill文档/W8-858EC5-README.md","reference","general","active"
"30712a05","./knowledge/week8_ingested/11_Skill文档/W8-2595A4-README.md","reference","general","active"
"218e6a5e","./knowledge/week8_ingested/11_Skill文档/W8-75FE77-README.md","reference","general","active"
"1646616b","./knowledge/week8_ingested/11_Skill文档/W8-3CF846-SKILL.md","methodology","general","active"
"2071ec6b","./knowledge/week8_ingested/11_Skill文档/W8-8601F8-SKILL.md","methodology","xu_sir","active"
"4e64ffd2","./knowledge/week8_ingested/11_Skill文档/W8-6FA296-README.md","reference","general","active"
"0d9b5c3e","./knowledge/week8_ingested/11_Skill文档/W8-DB5369-SKILL.md","methodology","general","active"
"5b44b25e","./knowledge/week8_ingested/11_Skill文档/W8-EBFCEC-SKILL.md","methodology","general","active"
"ded084a0","./knowledge/week8_ingested/11_Skill文档/W8-858E5F-SKILL.md","methodology","xu_sir","active"
"57b289d0","./knowledge/week8_ingested/11_Skill文档/W8-1ED3A3-SKILL.md","methodology","general","active"
"4012d7e5","./knowledge/week8_ingested/11_Skill文档/W8-2E306A-README.md","reference","general","active"
"40be95b1","./knowledge/week8_ingested/11_Skill文档/W8-D88BEE-SKILL.md","methodology","general","active"
"fda4151f","./knowledge/week8_ingested/11_Skill文档/W8-C02EBC-SKILL.md","methodology","general","active"
"747bf8aa","./knowledge/week8_ingested/11_Skill文档/W8-6B07A0-README.md","reference","general","active"
"89855fc7","./knowledge/week16_ingested/WEEK16_REPORT.md","reference","general","active"
"703687ff","./knowledge/week16_ingested/11_Skill文档/W16-E3AAB1-SKILL.md","methodology","general","active"
"3b57acd4","./knowledge/week16_ingested/11_Skill文档/W16-0DADB2-SKILL.md","methodology","xu_sir","active"
"ebe9ec9f","./knowledge/week16_ingested/11_Skill文档/W16-0C1E59-SKILL.md","methodology","general","active"
"98080ecb","./knowledge/week16_ingested/11_Skill文档/W16-DCE0B4-migration-guide.md","reference","general","active"
"5379c39b","./knowledge/week16_ingested/11_Skill文档/W16-DDCADC-COMPLIANCE_REPORT.md","reference","general","active"
"981719f8","./knowledge/week16_ingested/11_Skill文档/W16-8C55EF-README.md","reference","general","active"
"c8a8c251","./knowledge/week16_ingested/11_Skill文档/W16-4134B9-improvement-report.md","reference","general","active"
"19026502","./knowledge/week16_ingested/11_Skill文档/W16-323632-SKILL.md","methodology","general","active"
"1b517f6f","./knowledge/week16_ingested/11_Skill文档/W16-DBCCEC-README.md","reference","general","active"
"2802c656","./knowledge/week16_ingested/11_Skill文档/W16-E0D447-SKILL.md","methodology","xu_sir","active"
"d6f9fd6c","./knowledge/week16_ingested/11_Skill文档/W16-C0157F-README.md","reference","xu_sir","active"
"abc21051","./knowledge/week16_ingested/11_Skill文档/W16-22089B-SKILL.md","methodology","general","active"
"84cdc31e","./knowledge/week16_ingested/11_Skill文档/W16-DE7DB2-SKILL.md","methodology","xu_sir","active"
"a4709e6b","./knowledge/week16_ingested/11_Skill文档/W16-F45C26-5standard-completion-report.md","reference","general","active"
"e49edfc9","./knowledge/week16_ingested/11_Skill文档/W16-C242F8-SKILL.md","methodology","general","active"
"c0cfecd6","./knowledge/week16_ingested/11_Skill文档/W16-E0C2C3-SKILL.md","methodology","general","active"
"4ff5f973","./knowledge/week16_ingested/11_Skill文档/W16-7FF885-naming-guidelines.md","reference","general","active"
"602299ee","./knowledge/week16_ingested/11_Skill文档/W16-EF587C-README.md","reference","general","active"
"b1f843dc","./knowledge/week16_ingested/11_Skill文档/W16-D91242-SKILL.md","methodology","general","active"
"8688d06a","./knowledge/week16_ingested/11_Skill文档/W16-91A359-README.md","reference","general","active"
"5c0acbce","./knowledge/week16_ingested/11_Skill文档/W16-C0D32E-SKILL.md","methodology","general","active"
"876805d1","./knowledge/week16_ingested/11_Skill文档/W16-73ECF3-SKILL.md","methodology","general","active"
"f8910c43","./knowledge/week16_ingested/11_Skill文档/W16-A59ED2-README.md","reference","xu_sir","active"
"bb0e4d27","./knowledge/week16_ingested/11_Skill文档/W16-5B435B-SKILL.md","methodology","general","active"
"aed5275c","./knowledge/week16_ingested/11_Skill文档/W16-9B893F-5standard-completion-report.md","reference","general","active"
"f09054af","./knowledge/week16_ingested/11_Skill文档/W16-55B7C1-STANDARDS_CHECK.md","reference","general","active"
"a06a7a2c","./knowledge/week16_ingested/11_Skill文档/W16-ADC01D-SKILL.md","methodology","general","active"
"b5d8edea","./knowledge/week16_ingested/11_Skill文档/W16-51C16F-SKILL.md","methodology","general","active"
"4a2d5543","./knowledge/week16_ingested/11_Skill文档/W16-9B84AC-SKILL.md","methodology","xu_sir","active"
"7710ece4","./knowledge/week16_ingested/11_Skill文档/W16-04CF70-SKILL.md","methodology","general","active"
"2365789d","./knowledge/week16_ingested/11_Skill文档/W16-1B531D-SKILL.md","methodology","general","active"
"47498b50","./knowledge/week16_ingested/11_Skill文档/W16-A48E47-README.md","reference","general","active"
"35936864","./knowledge/week16_ingested/11_Skill文档/W16-5736A4-SKILL.md","methodology","luo_han","active"
"102ec864","./knowledge/week16_ingested/11_Skill文档/W16-D6616D-SKILL.md","methodology","general","active"
"83826d2a","./knowledge/week16_ingested/11_Skill文档/W16-DEB1A3-SKILL.md","methodology","general","active"
"6a8a3e30","./knowledge/week16_ingested/11_Skill文档/W16-6035BA-SKILL.md","methodology","luo_han","active"
"f22d3775","./knowledge/week16_ingested/11_Skill文档/W16-2BE891-SKILL.md","methodology","general","active"
"fcc6267b","./knowledge/week16_ingested/11_Skill文档/W16-3A9680-QUICK_REF.md","reference","general","active"
"035b5363","./knowledge/week16_ingested/11_Skill文档/W16-D82452-README.md","reference","general","active"
"313c5732","./knowledge/week16_ingested/11_Skill文档/W16-66EA46-5standard-completion-report.md","reference","general","active"
"486b6471","./knowledge/week16_ingested/11_Skill文档/W16-C6E1A0-SKILL.md","methodology","general","active"
"e5084c00","./knowledge/week16_ingested/11_Skill文档/W16-B7E694-SKILL.md","methodology","general","active"
"54040a74","./knowledge/week16_ingested/11_Skill文档/W16-886A62-SKILL.md","methodology","general","active"
"f025fc76","./knowledge/week16_ingested/11_Skill文档/W16-BDD158-5standard-completion-report.md","reference","general","active"
"bf4f6479","./knowledge/week16_ingested/11_Skill文档/W16-EB2F83-README.md","reference","general","active"
"bc2ce821","./knowledge/week16_ingested/11_Skill文档/W16-1E0A14-SKILL.md","methodology","general","active"
"d514ee81","./knowledge/week16_ingested/11_Skill文档/W16-16146F-SKILL.md","methodology","general","active"
"c3b7929f","./knowledge/week16_ingested/11_Skill文档/W16-F17C63-SUPPORT.md","reference","xu_sir","active"
"ac1a2c42","./knowledge/week16_ingested/11_Skill文档/W16-343CA1-SKILL.md","methodology","xu_sir","active"
"70867768","./knowledge/week16_ingested/11_Skill文档/W16-53ED70-DR-ARCH-v1.0-WIP-260322-Shadow-Claw-Hot-Standby.md","reference","general","evolving"
"66a0c30e","./knowledge/week1_ingested/WEEK1_REPORT.md","reference","general","active"
"6617982d","./knowledge/week1_ingested/11_Skill文档/W1-6FBFCA-SKILL.md","methodology","general","active"
"54de6129","./knowledge/week1_ingested/11_Skill文档/W1-B9F964-SKILL.md","methodology","general","active"
"c6047d5f","./knowledge/week1_ingested/11_Skill文档/W1-53B170-SKILL.md","methodology","general","active"
"e810bbf5","./knowledge/week1_ingested/11_Skill文档/W1-B883FD-SKILL.md","methodology","general","active"
"c89f3043","./knowledge/week1_ingested/11_Skill文档/W1-D0F57A-SKILL.md","methodology","general","active"
"1fca5fd4","./knowledge/week1_ingested/11_Skill文档/W1-062604-SKILL.md","methodology","general","active"
"b3526da7","./knowledge/week1_ingested/11_Skill文档/W1-07408D-SKILL.md","methodology","general","active"
"19e8a751","./knowledge/week1_ingested/11_Skill文档/W1-BB4DC0-SKILL.md","methodology","general","active"
"907b2ea9","./knowledge/week1_ingested/11_Skill文档/W1-3E4D48-SKILL.md","methodology","xie_baojian","active"
"69d35bb0","./knowledge/week1_ingested/11_Skill文档/W1-82E3C1-SKILL.md","methodology","general","active"
"d324dfbd","./knowledge/week1_ingested/11_Skill文档/W1-AD95FB-SKILL.md","methodology","general","active"
"fc284a5f","./knowledge/week1_ingested/11_Skill文档/W1-2EC2F7-SKILL.md","methodology","general","active"
"5dd47d08","./knowledge/week1_ingested/11_Skill文档/W1-C727E3-SKILL.md","methodology","general","active"
"9ee44942","./knowledge/week1_ingested/11_Skill文档/W1-235FD3-SKILL.md","methodology","general","active"
"1bba6b83","./knowledge/week1_ingested/11_Skill文档/W1-062170-SKILL.md","methodology","general","active"
"48928759","./knowledge/week1_ingested/11_Skill文档/W1-C35CBC-SKILL.md","methodology","general","active"
"47279166","./knowledge/week1_ingested/11_Skill文档/W1-8672FB-SKILL.md","methodology","general","active"
"26b2feba","./knowledge/week1_ingested/11_Skill文档/W1-31B564-SKILL.md","methodology","general","active"
"992121e4","./knowledge/week1_ingested/11_Skill文档/W1-6D3062-SKILL.md","methodology","general","active"
"3b403ba1","./knowledge/week1_ingested/11_Skill文档/W1-E30D77-SKILL.md","methodology","xu_sir","active"
"d33dccd2","./knowledge/week1_ingested/01_研究报告/W1-1A0F6F-3月25日官宣执行清单.md","reference","general","active"
"d4ee3f55","./knowledge/week1_ingested/01_研究报告/W1-1831EA-FINAL_REPORT_2026-03-20-V2.md","reference","luo_han","active"
"79ea18c7","./knowledge/week1_ingested/01_研究报告/W1-F99849-P0_TOKEN_OPTIMIZATION_COMPLETE_2026-03-26.md","reference","general","active"
"73df3602","./knowledge/week1_ingested/01_研究报告/W1-C9688A-WLU-ARCH-v1.0-FIN-260322-Totem-System.md","reference","liu_honglei","active"
"167cd43d","./knowledge/week1_ingested/01_研究报告/W1-724D6F-COMPLETE_HISTORICAL_COMMITMENTS.md","reference","xu_sir","active"
"e256ddb9","./knowledge/week1_ingested/01_研究报告/W1-9FC122-HONEST_LABELING_EXECUTION.md","reference","general","active"
"7063aec7","./knowledge/week1_ingested/01_研究报告/W1-991A58-PROMISE_STANDARDIZATION_REPORT.md","reference","general","active"
"ee3c664b","./knowledge/week1_ingested/01_研究报告/W1-A48604-CRON_OPTIMIZATION_V2.md","reference","general","active"
"08df5807","./knowledge/week1_ingested/01_研究报告/W1-15802D-NGT-ARCH-v1.0-FIN-260322-Fusion-Mapping-Detailed.md","reference","fang_yifeng","active"
"6e8eaa8d","./knowledge/week1_ingested/01_研究报告/W1-47F23A-NGT_FUSION_EXECUTION_LOG.md","reference","general","active"
"ae502c9c","./knowledge/week1_ingested/01_研究报告/W1-142EE8-DISASTER_RECOVERY_WECOM_SETUP.md","reference","xu_sir","active"
"89b8601b","./knowledge/week1_ingested/01_研究报告/W1-765AF9-PROMISE_CATCHUP_REPORT.md","reference","xu_sir","active"
"34c4d86d","./knowledge/week1_ingested/01_研究报告/W1-3443FA-P0_FIX_LOG.md","reference","general","active"
"d6f11395","./knowledge/week1_ingested/01_研究报告/W1-74C82F-PHASE1_7_SEVEN_STANDARD_COMPLETION.md","reference","general","active"
"a5181532","./knowledge/week1_ingested/01_研究报告/W1-D237FE-NGT-IMPL-v1.0-FIN-260322-Lean-Waste-Track.md","implementation","general","active"
"32ba853f","./knowledge/week1_ingested/01_研究报告/W1-89DB01-5STANDARD_AUDIT_REPORT.md","reference","general","active"
"113653e9","./knowledge/week1_ingested/01_研究报告/W1-E30F0B-MULTI_CLAW_ARCHITECTURE_DESIGN.md","reference","general","active"
"fbb6af5a","./knowledge/week1_ingested/01_研究报告/W1-8CFD36-TOKEN-OPTIMIZATION-v1.0-FIN-260322.md","reference","general","active"
"476603be","./knowledge/week1_ingested/01_研究报告/W1-04965B-DISASTER_RECOVERY_COMPLETE_REPORT.md","reference","general","active"
"fad165d3","./knowledge/week1_ingested/01_研究报告/W1-F7B069-BLUE_SENTINEL_7STANDARD_REPORT.md","reference","xu_sir","active"
"5ae5077f","./knowledge/week1_ingested/02_实施方案/W1-FC5E97-全天候高效工作体系.md","reference","xu_sir","active"
"ad1236c1","./knowledge/week1_ingested/02_实施方案/W1-F88507-并行协同管理机制-满意解速度版.md","reference","general","active"
"a8c138f3","./knowledge/week1_ingested/02_实施方案/W1-302632-第一性原理升级方案_完成总结.md","reference","general","active"
"be1c3555","./knowledge/week1_ingested/02_实施方案/W1-84E62D-工作准则V2.0.md","reference","xu_sir","active"
"d6baa943","./knowledge/week1_ingested/02_实施方案/W1-924805-管理罗盘实现方案.md","reference","general","active"
"d511b6ea","./knowledge/week1_ingested/06_反方质疑/W1-491E1A-蓝军意见整理报告V1.0.md","reference","xie_baojian","active"
"0a24c2b8","./knowledge/week1_ingested/07_沙盘模拟/W1-48FB41-沙盘系统1.1_执行摘要.md","reference","general","active"
"23b44c5b","./knowledge/week1_ingested/07_沙盘模拟/W1-E95FA8-沙盘模拟系统_1.1.md","reference","general","active"
"4cc31062","./knowledge/week1_ingested/07_沙盘模拟/W1-E920E1-沙盘案例库_详细档案.md","reference","general","active"
"7d153d02","./knowledge/week1_ingested/07_沙盘模拟/W1-FC8695-合伙人选择沙盘模拟案例集.md","reference","xu_sir","active"
"0b5aa511","./knowledge/memory/short_term/2026-03-19.md","reference","general","active"
"a1b53c70","./knowledge/memory/long_term/core/identity.md","reference","xu_sir","active"
"c7186f52","./knowledge/memory/long_term/projects/manyuejie_kms.md","reference","general","active"
"f4b8f994","./knowledge/memory/long_term/decisions/kms_architecture.md","reference","general","active"
"91efb302","./knowledge/memory/working/current_context.md","reference","general","active"
"e241571e","./knowledge/week7_ingested/11_Skill文档/W7-135FD3-SKILL.md","methodology","xu_sir","active"
"0dcd96f1","./knowledge/week7_ingested/11_Skill文档/W7-28A06B-user-prompt-templates.md","reference","general","active"
"761849f6","./knowledge/week7_ingested/11_Skill文档/W7-2028CC-SKILL.md","methodology","general","active"
"6f5a20cc","./knowledge/week7_ingested/11_Skill文档/W7-74C1B8-kimi-deep-research-prompt.md","reference","general","active"
"6f3b29a8","./knowledge/week7_ingested/11_Skill文档/W7-D494E8-README.md","reference","general","active"
"9d1eb6de","./knowledge/week7_ingested/11_Skill文档/W7-E9EA38-README.md","reference","general","active"
"bb9bdcc2","./knowledge/week7_ingested/11_Skill文档/W7-11CB98-SKILL.md","methodology","general","active"
"754287e4","./knowledge/week7_ingested/11_Skill文档/W7-828783-SKILL.md","methodology","xu_sir","active"
"fb9ed543","./knowledge/week7_ingested/11_Skill文档/W7-940CC5-SKILL.md","methodology","xu_sir","active"
"8989c8db","./knowledge/week7_ingested/11_Skill文档/W7-22F14E-SKILL.md","methodology","xu_sir","active"
"f6b9ac9a","./knowledge/week7_ingested/11_Skill文档/W7-0B2147-README.md","reference","general","active"
"969edc59","./knowledge/week7_ingested/01_研究报告/W7-A9C90D-LIU_V1.0.md","reference","general","active"
"0fbf2bc2","./knowledge/week7_ingested/01_研究报告/W7-DF402C-司马贺_深度研究报告_V2.0.md","reference","general","active"
"70baed33","./knowledge/week7_ingested/01_研究报告/W7-BD7F1F-SIMON_quick_ref.md","reference","xu_sir","active"
"05260bc0","./knowledge/week7_ingested/01_研究报告/W7-50EEAB-HUINENG素材档案.md","reference","general","active"
"54e7c054","./knowledge/week7_ingested/01_研究报告/W7-74854F-LIU_quick_ref.md","reference","xie_baojian","active"
"859a77c7","./knowledge/week7_ingested/01_研究报告/W7-CA4F6B-INTERNAL_MEETING_PROTOCOL_V1.md","reference","xie_baojian","active"
"c0b0f147","./knowledge/week7_ingested/01_研究报告/W7-2AA57F-知识管理体系-防遗漏版.md","reference","general","active"
"bb159b5e","./knowledge/week7_ingested/01_研究报告/W7-D86744-Egbertie个人命理完整档案.md","reference","general","active"
"c9a929ae","./knowledge/week7_ingested/01_研究报告/W7-227657-飞书API调试操作指南.md","reference","general","active"
"8f60fbdf","./knowledge/week7_ingested/01_研究报告/W7-BEBB12-partner-decision-immersive-camp.md","reference","fang_yifeng","active"
"165d9e7c","./knowledge/week7_ingested/01_研究报告/W7-5624E7-黎红雷数字替身后训练报告_V2.0.md","reference","liu_honglei","active"
"07f33c71","./knowledge/week7_ingested/01_研究报告/W7-D0752F-meeting_policy.md","reference","xie_baojian","active"
"06175e82","./knowledge/week7_ingested/01_研究报告/W7-9E85A6-SIMON_V1.0.md","reference","general","active"
"e69d6d92","./knowledge/week7_ingested/01_研究报告/W7-4F621D-meeting_template.md","reference","general","active"
"da36b7e5","./knowledge/week7_ingested/01_研究报告/W7-4C4F05-核心专家数字替身档案.md","reference","liu_honglei","active"
"b70358a4","./knowledge/week7_ingested/01_研究报告/W7-2722D7-meeting_tools.md","reference","general","active"
"ecbaf611","./knowledge/week7_ingested/01_研究报告/W7-AADC91-CONFUCIUS_素材档案.md","reference","liu_honglei","active"
"aa1a6e50","./knowledge/week7_ingested/01_研究报告/W7-B87B34-MEETING_PROTOCOL.md","reference","general","active"
"972d1f3c","./knowledge/week7_ingested/01_研究报告/W7-27E975-会议记录分析报告.md","reference","general","active"
"1607ea37","./knowledge/week7_ingested/01_研究报告/W7-EC6D33-Egbertie个人品牌故事_星盘融合版.md","reference","luo_han","active"
"4c78e683","./knowledge/week7_ingested/01_研究报告/W7-69A59E-飞书深度学习计划.md","reference","general","active"
"2630de08","./knowledge/week7_ingested/01_研究报告/W7-9480E2-刘禹锡LIU素材档案.md","reference","general","active"
"087eafa3","./knowledge/week7_ingested/01_研究报告/W7-FFEB81-product_handbook_softlaunch_v1.md","reference","xie_baojian","active"
"bdca327c","./knowledge/week7_ingested/01_研究报告/W7-42E6F6-token-enforcer-deployment-report.md","reference","general","active"
"d3615a39","./knowledge/week7_ingested/01_研究报告/W7-0222FF-TEMPLATE.md","reference","general","active"
"ed4b9d0a","./knowledge/week7_ingested/01_研究报告/W7-804DF3-研究成果质量控制与产品转化机制.md","reference","xu_sir","active"
"672260f2","./knowledge/week7_ingested/01_研究报告/W7-FDB3AA-SIMON_dialogue_lib.md","reference","general","active"
"101534e9","./knowledge/week7_ingested/01_研究报告/W7-30DBE2-AI角色自主会议机制.md","reference","xie_baojian","active"
"7ce1cafd","./knowledge/week7_ingested/01_研究报告/W7-EA16DF-first_meeting.md","reference","general","active"
"a0bc448b","./knowledge/week7_ingested/01_研究报告/W7-309E03-Egbertie个人品牌故事.md","reference","luo_han","active"
"40baaa0d","./knowledge/week7_ingested/01_研究报告/W7-52BAF5-飞书技术问题反馈文档.md","reference","general","active"
"22e7e0d0","./knowledge/week7_ingested/01_研究报告/W7-30F590-LIU_dialogue_lib.md","reference","general","active"
"7e97531d","./knowledge/week7_ingested/01_研究报告/W7-89C45F-skill_consolidation_mapping.md","methodology","general","active"
"4a2a63d2","./knowledge/week7_ingested/02_实施方案/W7-052C36-并行协同机制-组织常态版.md","reference","xu_sir","active"
"079bc584","./knowledge/week7_ingested/02_实施方案/W7-C2C614-GAME里程碑调整-V1.1.md","reference","general","active"
"57e8374a","./knowledge/week7_ingested/02_实施方案/W7-86375D-PROD与GAME分工协作方案.md","reference","general","active"
"c9f1ec5a","./knowledge/week7_ingested/02_实施方案/W7-32CA7F-员工犯错防控机制-严格风控版.md","reference","xu_sir","active"
"af1c0d6e","./knowledge/week7_ingested/02_实施方案/W7-7779EB-执行摘要_TRL-PFI参数调优.md","reference","general","active"
"662d3600","./knowledge/week7_ingested/02_实施方案/W7-F52D79-定时任务诊断报告.md","reference","general","active"
"cb68e2cd","./knowledge/week7_ingested/WEEK7_REPORT.md","reference","general","active"
"fafa6e6f","./knowledge/core_system/04_reports/SYSTEM_TRANSFORMATION_REPORT_V2.md","reference","general","active"
"9bfc0a7a","./knowledge/core_system/04_reports/SYSTEM_TRANSFORMATION_SUMMARY.md","reference","general","active"
"863fcb69","./knowledge/core_system/04_reports/SKILL_AUDIT_REPORT_V1.2.md","methodology","xu_sir","active"
"a683656f","./knowledge/core_system/03_operations/WORKSPACE_STATUS.md","reference","xu_sir","active"
"c6a8f4d5","./knowledge/core_system/03_operations/TASK_MASTER.md","reference","general","active"
"04f2368e","./knowledge/core_system/03_operations/DEPLOYMENT_STATUS.md","reference","general","active"
"5ea3e227","./knowledge/core_system/03_operations/TASKS.md","reference","xu_sir","active"
"0dc8b8d9","./knowledge/core_system/01_identity/USER.md","reference","liu_honglei","active"
"10f5a5e7","./knowledge/core_system/01_identity/SOUL.md","reference","xu_sir","active"
"a9d39c18","./knowledge/core_system/01_identity/IDENTITY.md","reference","xu_sir","active"
"6249ad8c","./knowledge/core_system/02_system/HEARTBEAT.md","reference","xu_sir","active"
"ac30254f","./knowledge/core_system/02_system/AGENTS.md","reference","xu_sir","active"
"7feb6d60","./knowledge/core_system/02_system/TOKEN_BUDGET_BASELINE.md","reference","general","active"
"3452d2f7","./knowledge/core_system/02_system/TOOLS.md","reference","general","active"
"8fc99a0b","./knowledge/core_system/02_system/AGENT_STATE.md","reference","general","active"
"40fd781d","./knowledge/core_system/02_system/SUPER_RED_LINES.md","reference","xu_sir","active"
"16097c7b","./knowledge/week15_ingested/WEEK15_REPORT.md","reference","general","active"
"133fde62","./knowledge/week15_ingested/11_Skill文档/W15-84E4AD-limitations.md","reference","general","active"
"6dfc8f78","./knowledge/week15_ingested/11_Skill文档/W15-351D1B-README.md","reference","general","active"
"a6d1a78d","./knowledge/week15_ingested/11_Skill文档/W15-98E955-SKILL.md","methodology","general","active"
"12880bc0","./knowledge/week15_ingested/11_Skill文档/W15-9E281F-SKILL.md","methodology","general","active"
"9dd2dc23","./knowledge/week15_ingested/11_Skill文档/W15-71D981-RATE_LIMIT_HANDLING.md","reference","general","active"
"4fb9d71e","./knowledge/week15_ingested/11_Skill文档/W15-A6627A-SKILL.md","methodology","general","active"
"c941ec33","./knowledge/week15_ingested/11_Skill文档/W15-1883B5-backup_failure.md","reference","general","active"
"1a22894e","./knowledge/week15_ingested/11_Skill文档/W15-8BE7A0-task_success.md","reference","general","active"
"f60e8876","./knowledge/week15_ingested/11_Skill文档/W15-89BCDA-security_breach.md","reference","general","active"
"d7c9a348","./knowledge/week15_ingested/11_Skill文档/W15-9887CE-SKILL.md","methodology","general","active"
"68e08d07","./knowledge/week15_ingested/11_Skill文档/W15-1AA8F7-SKILL.md","methodology","general","active"
"44133d11","./knowledge/week15_ingested/11_Skill文档/W15-1922E6-security_warning.md","reference","general","active"
"f92ab9fd","./knowledge/week15_ingested/11_Skill文档/W15-26DE5A-token_warning.md","reference","xu_sir","active"
"7d30f315","./knowledge/week15_ingested/11_Skill文档/W15-E0712B-SKILL.md","methodology","xu_sir","active"
"a7aa8346","./knowledge/week15_ingested/11_Skill文档/W15-F7800E-SKILL.md","methodology","general","active"
"738ea8d0","./knowledge/week15_ingested/11_Skill文档/W15-7A4BB5-README.md","reference","general","active"
"1c2b2ffb","./knowledge/week15_ingested/11_Skill文档/W15-065AD0-5standard-completion-report.md","reference","general","active"
"e441bd00","./knowledge/week15_ingested/11_Skill文档/W15-6304FB-SKILL.md","methodology","general","active"
"95aa4529","./knowledge/week15_ingested/11_Skill文档/W15-A4C214-429_PREVENTION.md","reference","general","active"
"5dfcbb78","./knowledge/week15_ingested/11_Skill文档/W15-8245C0-SKILL.md","methodology","general","active"
"3c6ec34f","./knowledge/week15_ingested/11_Skill文档/W15-E3FAC5-QUICK_REF.md","reference","general","active"
"98b001c6","./knowledge/week15_ingested/11_Skill文档/W15-9F63E8-report.md","reference","general","active"
"dfd21c3c","./knowledge/week15_ingested/11_Skill文档/W15-626E81-token_critical.md","reference","xu_sir","active"
"ae1f453e","./knowledge/week15_ingested/11_Skill文档/W15-18794E-SKILL.md","methodology","general","active"
"c93bb227","./knowledge/week15_ingested/11_Skill文档/W15-5FA556-SKILL.md","methodology","xu_sir","active"
"3315cff2","./knowledge/week15_ingested/11_Skill文档/W15-0296B9-SKILL.md","methodology","xu_sir","active"
"2605f0c9","./knowledge/week15_ingested/11_Skill文档/W15-F1BC41-backup_success.md","reference","general","active"
"99a06405","./knowledge/week15_ingested/11_Skill文档/W15-116C51-SKILL.md","methodology","xu_sir","active"
"7ba598d5","./knowledge/week15_ingested/11_Skill文档/W15-9D2D28-validation.md","reference","general","active"
"483011d1","./knowledge/week15_ingested/11_Skill文档/W15-A1C3A8-SKILL.md","methodology","xu_sir","active"
"15b93283","./knowledge/week15_ingested/11_Skill文档/W15-AD013D-system_failure.md","reference","general","active"
"e00d3e07","./knowledge/week15_ingested/11_Skill文档/W15-E6B6D9-README.md","reference","general","active"
"8f27e873","./knowledge/week15_ingested/11_Skill文档/W15-E59B13-README.md","reference","general","active"
"ce6f9d94","./knowledge/week15_ingested/11_Skill文档/W15-39BE13-SKILL.md","methodology","general","active"
"6955eb3a","./knowledge/week15_ingested/11_Skill文档/W15-95C486-SKILL.md","methodology","general","active"
"915372fa","./knowledge/week15_ingested/11_Skill文档/W15-E300D9-memory_failure.md","reference","xu_sir","active"
"370b1d3a","./knowledge/week15_ingested/11_Skill文档/W15-CAE7E5-5standard-completion-report.md","reference","general","active"
"984ec7c9","./knowledge/week15_ingested/11_Skill文档/W15-CF7506-SKILL.md","methodology","general","active"
"030edf37","./knowledge/week15_ingested/11_Skill文档/W15-58CC5E-README.md","reference","general","active"
"08fb44fc","./knowledge/week15_ingested/11_Skill文档/W15-AF0E9B-summary.md","reference","general","active"
"28a675a8","./knowledge/week15_ingested/11_Skill文档/W15-A72639-5standard-completion-report.md","reference","general","active"
"5499de0b","./knowledge/week15_ingested/11_Skill文档/W15-264F66-SKILL.md","methodology","xu_sir","active"
"70d095e4","./knowledge/week15_ingested/11_Skill文档/W15-3A4023-BOOTSTRAP.md","reference","general","active"
"81166283","./knowledge/week15_ingested/11_Skill文档/W15-6FC8C8-SKILL.md","methodology","general","active"
"81250841","./knowledge/week15_ingested/11_Skill文档/W15-6F760D-cognitive_audit_checklist.md","reference","general","active"
"6a09849a","./knowledge/week15_ingested/11_Skill文档/W15-158826-UPGRADE_REPORT.md","reference","general","active"
"347fdf86","./knowledge/week15_ingested/11_Skill文档/W15-7A9890-task_failure.md","reference","general","active"
"4b2f57a2","./knowledge/week15_ingested/11_Skill文档/W15-9F868B-SKILL.md","methodology","general","active"
"fdf52661","./knowledge/week15_ingested/11_Skill文档/W15-C85724-5standard-completion-report.md","reference","xu_sir","active"
"aee6426b","./knowledge/week15_ingested/11_Skill文档/W15-5EE741-SKILL.md","methodology","general","active"
"cc0af798","./knowledge/INDEX.md","reference","xu_sir","active"
"f68ea4d6","./knowledge/README.md","reference","luo_han","active"
"07c5c075","./knowledge/week13_ingested/WEEK13_REPORT.md","reference","general","active"
"cc87b955","./knowledge/week13_ingested/11_Skill文档/W13-BD799E-SKILL.md","methodology","general","active"
"65268c7a","./knowledge/week13_ingested/11_Skill文档/W13-8E6DAB-SKILL.md","methodology","general","active"
"c8957181","./knowledge/week13_ingested/11_Skill文档/W13-915B18-SKILL.md","methodology","general","active"
"72d276e4","./knowledge/week13_ingested/11_Skill文档/W13-64F8B3-SKILL.md","methodology","general","active"
"a42e3e22","./knowledge/week13_ingested/11_Skill文档/W13-3CAD38-SKILL.md","methodology","general","active"
"aa5dde96","./knowledge/week13_ingested/11_Skill文档/W13-B1F025-SKILL.md","methodology","xu_sir","active"
"74ac67d2","./knowledge/week13_ingested/11_Skill文档/W13-336181-DEPLOYMENT_REPORT.md","reference","general","active"
"12e454e6","./knowledge/week13_ingested/11_Skill文档/W13-567713-SKILL.md","methodology","general","active"
"0444deae","./knowledge/week13_ingested/11_Skill文档/W13-241A1A-SKILL.md","methodology","general","active"
"37bcc593","./knowledge/week13_ingested/11_Skill文档/W13-3781D6-SECURITY_POLICY.md","reference","general","active"
"5cf53109","./knowledge/week13_ingested/11_Skill文档/W13-9F722D-SKILL.md","methodology","general","active"
"ecc24139","./knowledge/week13_ingested/11_Skill文档/W13-F98E8A-systematic-debugging.md","reference","general","active"
"cf05aeb9","./knowledge/week13_ingested/11_Skill文档/W13-47DB80-SKILL.md","methodology","general","active"
"b2f87906","./knowledge/week13_ingested/11_Skill文档/W13-252EE6-SKILL.md","methodology","general","active"
"7c18b414","./knowledge/week13_ingested/11_Skill文档/W13-75A4B0-writing-plans.md","reference","general","active"
"e740e724","./knowledge/week13_ingested/11_Skill文档/W13-351853-SKILL.md","methodology","general","active"
"9ed7a9ec","./knowledge/week13_ingested/11_Skill文档/W13-8E8AC5-SKILL.md","methodology","general","active"
"4deaa39b","./knowledge/week13_ingested/11_Skill文档/W13-DCCEA5-SKILL.md","methodology","general","active"
"eac8fb71","./knowledge/week13_ingested/11_Skill文档/W13-A94961-SKILL.md","methodology","general","active"
"ff17d789","./knowledge/week13_ingested/11_Skill文档/W13-A17928-test_plan.md","reference","general","active"
"a4387efd","./knowledge/week13_ingested/11_Skill文档/W13-D84E8F-SKILL.md","methodology","general","active"
"9fc24fa8","./knowledge/week13_ingested/11_Skill文档/W13-F2C848-SKILL.md","methodology","general","active"
"ca6855cd","./knowledge/week13_ingested/11_Skill文档/W13-1DA11B-ASSESSMENT_REPORT.md","reference","general","active"
"15aefb14","./knowledge/week13_ingested/11_Skill文档/W13-573CD0-V2_DEPLOYMENT_REPORT.md","reference","general","active"
"eda8d0eb","./knowledge/week13_ingested/11_Skill文档/W13-1DB64B-SKILL.md","methodology","general","active"
"ea9e7df8","./knowledge/week13_ingested/11_Skill文档/W13-A60403-SKILL.md","methodology","general","active"
"d401ad1a","./knowledge/week13_ingested/11_Skill文档/W13-7F522A-SKILL.md","methodology","general","active"
"2742566c","./knowledge/week13_ingested/11_Skill文档/W13-507614-SKILL.md","methodology","xu_sir","active"
"1c03ef2f","./knowledge/week13_ingested/11_Skill文档/W13-616F43-finishing-branch.md","reference","general","active"
"38b3fe01","./knowledge/week13_ingested/11_Skill文档/W13-774346-SKILL.md","methodology","general","active"
"d8f97947","./knowledge/week13_ingested/11_Skill文档/W13-5D3C51-DATABASE_FIX_REPORT.md","reference","general","active"
"44c5794b","./knowledge/week13_ingested/11_Skill文档/W13-3FF8AD-SKILL.md","methodology","general","active"
"c0c1af02","./knowledge/week13_ingested/11_Skill文档/W13-D1C247-tdd.md","reference","xu_sir","active"
"1f650164","./knowledge/week13_ingested/11_Skill文档/W13-6E2654-SKILL.md","methodology","xu_sir","active"
"b71c7492","./knowledge/week13_ingested/11_Skill文档/W13-2FEC3C-SKILL.md","methodology","general","active"
"3953763b","./knowledge/week13_ingested/11_Skill文档/W13-E8C1E6-SKILL.md","methodology","general","active"
"8b5a2374","./knowledge/week13_ingested/11_Skill文档/W13-058055-subagent-development.md","reference","xu_sir","active"
"25539d05","./knowledge/week13_ingested/11_Skill文档/W13-044DA7-brainstorming.md","reference","general","active"
"3665f39d","./knowledge/week13_ingested/11_Skill文档/W13-FDB8E7-SKILL.md","methodology","general","active"
"70afa5c0","./knowledge/week13_ingested/11_Skill文档/W13-AEDF65-SKILL.md","methodology","general","active"
"ed78b353","./knowledge/week13_ingested/11_Skill文档/W13-66D739-INITIAL_FINDINGS.md","reference","general","active"
"ac5e57e9","./knowledge/week13_ingested/11_Skill文档/W13-AD31D0-README.md","reference","xu_sir","active"
"f2f86222","./knowledge/week13_ingested/11_Skill文档/W13-AB3C3F-SKILL.md","methodology","general","active"
"bdc699ba","./knowledge/week13_ingested/11_Skill文档/W13-15A5C9-SKILL.md","methodology","general","active"
"fd1ba118","./knowledge/week13_ingested/11_Skill文档/W13-3E1E25-QUALITY_ASSESSMENT_REPORT_FINAL.md","reference","general","active"
"cb932d09","./knowledge/week13_ingested/11_Skill文档/W13-4081E4-SKILL.md","methodology","general","active"
"64ba0631","./knowledge/week13_ingested/11_Skill文档/W13-421C12-README.md","reference","general","active"
"4e74c061","./knowledge/week13_ingested/11_Skill文档/W13-49DB07-SKILL.md","methodology","xu_sir","active"
"b6948e6b","./knowledge/week13_ingested/11_Skill文档/W13-123094-api-reference.md","reference","xu_sir","active"
"f49f46dd","./knowledge/week13_ingested/11_Skill文档/W13-BC81E5-QUALITY_ASSESSMENT_REPORT.md","reference","general","active"
"000a822d","./knowledge/INVENTORY_REPORT.md","reference","general","active"
"e811fe21","./knowledge/week2_ingested/WEEK2_REPORT.md","reference","general","active"
"813fb317","./knowledge/week2_ingested/12_记忆档案/W2-9143F9-2026-03-13_小时协调检查报告_1724.md","reference","xu_sir","active"
"61ae236f","./knowledge/week2_ingested/12_记忆档案/W2-E7706B-2026-03-15.md","reference","xu_sir","active"
"9c89286a","./knowledge/week2_ingested/12_记忆档案/W2-68C791-project_history_2026-03.md","reference","xie_baojian","active"
"54f79612","./knowledge/week2_ingested/12_记忆档案/W2-32387C-storage-safety-redline-v1.0.md","reference","general","active"
"46f8c29a","./knowledge/week2_ingested/12_记忆档案/W2-00B449-2026-03-21-decisions.md","reference","xu_sir","active"
"e0a07bd3","./knowledge/week2_ingested/12_记忆档案/W2-905725-2026-03-14-WIP-004补救报告.md","reference","liu_honglei","evolving"
"15b7576c","./knowledge/week2_ingested/12_记忆档案/W2-EB12B4-2026-03-15_小时协调检查报告_0424.md","reference","xu_sir","active"
"c5fac499","./knowledge/week2_ingested/12_记忆档案/W2-14F1C5-2026-03-10.md","reference","xu_sir","active"
"f0600a4f","./knowledge/week2_ingested/12_记忆档案/W2-9242AA-2026-03-21-evening.md","reference","fang_yifeng","active"
"792a3675","./knowledge/week2_ingested/12_记忆档案/W2-0C65B5-2026-03-13_小时协调检查报告_2224.md","reference","xu_sir","active"
"82bcc3e4","./knowledge/week2_ingested/12_记忆档案/W2-03D22D-2026-03-08.md","reference","liu_honglei","active"
"cba1a6fb","./knowledge/week2_ingested/12_记忆档案/W2-603993-2026-03-14-WIP-003状态核查报告.md","reference","general","evolving"
"d4337c44","./knowledge/week2_ingested/12_记忆档案/W2-6C1C6C-2026-03-14_小时协调检查报告_1124.md","reference","xu_sir","active"
"6c1d7425","./knowledge/week2_ingested/12_记忆档案/W2-762F91-egbertie_full_profile.md","reference","xie_baojian","active"
"70c9deb4","./knowledge/week2_ingested/12_记忆档案/W2-CDECAE-2026-03-06.md","reference","general","active"
"a0d52f3f","./knowledge/week2_ingested/12_记忆档案/W2-5AF51D-2026-03-10-遗忘任务补救报告.md","reference","general","active"
"2ac39d0a","./knowledge/week2_ingested/12_记忆档案/W2-7E965A-2026-03-09-回顾清单.md","reference","liu_honglei","active"
"dfea2cf7","./knowledge/week2_ingested/12_记忆档案/W2-5762BD-migration_report.md","reference","general","active"
"6b5a0e96","./knowledge/week2_ingested/12_记忆档案/W2-BDE89C-2026-03-14-专家邀请函待确认稿.md","reference","liu_honglei","active"
"f7849a29","./knowledge/week2_ingested/12_记忆档案/W2-053BC6-2026-03-09.md","reference","liu_honglei","active"
"14405819","./knowledge/week2_ingested/12_记忆档案/W2-B014A1-2026-03-20-phase3-completion.md","reference","xu_sir","active"
"5df03258","./knowledge/week2_ingested/12_记忆档案/W2-EA2B42-2026-03-13-过期任务补救报告.md","reference","general","active"
"9d285bb0","./knowledge/week2_ingested/12_记忆档案/W2-6CCB7C-2026-03-18.md","reference","luo_han","active"
"87b08b38","./knowledge/week2_ingested/12_记忆档案/W2-74ACC0-wulu_totem_system.md","reference","liu_honglei","active"
"38100b8f","./knowledge/week2_ingested/12_记忆档案/W2-D86A89-2026-03-17.md","reference","general","active"
"9a7d88af","./knowledge/week2_ingested/12_记忆档案/W2-2AD797-2026-03-15-GAME产品化交付.md","reference","luo_han","active"
"31757ac6","./knowledge/week2_ingested/12_记忆档案/W2-3F1CDA-2026-03-08_重启状态保存.md","reference","xu_sir","active"
"1055e4eb","./knowledge/week2_ingested/12_记忆档案/W2-28B7C7-2026-03-13_小时协调检查报告_1624.md","reference","liu_honglei","active"
"24468e6f","./knowledge/week2_ingested/12_记忆档案/W2-1EE284-2026-03-21.md","reference","general","active"
"fa0693e8","./knowledge/week2_ingested/12_记忆档案/W2-CBBA67-2026-03-15_小时协调检查报告_0124.md","reference","xu_sir","active"
"dd5ed3cc","./knowledge/week2_ingested/12_记忆档案/W2-31BB8A-2026-03-14.md","reference","general","active"
"11dac565","./knowledge/week2_ingested/12_记忆档案/W2-1BBFAD-working_principles.md","reference","xu_sir","active"
"a8a442c2","./knowledge/week2_ingested/12_记忆档案/W2-E9D731-2026-03-22.md","reference","general","active"
"d25d0631","./knowledge/week2_ingested/12_记忆档案/W2-4FFAC3-skill_system.md","methodology","general","active"
"d11f0f32","./knowledge/week2_ingested/12_记忆档案/W2-FD81B7-2026-03-14_小时协调检查报告_0924.md","reference","xu_sir","active"
"0d4b997c","./knowledge/week2_ingested/12_记忆档案/W2-43B73A-2026-03-14_小时协调检查报告_0024.md","reference","xu_sir","active"
"166220c6","./knowledge/week2_ingested/12_记忆档案/W2-DE0BF2-2026-03-21-第一目标达成.md","reference","general","active"
"e18bcfd9","./knowledge/week2_ingested/12_记忆档案/W2-D22451-2026-03-07.md","reference","xu_sir","active"
"6f2c7bcc","./knowledge/week2_ingested/12_记忆档案/W2-26C11A-2026-03-14_小时协调检查报告_2124.md","reference","xu_sir","active"
"5e2783de","./knowledge/week2_ingested/12_记忆档案/W2-69DDB6-2026-03-19.md","reference","general","active"
"5bf46a2e","./knowledge/week2_ingested/12_记忆档案/W2-FCA254-2026-03-14_小时协调检查报告_2024.md","reference","xu_sir","active"
"707efd1e","./knowledge/week2_ingested/12_记忆档案/W2-4DE603-2026-03-16_小时协调检查报告_1924.md","reference","xu_sir","active"
"a03335ce","./knowledge/week2_ingested/12_记忆档案/W2-C090DC-2026-03-13.md","reference","general","active"
"dc4d7e17","./knowledge/week2_ingested/12_记忆档案/W2-D2F4F0-2026-03-24.md","reference","xu_sir","active"
"3ea5a8bf","./knowledge/week2_ingested/12_记忆档案/W2-79CC4E-2026-03-21-执行状态报告.md","reference","general","active"
"7189ca5f","./knowledge/week2_ingested/12_记忆档案/W2-39F3EF-2026-03-16.md","reference","xu_sir","active"
"ea3e3088","./knowledge/week2_ingested/12_记忆档案/W2-CA99E3-2026-03-20.md","reference","general","active"
"0390f737","./knowledge/week2_ingested/12_记忆档案/W2-6F011F-2026-03-14_小时协调检查报告_0124.md","reference","xu_sir","active"
"e2b11e62","./knowledge/week2_ingested/12_记忆档案/W2-A30602-culture_dingyu_jin_wulu.md","reference","general","active"
"d1f5fa88","./knowledge/FINAL_INGESTION_REPORT.md","reference","general","active"
"6d3b3e57","./knowledge/DASHBOARD.md","reference","general","active"
"bc9a9835","./knowledge/week19_ingested/12_记忆档案/W19-89E092-2026-03-20-link-29-placeholder.md","reference","general","active"
"74d94801","./knowledge/week19_ingested/12_记忆档案/W19-A1C486-academic_deep_research_architecture.md","reference","xu_sir","active"
"e63002c4","./knowledge/week19_ingested/12_记忆档案/W19-E4CDFC-pending-confirmation-queue.md","reference","xu_sir","active"
"575e3d12","./knowledge/week19_ingested/12_记忆档案/W19-056FBD-task-coordination-2026-03-13-2146.md","reference","general","active"
"c7db6279","./knowledge/week19_ingested/12_记忆档案/W19-C2DE51-2026-03-20-link-30-placeholder.md","reference","general","active"
"51e72666","./knowledge/week19_ingested/12_记忆档案/W19-EE6B24-nine_grid_final_publish.md","reference","xu_sir","active"
"7ae94b3a","./knowledge/week19_ingested/12_记忆档案/W19-1A523E-multi-agent-design-spec.md","reference","xu_sir","active"
"e197cef8","./knowledge/week19_ingested/12_记忆档案/W19-01B2FE-20260320-144753.md","reference","general","active"
"07e92f6c","./knowledge/week19_ingested/12_记忆档案/W19-907FE3-knowledge_consistency_audit_2026-03-24.md","reference","xu_sir","active"
"843abb4f","./knowledge/week19_ingested/12_记忆档案/W19-29A16E-nine_grid_image_prompt_final.md","reference","xu_sir","active"
"60d58082","./knowledge/week19_ingested/12_记忆档案/W19-CADDEB-weekly_retrospective_2026-03-21.md","reference","xu_sir","active"
"49b832c7","./knowledge/week19_ingested/12_记忆档案/W19-70E6F6-lost-promises-audit-2026-03-20.md","reference","general","active"
"707096a1","./knowledge/week19_ingested/12_记忆档案/W19-6D770D-brand_narrative_voice_memo_123.md","reference","xu_sir","active"
"96969ee7","./knowledge/week19_ingested/12_记忆档案/W19-363BEC-egbertie-today-tasks-5.md","reference","fang_yifeng","active"
"34f37748","./knowledge/week19_ingested/12_记忆档案/W19-28F4C4-multi_platform_publish_guide.md","reference","xu_sir","active"
"b37fa2d0","./knowledge/week19_ingested/12_记忆档案/W19-45B28F-2026-03-20-link-28-placeholder.md","reference","general","active"
"075c0a9f","./knowledge/week19_ingested/12_记忆档案/W19-3874CA-skill-installation-status.md","methodology","general","active"
"565ca1da","./knowledge/week19_ingested/12_记忆档案/W19-C54175-2026-03-20-link-27-placeholder.md","reference","general","active"
"e52cdf05","./knowledge/week19_ingested/12_记忆档案/W19-38F082-wechat-integration-evaluation.md","reference","general","active"
"e5f53910","./knowledge/week19_ingested/12_记忆档案/W19-6A204B-nine_grid_ai_image_guide.md","reference","xu_sir","active"
"2870e96b","./knowledge/week19_ingested/12_记忆档案/W19-1DC75D-decision_retreat_v2_simplified.md","reference","fang_yifeng","active"
"d933525c","./knowledge/week19_ingested/12_记忆档案/W19-2D0CE8-hibernation_mode_optimization_v2.md","reference","general","active"
"d54cc7c7","./knowledge/week19_ingested/12_记忆档案/W19-B49CC2-2026-03-20-link-24-placeholder.md","reference","general","active"
"e65a2c37","./knowledge/week19_ingested/12_记忆档案/W19-2120AD-2026-03-20-link-22-placeholder.md","reference","general","active"
"3d6b061a","./knowledge/week19_ingested/12_记忆档案/W19-2AD907-daily_mode_optimization_v2.md","reference","general","active"
"c0a46656","./knowledge/week19_ingested/12_记忆档案/W19-3FC9F7-night_research_expert_enhancement.md","reference","liu_honglei","active"
"0693efb4","./knowledge/week19_ingested/12_记忆档案/W19-87C9CC-2026-03-20-link-26-placeholder.md","reference","general","active"
"b4b2f268","./knowledge/week19_ingested/12_记忆档案/W19-85B9B6-content_unification_decision_list.md","reference","xu_sir","active"
"9466ca74","./knowledge/week19_ingested/12_记忆档案/W19-4E4BC1-2026-W12.md","reference","general","active"
"7db6a26e","./knowledge/week19_ingested/12_记忆档案/W19-1D847B-encyclopedia_v1.1_text.md","reference","general","active"
"a812ad83","./knowledge/week19_ingested/12_记忆档案/W19-E622A1-satisfynow-system-map.md","reference","general","active"
"12e1a1f3","./knowledge/week19_ingested/12_记忆档案/W19-33170E-lost-promises-5standard-report-2026-03-20.md","reference","general","active"
"94f60303","./knowledge/week19_ingested/12_记忆档案/W19-7634C9-quick-replenishment-2026-03-15-1220.md","reference","general","active"
"adc40736","./knowledge/week19_ingested/12_记忆档案/W19-9FD3D0-2026-03-20-link-23-placeholder.md","reference","general","active"
"9a46c87e","./knowledge/week19_ingested/12_记忆档案/W19-430916-file_upload_integrity_check_20260318.md","reference","xu_sir","active"
"c61a7a06","./knowledge/week19_ingested/12_记忆档案/W19-30A047-lost-promise-user-reservation-2026-03-20.md","reference","general","active"
"4f41c277","./knowledge/week19_ingested/12_记忆档案/W19-4D83E7-file-update-workflow.md","reference","general","active"
"de8b6189","./knowledge/week19_ingested/12_记忆档案/W19-F475DA-task-coordination-2026-03-13-2046.md","reference","general","active"
"745ba6de","./knowledge/week19_ingested/12_记忆档案/W19-F8E376-certificates_order_final.md","reference","luo_han","active"
"c4a37aa2","./knowledge/week19_ingested/12_记忆档案/W19-A489B9-satisfynow-growth-diary.md","reference","xu_sir","active"
"139fa2b6","./knowledge/week19_ingested/12_记忆档案/W19-2C0C66-token-correction-20260322.md","reference","general","active"
"3c72a533","./knowledge/week19_ingested/12_记忆档案/W19-CB7F1C-2026-03-20-link-25-placeholder.md","reference","general","active"
"4a5882b6","./knowledge/week19_ingested/12_记忆档案/W19-8B3424-multi_platform_publish_guide_final.md","reference","xu_sir","active"
"2979debe","./knowledge/week19_ingested/12_记忆档案/W19-1C1EBC-align-complement-framework.md","reference","xu_sir","active"
"0a48aa50","./knowledge/week19_ingested/12_记忆档案/W19-D81B81-cron_optimization_C_deployed.md","reference","general","active"
"a510c0ab","./knowledge/week19_ingested/12_记忆档案/W19-9B9EFD-current_context.md","reference","general","active"
"6224d770","./knowledge/week19_ingested/12_记忆档案/W19-883894-reminder-audit-report-2026-03-15.md","reference","general","active"
"b493a9f8","./knowledge/week19_ingested/12_记忆档案/W19-BD2202-immediate_tasks_completion_report.md","reference","general","active"
"5fc3f1b2","./knowledge/week19_ingested/12_记忆档案/W19-FBFA18-epic_upgrade_tasklist.md","reference","general","active"
"db3d2427","./knowledge/week19_ingested/12_记忆档案/W19-A31B2F-skill-integration-report-2026-03-27.md","methodology","xu_sir","active"
"51df7eef","./knowledge/week19_ingested/WEEK19_REPORT.md","reference","general","active"
"0475a40f","./knowledge/persona_factory/PERSONA_FACTORY_5STANDARD.md","reference","xie_baojian","active"
"5edf547d","./knowledge/week5_ingested/12_记忆档案/W5-2B4181-README-合伙人决策教练.md","reference","general","active"
"c641e272","./knowledge/week5_ingested/12_记忆档案/W5-B14D73-33角色能力补强工具方案.md","reference","xie_baojian","active"
"2cfb79a5","./knowledge/week5_ingested/12_记忆档案/W5-F5A877-全组织罗盘扫码报告机制.md","reference","xie_baojian","active"
"3abfb7de","./knowledge/week5_ingested/12_记忆档案/W5-5D1722-TOOLS.md_WPS规则.md","reference","general","active"
"e68857a2","./knowledge/week5_ingested/12_记忆档案/W5-AA6013-Kimi_vs_Claude_计费对比.md","reference","general","active"
"f8cbd576","./knowledge/week5_ingested/12_记忆档案/W5-0F1A03-外部工具配置信息.md","reference","general","active"
"67d35627","./knowledge/week5_ingested/12_记忆档案/W5-35DE6B-URG-001-完成报告.md","reference","xu_sir","active"
"6d2c9f02","./knowledge/week5_ingested/12_记忆档案/W5-396BAC-Kimi_Allegretto使用规则.md","reference","general","active"
"3019dc0a","./knowledge/week5_ingested/12_记忆档案/W5-681E35-API_INVENTORY.md","reference","general","active"
"b74e07bf","./knowledge/week5_ingested/12_记忆档案/W5-7E245F-DECISION_SAFETY_RED_LINES.md","reference","xu_sir","active"
"fac19691","./knowledge/week5_ingested/12_记忆档案/W5-CDF51A-专家邀请函_四封.md","reference","liu_honglei","active"
"c467b302","./knowledge/week5_ingested/12_记忆档案/W5-F0EA55-API配置记录.md","reference","xu_sir","active"
"c137a72e","./knowledge/week5_ingested/12_记忆档案/W5-51B411-全球首创合伙人匹配决策系统V1.1_PPMS.md","reference","fang_yifeng","active"
"f87b32f0","./knowledge/week5_ingested/12_记忆档案/W5-FC810E-OPENCLAW_CONCEPTS_LEARNING.md","reference","xu_sir","active"
"b16d3560","./knowledge/week5_ingested/12_记忆档案/W5-6E57AE-Kimi资源集成方案.md","reference","general","active"
"81acff22","./knowledge/week5_ingested/12_记忆档案/W5-19C778-WPS_API方案.md","reference","general","active"
"b6a9ff7a","./knowledge/week5_ingested/01_研究报告/W5-0EF14A-SYMBIOTIC_CONTRACT.md","reference","general","active"
"3e6006b5","./knowledge/week5_ingested/01_研究报告/W5-E186E9-TODAY_EXECUTION_PLAN.md","reference","general","active"
"a76cd919","./knowledge/week5_ingested/01_研究报告/W5-E1B5DE-SYSTEM_AUDIT_REPORT_2026-03-20.md","reference","general","active"
"097cfc7f","./knowledge/week5_ingested/01_研究报告/W5-100404-SCATTERED_MECHANISMS_BATCH2.md","reference","general","active"
"e5e48593","./knowledge/week5_ingested/01_研究报告/W5-69A040-SECURITY_GAP_ANALYSIS_2026-03-26.md","reference","general","active"
"461eef8a","./knowledge/week5_ingested/01_研究报告/W5-307402-SECURITY_BASELINE_DEPLOYED_2026-03-26.md","reference","xu_sir","active"
"6b3cd2fa","./knowledge/week5_ingested/01_研究报告/W5-ECBA36-SYSTEMATIC_EXECUTION_CHECKLIST.md","reference","general","active"
"3ce7744b","./knowledge/week5_ingested/01_研究报告/W5-465F96-TEN_IRON_RULES.md","reference","general","active"
"beaa9dad","./knowledge/week5_ingested/01_研究报告/W5-ABA98A-TONIGHT_EXECUTION_REPORT.md","reference","general","active"
"25350ff5","./knowledge/week5_ingested/01_研究报告/W5-8D8FDA-TIERED_OUTPUT_SYSTEM.md","reference","general","active"
"91c8555b","./knowledge/week5_ingested/01_研究报告/W5-A94D03-SYSTEMATIC_ISSUE_DEEP_DIVE.md","reference","general","active"
"c3f7b28b","./knowledge/week5_ingested/01_研究报告/W5-DF370F-STANDARDS_5PLUS2_V1.md","reference","general","active"
"18cba441","./knowledge/week5_ingested/01_研究报告/W5-8AA1D7-ZEROTOKEN_OPTIMIZATION_DEPLOYED_2026-03-26.md","reference","general","active"
"97b266b1","./knowledge/week5_ingested/01_研究报告/W5-05F11F-TESTING_FRAMEWORK_GUIDE.md","reference","general","active"
"b10f8ff6","./knowledge/week5_ingested/01_研究报告/W5-28D026-SECURITY_AUDIT_2026-03-26.md","reference","general","active"
"bffdf8d1","./knowledge/week5_ingested/01_研究报告/W5-B1E2D9-SYSTEM_TRUTH_REPORT.md","reference","general","active"
"36b5b3f1","./knowledge/week5_ingested/01_研究报告/W5-C6CF6C-TODAY_COMPLETION_REPORT.md","reference","general","active"
"96b9d9fc","./knowledge/week5_ingested/01_研究报告/W5-F0F8F1-WLU-ARCH-v1.0-FIN-260322-Totem-System-unified.md","reference","xu_sir","active"
"68b6c852","./knowledge/week5_ingested/01_研究报告/W5-90E480-TODAY_COMPLETION_REPORT_20260321.md","reference","general","active"
"8d98580e","./knowledge/week5_ingested/01_研究报告/W5-53D24B-TRUSTED_PLUGINS.md","reference","general","active"
"27584070","./knowledge/week5_ingested/01_研究报告/W5-AE5F32-TASK_MASTER.md","reference","general","active"
"521b3896","./knowledge/week5_ingested/01_研究报告/W5-464F1F-SENTINEL-GUARD-V1.0-5STANDARD-ACCEPTANCE.md","reference","general","active"
"3e9c6859","./knowledge/week5_ingested/01_研究报告/W5-BB9270-SECURITY_AUDIT_2026-03-21.md","reference","xu_sir","active"
"c228a521","./knowledge/week5_ingested/01_研究报告/W5-45EBA7-SCATTERED_MECHANISMS_BATCH3.md","reference","general","active"
"8d40643d","./knowledge/week5_ingested/01_研究报告/W5-2ABF56-SKILL_RECOVERY_COMPLETE.md","methodology","general","active"
"97dfa3b6","./knowledge/week5_ingested/01_研究报告/W5-F09544-SECURITY_AUDIT_FIX.md","reference","general","active"
"82530f0f","./knowledge/week5_ingested/01_研究报告/W5-8A2E95-VERIFICATION_REPORT_QUICK.md","reference","general","active"
"81b54bdd","./knowledge/week5_ingested/01_研究报告/W5-64F9F1-WECOM_TASK_BOARD_DEPLOYMENT.md","reference","general","active"
"36931290","./knowledge/week5_ingested/01_研究报告/W5-A59CA2-TOTEM_SYSTEM_NGT_FUSION.md","reference","liu_honglei","active"
"628c692f","./knowledge/week5_ingested/01_研究报告/W5-E04133-TASK_MASTER_V1.5.md","reference","general","active"
"f0d75833","./knowledge/week5_ingested/01_研究报告/W5-10C1F4-TOKEN_OPTIMIZATION_ANALYSIS.md","reference","xu_sir","active"
"c50b1a69","./knowledge/week5_ingested/01_研究报告/W5-EE6407-TOKEN_OPTIMIZATION_MASTERPLAN.md","reference","general","active"
"353cb3b2","./knowledge/week5_ingested/01_研究报告/W5-C01C4A-SILENCE_VS_HIBERNATION.md","reference","xu_sir","active"
"c3448b15","./knowledge/week5_ingested/WEEK5_REPORT.md","reference","general","active"
"dc1c88bc","./knowledge/week4_ingested/WEEK4_REPORT.md","reference","general","active"
"a1a61427","./knowledge/week4_ingested/01_研究报告/W4-BB7BD6-OPERATIONAL_DASHBOARD_V1.md","reference","general","active"
"61f63ca0","./knowledge/week4_ingested/01_研究报告/W4-5BE0ED-INFO_COLLECTION_README.md","reference","xu_sir","active"
"e5cdfceb","./knowledge/week4_ingested/01_研究报告/W4-FAD732-FILE_SKILL_RECOVERY_REPORT.md","methodology","general","active"
"a1713310","./knowledge/week4_ingested/01_研究报告/W4-65C013-FEISHU_WECOM_QUICKSTART.md","reference","general","active"
"877da4fc","./knowledge/week4_ingested/01_研究报告/W4-4DF47C-LEARNING_REPORT_Immortal_State_2026-03-26.md","reference","general","active"
"17b07619","./knowledge/week4_ingested/01_研究报告/W4-FD95C0-FULL_PROMISE_AUDIT.md","reference","general","active"
"a98ebcae","./knowledge/week4_ingested/01_研究报告/W4-D41C50-P0_VERIFICATION_7STANDARD_2026-03-21.md","reference","general","active"
"c3d6caa7","./knowledge/week4_ingested/01_研究报告/W4-66D0E4-QUANTITATIVE_METRICS_V1.md","reference","xu_sir","active"
"81479f0b","./knowledge/week4_ingested/01_研究报告/W4-E82C0D-LEAN_7_WASTES_TRACKING.md","reference","general","active"
"0242e569","./knowledge/week4_ingested/01_研究报告/W4-25B22B-FULL_CONVERSION_REPORT_2026-03-20.md","reference","general","active"
"8a3bb281","./knowledge/week4_ingested/01_研究报告/W4-A02F6A-FEISHU_WECOM_INTEGRATION_PLAN.md","reference","general","active"
"25a49caf","./knowledge/week4_ingested/01_研究报告/W4-A6EE2B-INTEGRATION_OPTIMIZATION_AUDIT_2026-03-21.md","reference","general","active"
"3bda17d0","./knowledge/week4_ingested/01_研究报告/W4-5E361B-MECHANISM_INVENTORY_FULL.md","reference","general","active"
"2121eb46","./knowledge/week4_ingested/01_研究报告/W4-728575-PENDING_INSTRUCTIONS_REPORT.md","reference","xu_sir","active"
"b6d962e8","./knowledge/week4_ingested/01_研究报告/W4-6A78BE-PROMISE_BATH_PROGRESS_REPORT_01.md","reference","general","active"
"075b0048","./knowledge/week4_ingested/01_研究报告/W4-72C9E3-P0_FIX_FINAL_REPORT.md","reference","general","active"
"ce1d96fc","./knowledge/week4_ingested/01_研究报告/W4-7C02CC-MGT-ARCH-v1.0-FIN-260322-Namespace-Enforcement.md","reference","general","active"
"89545f59","./knowledge/week4_ingested/01_研究报告/W4-4B670D-PROMISE_BATH_PROJECT.md","reference","general","active"
"47450cc2","./knowledge/week4_ingested/01_研究报告/W4-4DB548-FILE_GOVERNANCE_V1.md","reference","xu_sir","active"
"ea83f988","./knowledge/week4_ingested/01_研究报告/W4-E6BEA9-QUALITY_CHECK_PROCESS.md","reference","general","active"
"d514e2a8","./knowledge/week4_ingested/01_研究报告/W4-9400B4-FINAL_REPORT_V3.md","reference","general","active"
"a18afd37","./knowledge/week4_ingested/01_研究报告/W4-F57BDB-NGT_CLAW_FUSION_DESIGN.md","reference","fang_yifeng","active"
"3495cc5d","./knowledge/week4_ingested/01_研究报告/W4-D71814-NEW_RULES_7STANDARD_2026-03-21.md","reference","general","active"
"04e28c8f","./knowledge/week4_ingested/01_研究报告/W4-36EFDD-GLOBAL_TIER1_EXECUTION_PLAN.md","reference","xie_baojian","active"
"9dfc9acc","./knowledge/week4_ingested/01_研究报告/W4-B08E91-PHASE3_EXECUTION_MASTER.md","reference","general","active"
"f9a19446","./knowledge/week4_ingested/01_研究报告/W4-95A8CF-RED_TEAM_AUDIT_REPORT_2026-03-26.md","reference","general","active"
"0fe2eaf2","./knowledge/week4_ingested/01_研究报告/W4-74B828-FINAL_VERIFICATION_REPORT_2026-03-21.md","reference","general","active"
"97c69eb2","./knowledge/week4_ingested/01_研究报告/W4-98A571-QUALITY_STANDARDS.md","reference","general","active"
"a25becf2","./knowledge/week4_ingested/01_研究报告/W4-E6DE71-INFO_LOOP_ISSUE_REVIEW.md","reference","general","active"
"ea0ff00f","./knowledge/week4_ingested/01_研究报告/W4-916056-NETWORK_WHITELIST_V1.md","reference","general","active"
"47118da0","./knowledge/week4_ingested/01_研究报告/W4-5968F6-FINAL_REPORT_V4.md","reference","general","active"
"1debe314","./knowledge/week4_ingested/01_研究报告/W4-AB7B36-PHASE1_7_COMPLETION_REPORT_HONEST.md","reference","general","active"
"d5dc02f8","./knowledge/week4_ingested/01_研究报告/W4-A783F5-FULL_PROBLEM_LIST.md","reference","general","active"
"7f9c2cbb","./knowledge/week4_ingested/01_研究报告/W4-95CCCF-GLOBAL_FILE_GOVERNANCE_V1.md","reference","xu_sir","active"
"b6c30a74","./knowledge/week4_ingested/01_研究报告/W4-343856-PROMISE_BATH_FINAL_REPORT.md","reference","general","active"
"fba6e178","./knowledge/week4_ingested/01_研究报告/W4-29A1D5-HIDDEN_MECHANISMS_DISCOVERY.md","reference","general","active"
"4d384433","./knowledge/week4_ingested/01_研究报告/W4-0A776F-PROJECT_DASHBOARD.md","reference","general","active"
"3cc31187","./knowledge/week4_ingested/01_研究报告/W4-23D35B-OPERATIONS.md","reference","general","active"
"3d1efef1","./knowledge/week4_ingested/01_研究报告/W4-973B44-REPLACEMENT_REPORT_P0.md","reference","general","active"
"d7023ce7","./knowledge/week4_ingested/01_研究报告/W4-FD5D0D-FINAL_STATUS_1445.md","reference","general","active"
"bfbb4f82","./knowledge/week4_ingested/01_研究报告/W4-3CD001-NGT-ARCH-v1.0-FIN-260322-Fusion-Completion-Report.md","reference","general","active"
"9aef72e1","./knowledge/week4_ingested/01_研究报告/W4-A3E168-OPTIMIZATION_4_SCHEMES_DEPLOYED_2026-03-26.md","reference","general","active"
"73ff7076","./knowledge/week4_ingested/01_研究报告/W4-12766C-RED_TEAM_AUDIT_REPORT_2026-03-21.md","reference","xu_sir","active"
"68fd53c3","./knowledge/week4_ingested/01_研究报告/W4-7BD149-SCATTERED_MECHANISMS_BATCH1.md","reference","general","active"
"ea6b7132","./knowledge/week4_ingested/01_研究报告/W4-796474-NGT-ARCH-v1.0-FIN-260322-5Standard-Self-Check.md","reference","general","active"
"ef9c34bd","./knowledge/week4_ingested/01_研究报告/W4-DB568C-META_AUDITOR_PRACTICE_REPORT.md","reference","xu_sir","active"
"95ce25ef","./knowledge/week4_ingested/01_研究报告/W4-08E682-HIBERNATION_VULNERABILITY_FIX.md","reference","general","active"
"fea79ba2","./knowledge/week4_ingested/01_研究报告/W4-E8F0C7-FACING_ALL_COMMITMENTS.md","reference","general","active"
"983f4021","./knowledge/week4_ingested/01_研究报告/W4-F8E98B-FINAL_CLEANUP_REPORT.md","reference","general","active"
"d0b48447","./knowledge/week4_ingested/02_实施方案/W4-DEAF6D-IMPLICIT-RULES-CONVERSION-REPORT.md","implementation","general","active"
"e6089160","./knowledge/insights/frameworks/partner_selection_framework.md","reference","general","active"
"61e8dafd","./knowledge/week20_ingested/12_记忆档案/W20-0C7D3C-v1.3_upgrade_decision_list.md","reference","xu_sir","active"
"8795c8d5","./knowledge/week20_ingested/12_记忆档案/W20-883EA2-第一性原则强制执行验证报告_2026-03-15.md","reference","general","active"
"96e348fa","./knowledge/week20_ingested/12_记忆档案/W20-968351-today_research_tasks.md","reference","liu_honglei","active"
"85225eea","./knowledge/week20_ingested/12_记忆档案/W20-91A27A-totem_expert_integration.md","reference","luo_han","active"
"b1fd919e","./knowledge/week20_ingested/12_记忆档案/W20-1CEE6A-v1.3_content_calibration.md","reference","general","active"
"ed0e9a29","./knowledge/week20_ingested/12_记忆档案/W20-92DE5D-v1.3_content_calibration_report.md","reference","general","active"
"9f376c02","./knowledge/week20_ingested/12_记忆档案/W20-E01652-resource-execution-handbook.md","reference","general","active"
"efb711c9","./knowledge/week20_ingested/12_记忆档案/W20-F87E45-superpowers_security_audit.md","reference","general","active"
"3c382e09","./knowledge/week20_ingested/12_记忆档案/W20-C5206B-user_decisions_2026-03-24.md","reference","xu_sir","active"
"312b72ab","./knowledge/week20_ingested/12_记忆档案/W20-865A28-today_execution_plan.md","reference","general","active"
"86246b69","./knowledge/week20_ingested/12_记忆档案/W20-1C98B7-v1.3_parallel_phrases_report.md","reference","general","active"
"e0cd3fcb","./knowledge/week20_ingested/12_记忆档案/W20-DF6884-v1.3_parallel_phrases.md","reference","general","active"
"a5d51cd2","./knowledge/week20_ingested/12_记忆档案/W20-67599D-voice_memo_insights.md","reference","xu_sir","active"
"f3f08e24","./knowledge/week20_ingested/12_记忆档案/W20-7C851E-v1.3_calibration_full_report.md","reference","luo_han","active"
"36a2af54","./knowledge/week20_ingested/12_记忆档案/W20-AB4E51-skill_treasure_hunt.md","methodology","general","active"
"8762f6e1","./knowledge/week20_ingested/12_记忆档案/W20-8BC425-token_optimization_strategy.md","reference","general","active"
"9e483b25","./knowledge/week20_ingested/12_记忆档案/W20-CE8719-partners_mountain_ep1_script.md","reference","general","active"
"7f45288c","./knowledge/week20_ingested/12_记忆档案/W20-464BDD-v1.3_final_decisions.md","reference","xu_sir","active"
"fe956b18","./knowledge/week20_ingested/12_记忆档案/W20-5ECFA6-token_tracking_2026-03-24.md","reference","general","active"
"5be7167e","./knowledge/week20_ingested/12_记忆档案/W20-AEDDAC-v1.3_upgrade_completion_report.md","reference","xu_sir","active"
"9e92d015","./knowledge/week20_ingested/12_记忆档案/W20-8F416A-nine_grid_launch_plan.md","reference","general","active"
"96b681bc","./knowledge/week20_ingested/WEEK20_REPORT.md","reference","general","active"
"a5ea2739","./knowledge/week11_ingested/WEEK11_REPORT.md","reference","general","active"
"98d0d2ff","./knowledge/week11_ingested/11_Skill文档/W11-BF20CC-SKILL.md","methodology","general","active"
"cfbebc9e","./knowledge/week11_ingested/11_Skill文档/W11-A75765-SKILL.md","methodology","general","active"
"d885308d","./knowledge/week11_ingested/11_Skill文档/W11-90A16F-SKILL.md","methodology","general","active"
"ca392b96","./knowledge/week11_ingested/11_Skill文档/W11-626A58-advanced.md","reference","general","active"
"53aff4b1","./knowledge/week11_ingested/11_Skill文档/W11-4FDC97-README.md","reference","general","active"
"7b007659","./knowledge/week11_ingested/11_Skill文档/W11-0AB42C-README.md","reference","general","active"
"fbf54ba9","./knowledge/week11_ingested/11_Skill文档/W11-2E8B0E-SKILL.md","methodology","general","active"
"5ddb832c","./knowledge/week11_ingested/11_Skill文档/W11-552BA3-SKILL.md","methodology","general","active"
"68ad03df","./knowledge/week11_ingested/11_Skill文档/W11-CDDBE8-SKILL.md","methodology","general","active"
"20dddeba","./knowledge/week11_ingested/11_Skill文档/W11-330E7E-SKILL.md","methodology","general","active"
"ba1203c4","./knowledge/week11_ingested/11_Skill文档/W11-2E83BF-SKILL.md","methodology","general","active"
"ed7dcf1b","./knowledge/week11_ingested/11_Skill文档/W11-692216-SKILL.md","methodology","xu_sir","active"
"376b146b","./knowledge/week11_ingested/11_Skill文档/W11-443562-SKILL.md","methodology","general","active"
"e41541f0","./knowledge/week11_ingested/11_Skill文档/W11-A169AB-SKILL.md","methodology","liu_honglei","active"
"2c33bf44","./knowledge/week11_ingested/11_Skill文档/W11-90BCD6-SKILL.md","methodology","xu_sir","active"
"1db8275a","./knowledge/week11_ingested/11_Skill文档/W11-FB15D2-kimi-function-prompts.md","reference","general","active"
"953d13ee","./knowledge/week11_ingested/11_Skill文档/W11-F8B4BC-SKILL.md","methodology","general","active"
"75500c53","./knowledge/week11_ingested/11_Skill文档/W11-D1AF31-kimi-prompts-v2.md","reference","general","active"
"5f9bf8f2","./knowledge/week11_ingested/11_Skill文档/W11-E3B57D-SKILL.md","methodology","general","active"
"86434d28","./knowledge/week11_ingested/11_Skill文档/W11-4F5575-SKILL.md","methodology","general","active"
"a6a3e18d","./knowledge/week11_ingested/11_Skill文档/W11-E13C6B-history.md","reference","general","active"
"f176b190","./knowledge/week11_ingested/11_Skill文档/W11-488584-SKILL.md","methodology","general","active"
"cbc52eca","./knowledge/week11_ingested/11_Skill文档/W11-875B40-README.md","reference","xu_sir","active"
"ddd3c7cc","./knowledge/week11_ingested/11_Skill文档/W11-7BB6FD-SKILL.md","methodology","general","active"
"d81e673f","./knowledge/week11_ingested/11_Skill文档/W11-B05127-SKILL.md","methodology","general","active"
"d40ce5e3","./knowledge/week11_ingested/11_Skill文档/W11-FDFBC3-commands.md","reference","general","active"
"64118fe6","./knowledge/week11_ingested/11_Skill文档/W11-E775A0-SKILL.md","methodology","general","active"
"088730ae","./knowledge/week11_ingested/11_Skill文档/W11-6935B9-README.md","reference","general","active"
"9c56a8cc","./knowledge/week11_ingested/11_Skill文档/W11-48179A-SKILL.md","methodology","general","active"
"17be7bbc","./knowledge/week11_ingested/11_Skill文档/W11-4136D3-collaboration.md","reference","general","active"
"4d4aebb9","./knowledge/week11_ingested/11_Skill文档/W11-141AB6-SKILL.md","methodology","general","active"
"075d6e8a","./knowledge/week11_ingested/11_Skill文档/W11-3FF16D-SKILL.md","methodology","general","active"
"0e244402","./knowledge/week11_ingested/11_Skill文档/W11-ED1974-SKILL.md","methodology","general","active"
"44cc6ab4","./knowledge/week11_ingested/11_Skill文档/W11-06EE19-SKILL.md","methodology","general","active"
"67b52042","./knowledge/week11_ingested/11_Skill文档/W11-D20F95-SKILL.md","methodology","general","active"
"d0a74eac","./knowledge/week11_ingested/11_Skill文档/W11-2B3C17-README.md","reference","general","active"
"098dac6c","./knowledge/week11_ingested/11_Skill文档/W11-60BE18-SKILL.md","methodology","general","active"
"5e056bb2","./knowledge/week11_ingested/11_Skill文档/W11-E317E5-membership-benefits-guide.md","reference","general","active"
"c558440d","./knowledge/week11_ingested/11_Skill文档/W11-9A6C6B-SKILL.md","methodology","general","active"
"c49300c0","./knowledge/week11_ingested/11_Skill文档/W11-EA1B39-SKILL.md","methodology","xu_sir","active"
"fdb75b79","./knowledge/week11_ingested/11_Skill文档/W11-A4E261-SKILL.md","methodology","general","active"
"7fc73ce7","./knowledge/week11_ingested/11_Skill文档/W11-5CAA5B-SKILL.md","methodology","general","active"
"f81875b8","./knowledge/week11_ingested/11_Skill文档/W11-C3854B-SKILL.md","methodology","xu_sir","active"
"4dde78d9","./knowledge/week11_ingested/11_Skill文档/W11-AB86F9-SKILL.md","methodology","general","active"
"4e9662ba","./knowledge/week11_ingested/11_Skill文档/W11-3B3A93-SKILL.md","methodology","general","active"
"69d00b65","./knowledge/week11_ingested/11_Skill文档/W11-1E6F2B-SKILL.md","methodology","general","active"
"782d536e","./knowledge/week11_ingested/11_Skill文档/W11-056EF0-README.md","reference","general","active"
"8da16597","./knowledge/week11_ingested/11_Skill文档/W11-7741BF-SKILL.md","methodology","general","active"
"b84a9daa","./knowledge/week11_ingested/11_Skill文档/W11-E71959-SKILL.md","methodology","general","active"
"f7a46806","./knowledge/week11_ingested/11_Skill文档/W11-FBB96C-QUICKSTART.md","reference","general","active"
"a02b3592","./knowledge/products/partner_match_system/OVERVIEW.md","reference","liu_honglei","active"
"930a873d","./knowledge/products/partner_match_system/README.md","reference","luo_han","active"
"a3f47ced","./knowledge/products/partner_match_system/DELIVERY.md","reference","luo_han","active"
"47329581","./knowledge/products/partner_match_system/API.md","reference","general","active"
"b9deb92f","./knowledge/products/partner_match_system/USER_MANUAL.md","reference","general","active"
"f6c10f42","./knowledge/products/partner_founder_intelligence/iteration-3-intervention-system.md","reference","xie_baojian","active"
"b912b48f","./knowledge/products/partner_founder_intelligence/iteration-2-prediction-models.md","reference","fang_yifeng","active"
"95d653a5","./knowledge/products/partner_founder_intelligence/PFI-2.0-Ultimate-Handbook.md","reference","xu_sir","active"
"04fd455b","./knowledge/products/partner_founder_intelligence/iteration-4-scale-delivery.md","reference","general","active"
"2949a3de","./knowledge/products/partner_founder_intelligence/iteration-5-data-asset.md","reference","xie_baojian","active"
"39123303","./knowledge/products/partner_founder_intelligence/iteration-1-deep-assessment.md","reference","fang_yifeng","active"
"6f887fa6","./knowledge/week3_ingested/01_研究报告/W3-0D0B9F-BATCH_SCRIPT_CREATION_1.md","reference","general","active"
"64b764b6","./knowledge/week3_ingested/01_研究报告/W3-0AD351-BATCH_CRON_INTEGRATION_2.md","reference","general","active"
"5be1a410","./knowledge/week3_ingested/01_研究报告/W3-682A9F-BULK_CONVERSION_TRACKER.md","reference","general","active"
"b4262ffc","./knowledge/week3_ingested/01_研究报告/W3-3E8065-5STANDARD_STATUS_REPORT.md","reference","general","active"
"b52fd0d3","./knowledge/week3_ingested/01_研究报告/W3-32BDBE-DISASTER_RECOVERY_V1.1.md","reference","xu_sir","active"
"80b21d54","./knowledge/week3_ingested/01_研究报告/W3-FFAFBF-5STANDARD_TODO_P2.md","reference","general","active"
"0cfce126","./knowledge/week3_ingested/01_研究报告/W3-5BD6D3-COMPLETENESS_TRACKER_LATEST.md","reference","general","active"
"65cbe97d","./knowledge/week3_ingested/01_研究报告/W3-961FF4-AUDIT_MASTER.md","reference","general","active"
"ec6733b5","./knowledge/week3_ingested/01_研究报告/W3-4FB030-COMPLETION_REPORT_2026-03-26.md","reference","general","active"
"7a3c8a82","./knowledge/week3_ingested/01_研究报告/W3-5A5380-BLUE_ARMY_STRESS_TEST_PLAN.md","reference","xu_sir","active"
"3edeaf69","./knowledge/week3_ingested/01_研究报告/W3-DF48D0-5STANDARD_COMPLETION_REPORT.md","reference","general","active"
"8b2b028f","./knowledge/week3_ingested/01_研究报告/W3-BC2B7F-DISASTER_RECOVERY_EXECUTION_PLAN.md","reference","general","active"
"e277b698","./knowledge/week3_ingested/01_研究报告/W3-C93C2F-API_KEY_ROTATION_PLAN_A.md","reference","general","active"
"2b128f76","./knowledge/week3_ingested/01_研究报告/W3-7BA90A-BLUE_SENTINEL_7STANDARD_SCHEME.md","reference","general","active"
"5f01e614","./knowledge/week3_ingested/01_研究报告/W3-0714FE-5STANDARD_REMEDIATION_STATUS.md","reference","general","active"
"00b6253d","./knowledge/week3_ingested/01_研究报告/W3-FA7DE3-BATCH_CRON_INTEGRATION_1.md","reference","xu_sir","active"
"f2a91a65","./knowledge/week3_ingested/01_研究报告/W3-5BC1BE-AUTOMATION_PIPELINE_FIX_PLAN.md","reference","general","active"
"5b5ce3c3","./knowledge/week3_ingested/01_研究报告/W3-04A57A-ACTION_PLAN_Immortal_State_2026-03-26.md","reference","general","active"
"d3086854","./knowledge/week3_ingested/01_研究报告/W3-3B19ED-BLUE_TEAM_EXECUTION_REPORT_2026-03-27.md","reference","general","active"
"560c3d7e","./knowledge/week3_ingested/01_研究报告/W3-6FA326-DEVILS_ADVOCATE_VIEWS.md","reference","general","active"
"1d673980","./knowledge/week3_ingested/01_研究报告/W3-3C59CD-BLUE_ARMY_STRESS_TEST_REPORT.md","reference","xu_sir","active"
"5099c4a9","./knowledge/week3_ingested/01_研究报告/W3-66EEC2-CALIBRATION_REPORT.md","reference","luo_han","active"
"cea02aca","./knowledge/week3_ingested/01_研究报告/W3-7C2079-DUAL_LINK_ANALYSIS_2026-03-26.md","reference","general","active"
"c61136ac","./knowledge/week3_ingested/01_研究报告/W3-A1E93B-BLUE_TEAM_COMPREHENSIVE_AUDIT_2026-03-26.md","reference","general","active"
"9ec61faf","./knowledge/week3_ingested/01_研究报告/W3-563DE2-CRON-ANALYSIS-v1.0-FIN-260322-Time-Conflict.md","reference","general","active"
"6b9fecd0","./knowledge/week3_ingested/01_研究报告/W3-BAB3DF-BLUE_TEAM_SUPERVISION_AUDIT_2026-03-26.md","reference","general","active"
"b3a0f63b","./knowledge/week3_ingested/01_研究报告/W3-1547CD-BULK_PROGRESS_REPORT_1350.md","reference","general","active"
"5b5b1e3d","./knowledge/week3_ingested/01_研究报告/W3-F1ADCB-CONTENT_CONSISTENCY_V1.md","reference","xie_baojian","active"
"4fb3bec4","./knowledge/week3_ingested/01_研究报告/W3-227708-COMPLETE_COMMITMENT_AUDIT.md","reference","general","active"
"153f2571","./knowledge/week3_ingested/01_研究报告/W3-400076-ASSOCIATED_CORRECTIONS_REPORT.md","reference","general","active"
"1b8ec353","./knowledge/week3_ingested/01_研究报告/W3-75FA03-5STANDARD_TODO_LIST.md","reference","general","active"
"6dfe9d10","./knowledge/week3_ingested/01_研究报告/W3-F3A2B1-5STANDARD_UNCOVERED_SKILLS.md","methodology","general","active"
"220529b8","./knowledge/week3_ingested/01_研究报告/W3-A6BC61-5STANDARD_100_PERCENT_COMPLETE_2026-03-26.md","reference","general","active"
"4ae00774","./knowledge/week3_ingested/01_研究报告/W3-8376BF-CRON_V2_DEPLOYMENT_REPORT.md","reference","general","active"
"caf78a26","./knowledge/week3_ingested/01_研究报告/W3-CA1976-DISASTER_RECOVERY_V2.md","reference","xu_sir","active"
"aa33f7d4","./knowledge/week3_ingested/01_研究报告/W3-B2EB3A-7STANDARD_META_AUDIT.md","reference","general","active"
"2fb2c24d","./knowledge/week3_ingested/01_研究报告/W3-45B521-DEPLOYMENT_REPORT.md","reference","general","active"
"5044d1fc","./knowledge/week3_ingested/01_研究报告/W3-398272-COMMIT_CHECKLIST.md","reference","general","active"
"cb37d32d","./knowledge/week3_ingested/01_研究报告/W3-E2AFAD-BLUE_ARMY_AUDIT_LOG.md","reference","xu_sir","active"
"471d0605","./knowledge/week3_ingested/01_研究报告/W3-05268D-BATCH_SCRIPT_CREATION_2.md","reference","general","active"
"8aaf85ad","./knowledge/week3_ingested/01_研究报告/W3-A0918A-ANNOUNCEMENT_READINESS_CHECK.md","reference","xie_baojian","active"
"5f25aa38","./knowledge/week3_ingested/01_研究报告/W3-7253E2-BLUE_AUDIT_REMEDIATION_REPORT.md","reference","xu_sir","active"
"face2505","./knowledge/week3_ingested/01_研究报告/W3-EDE5C9-API_INTEGRATION_STATUS.md","reference","general","active"
"794d975f","./knowledge/week3_ingested/01_研究报告/W3-9E0B31-BLUE_TEAM_TOKEN_OPTIMIZATION_REPORT_2026-03-26.md","reference","general","active"
"1ba0c767","./knowledge/week3_ingested/01_研究报告/W3-EF8428-DISASTER_RECOVERY_GAP_ANALYSIS.md","reference","general","active"
"ea3834c0","./knowledge/week3_ingested/01_研究报告/W3-EE2F11-DIGITAL_PERSONA_COMPLETE_REPORT_2026-03-26.md","reference","xie_baojian","active"
"462f7099","./knowledge/week3_ingested/01_研究报告/W3-7F5A7C-BLUE_ARMY_STRESS_TEST_EXECUTION.md","reference","xu_sir","active"
"07cd2459","./knowledge/week3_ingested/01_研究报告/W3-8FC400-BULK_PROGRESS_REALTIME.md","reference","general","active"
"0f9fc78a","./knowledge/week3_ingested/01_研究报告/W3-0722DE-DEEP_CLEANING_REPORT.md","reference","liu_honglei","active"
"1cb95cd3","./knowledge/week3_ingested/WEEK3_REPORT.md","reference","general","active"
"dea96500","./knowledge/week3_ingested/02_实施方案/W3-856F71-CRON_IMPLICIT_MECHANISMS.md","implementation","general","active"
"26f75574","./knowledge/week12_ingested/11_Skill文档/W12-4ED1B9-SKILL.md","methodology","general","active"
"bf72ea9c","./knowledge/week12_ingested/11_Skill文档/W12-3AB714-SKILL.md","methodology","general","active"
"16fda259","./knowledge/week12_ingested/11_Skill文档/W12-9DB2B8-SKILL.md","methodology","general","active"
"96a7535c","./knowledge/week12_ingested/11_Skill文档/W12-C57756-SKILL.md","methodology","general","active"
"8759c11d","./knowledge/week12_ingested/11_Skill文档/W12-1EE727-CHANNELLOG.md","reference","general","active"
"a91b3552","./knowledge/week12_ingested/11_Skill文档/W12-8BF9C3-SKILL.md","methodology","general","active"
"11d07ff4","./knowledge/week12_ingested/11_Skill文档/W12-4C34DB-SKILL.md","methodology","general","active"
"ff83672f","./knowledge/week12_ingested/11_Skill文档/W12-7A4144-SKILL.md","methodology","general","active"
"036acc68","./knowledge/week12_ingested/11_Skill文档/W12-350686-SKILL.md","methodology","general","active"
"4e10d841","./knowledge/week12_ingested/11_Skill文档/W12-50E7B0-SKILL.md","methodology","xu_sir","active"
"5ded3045","./knowledge/week12_ingested/11_Skill文档/W12-95A89A-SKILL.md","methodology","general","active"
"0bb3e9eb","./knowledge/week12_ingested/11_Skill文档/W12-A5BC13-SKILL.md","methodology","general","active"
"bbd5486a","./knowledge/week12_ingested/11_Skill文档/W12-574197-SKILL.md","methodology","general","active"
"153733cc","./knowledge/week12_ingested/11_Skill文档/W12-940D5E-SKILL.md","methodology","general","active"
"bd0ef43a","./knowledge/week12_ingested/11_Skill文档/W12-200F8C-SKILL.md","methodology","luo_han","active"
"dc0d0cc5","./knowledge/week12_ingested/11_Skill文档/W12-2397D5-SKILL.md","methodology","general","active"
"c2c50e93","./knowledge/week12_ingested/11_Skill文档/W12-BE1F44-SKILL.md","methodology","general","active"
"be04b71b","./knowledge/week12_ingested/11_Skill文档/W12-7F31D4-SKILL.md","methodology","general","active"
"50aa8252","./knowledge/week12_ingested/11_Skill文档/W12-60EF8D-SKILL.md","methodology","general","active"
"bf36e806","./knowledge/week12_ingested/11_Skill文档/W12-028F99-SKILL.md","methodology","general","active"
"b5c85cd2","./knowledge/week12_ingested/11_Skill文档/W12-5C4DDD-SKILL.md","methodology","general","active"
"52b3224b","./knowledge/week12_ingested/11_Skill文档/W12-A3A10D-CHANGELOG.md","reference","general","active"
"d3fdccf5","./knowledge/week12_ingested/11_Skill文档/W12-7379C9-SKILL.md","methodology","general","active"
"3f2379e7","./knowledge/week12_ingested/11_Skill文档/W12-B67AA1-19cece98-7592-8ae5-8000-000001068550_runbook-template.md","reference","general","active"
"e530804f","./knowledge/week12_ingested/11_Skill文档/W12-1786FE-SKILL.md","methodology","general","active"
"bee74b2e","./knowledge/week12_ingested/11_Skill文档/W12-5DDD05-SKILL.md","methodology","general","active"
"3cc869a0","./knowledge/week12_ingested/11_Skill文档/W12-A5C815-SKILL.md","methodology","general","active"
"85e07ab4","./knowledge/week12_ingested/11_Skill文档/W12-1D61BA-SKILL.md","methodology","xu_sir","active"
"6a2917b7","./knowledge/week12_ingested/11_Skill文档/W12-ADA657-SKILL.md","methodology","xie_baojian","active"
"e327cc0c","./knowledge/week12_ingested/11_Skill文档/W12-07B079-SKILL.md","methodology","general","active"
"a383276a","./knowledge/week12_ingested/11_Skill文档/W12-F97D3C-SKILL.md","methodology","general","active"
"2f7ae95b","./knowledge/week12_ingested/11_Skill文档/W12-518F74-SKILL.md","methodology","general","active"
"ef4bf8cc","./knowledge/week12_ingested/11_Skill文档/W12-111CB5-SKILL.md","methodology","general","active"
"f6390820","./knowledge/week12_ingested/11_Skill文档/W12-E33B8B-SKILL.md","methodology","general","active"
"62900278","./knowledge/week12_ingested/11_Skill文档/W12-49BAC3-SKILL.md","methodology","general","active"
"bd90c1d7","./knowledge/week12_ingested/11_Skill文档/W12-D5DC4C-international-search.md","reference","general","active"
"c1df710c","./knowledge/week12_ingested/11_Skill文档/W12-62B1D5-SKILL.md","methodology","general","active"
"793e64d0","./knowledge/week12_ingested/11_Skill文档/W12-556A45-SKILL.md","methodology","general","active"
"b8b5e08b","./knowledge/week12_ingested/11_Skill文档/W12-4790AD-config_guide.md","implementation","general","active"
"cb9b900a","./knowledge/week12_ingested/11_Skill文档/W12-19B797-SKILL.md","methodology","general","active"
"6a7c8a0c","./knowledge/week12_ingested/11_Skill文档/W12-66163B-SKILL.md","methodology","general","active"
"99941649","./knowledge/week12_ingested/11_Skill文档/W12-0C3504-SKILL.md","methodology","general","active"
"785ee1ed","./knowledge/week12_ingested/11_Skill文档/W12-83DCBA-SKILL.md","methodology","general","active"
"8a6e7bd5","./knowledge/week12_ingested/11_Skill文档/W12-375D0A-SKILL.md","methodology","general","active"
"f17bd7b6","./knowledge/week12_ingested/11_Skill文档/W12-C49B33-SKILL.md","methodology","general","active"
"803cd7a5","./knowledge/week12_ingested/11_Skill文档/W12-08D58E-SKILL.md","methodology","general","active"
"eaffab55","./knowledge/week12_ingested/11_Skill文档/W12-3642C5-SKILL.md","methodology","general","active"
"f9ee70c1","./knowledge/week12_ingested/11_Skill文档/W12-5C4FDB-SKILL.md","methodology","general","active"
"469f45ee","./knowledge/week12_ingested/11_Skill文档/W12-BB15E6-SKILL.md","methodology","general","active"
"c13b862b","./knowledge/week12_ingested/11_Skill文档/W12-4CE470-SKILL.md","methodology","general","active"
"99034183","./knowledge/week12_ingested/WEEK12_REPORT.md","reference","general","active"
"483bde8f","./knowledge/week18_ingested/12_记忆档案/W18-AC96F1-hourly-check-2026-03-15-0624.md","reference","general","active"
"756ff5f0","./knowledge/week18_ingested/12_记忆档案/W18-469204-cron-expansion-plan-2026-03-27.md","reference","general","active"
"1ff39ca2","./knowledge/week18_ingested/12_记忆档案/W18-75BDD7-2026-03-20-link-06-firecrawl.md","reference","general","active"
"89ade03d","./knowledge/week18_ingested/12_记忆档案/W18-76B3DB-info-collection-2026-03-15-1700.md","reference","xu_sir","active"
"66bc5f5e","./knowledge/week18_ingested/12_记忆档案/W18-340840-2026-03-20-link-16-placeholder.md","reference","general","active"
"63249550","./knowledge/week18_ingested/12_记忆档案/W18-BCEC34-OTHER_LINKS_CHECK_PLAN.md","reference","general","active"
"45532fd2","./knowledge/week18_ingested/12_记忆档案/W18-D5A441-2026-03-20-link-17-placeholder.md","reference","general","active"
"0330e6f2","./knowledge/week18_ingested/12_记忆档案/W18-4BA1E8-hourly_coordination_2026-03-15_1124.md","reference","general","active"
"01afbab8","./knowledge/week18_ingested/12_记忆档案/W18-239227-blue-army-deep-audit-2026-03-27.md","reference","general","active"
"bf57b9cb","./knowledge/week18_ingested/12_记忆档案/W18-AC63FE-kimi_link_01_record.md","reference","general","active"
"1a16da70","./knowledge/week18_ingested/12_记忆档案/W18-ADF9F3-blue-army-final-audit-2026-03-27.md","reference","general","active"
"831a28c4","./knowledge/week18_ingested/12_记忆档案/W18-B63FA9-kimi_link_04_record.md","reference","general","active"
"18661596","./knowledge/week18_ingested/12_记忆档案/W18-213551-2026-03-20-link-21-placeholder.md","reference","general","active"
"8f0bff0c","./knowledge/week18_ingested/12_记忆档案/W18-415E75-2026-03-20-link-05-mineru.md","reference","general","active"
"90f8d2fa","./knowledge/week18_ingested/12_记忆档案/W18-B59D1C-2026-03-20-link-11-ollama.md","reference","general","active"
"aa5e1237","./knowledge/week18_ingested/12_记忆档案/W18-7DC196-2026-03-16_06-00_hourly.md","reference","general","active"
"bac0eee3","./knowledge/week18_ingested/12_记忆档案/W18-ADB15D-2026-03-20-link-19-placeholder.md","reference","general","active"
"77f3e89e","./knowledge/week18_ingested/12_记忆档案/W18-355F56-2026-03-20-link-09-reactemail.md","reference","general","active"
"d36457db","./knowledge/week18_ingested/12_记忆档案/W18-40F02F-2026-03-20-link-03-typeui.md","reference","xu_sir","active"
"ce567345","./knowledge/week18_ingested/12_记忆档案/W18-DBF2D5-2026-03-20-link-01-deepseek.md","reference","general","active"
"973fc342","./knowledge/week18_ingested/12_记忆档案/W18-34FD17-link_check_progress.md","reference","general","active"
"36aa6b06","./knowledge/week18_ingested/12_记忆档案/W18-1F6A6C-2026-03-20-link-20-placeholder.md","reference","general","active"
"dd874bd1","./knowledge/week18_ingested/12_记忆档案/W18-A15773-fang_yifeng_profile_v1.md","reference","fang_yifeng","active"
"29af4a3f","./knowledge/week18_ingested/12_记忆档案/W18-298AE1-link-selfcheck-report.md","reference","general","active"
"9a0675da","./knowledge/week18_ingested/12_记忆档案/W18-FAC561-2026-03-20-link-10-notion.md","reference","general","active"
"eb974804","./knowledge/week18_ingested/12_记忆档案/W18-879264-CONFIRMED_EXECUTION_PLAN.md","reference","general","active"
"5c1fb34c","./knowledge/week18_ingested/12_记忆档案/W18-5857E0-ERR-202603-0001.md","reference","general","active"
"1d04db0a","./knowledge/week18_ingested/12_记忆档案/W18-DFCED1-chen_guoxiang_profile_v1.md","reference","chen_guoxiang","active"
"b093cd53","./knowledge/week18_ingested/12_记忆档案/W18-1F3929-improvement-report-2026-03-15.md","reference","xu_sir","active"
"06b65bee","./knowledge/week18_ingested/12_记忆档案/W18-DAB307-2026-03-20-link-08-brave.md","reference","general","active"
"ef472c76","./knowledge/week18_ingested/12_记忆档案/W18-8C727C-fang_yifeng_profile_v2.md","reference","fang_yifeng","active"
"6222df2b","./knowledge/week18_ingested/12_记忆档案/W18-5B8F83-2026-03-20-link-12-chroma.md","reference","general","active"
"c6656864","./knowledge/week18_ingested/12_记忆档案/W18-F6A852-feishu-api-capability-tracker.md","reference","general","active"
"83a36f32","./knowledge/week18_ingested/12_记忆档案/W18-6C75DC-LOST_PROMISES_REGISTRY_UPDATED.md","reference","general","active"
"44e18e0e","./knowledge/week18_ingested/12_记忆档案/W18-473945-_build_report_v1.md","reference","xu_sir","active"
"73071779","./knowledge/week18_ingested/12_记忆档案/W18-4DE4AA-feishu-wecom-test-report-2026-03-27.md","reference","general","active"
"f3b90f3c","./knowledge/week18_ingested/12_记忆档案/W18-CF7407-2026-03-20-link-14-placeholder.md","reference","general","active"
"8a427828","./knowledge/week18_ingested/12_记忆档案/W18-CA0786-2026-03-20-link-15-placeholder.md","reference","general","active"
"79f4d3c2","./knowledge/week18_ingested/12_记忆档案/W18-1E8FF9-LINK_AUDIT_REPORT.md","reference","general","active"
"8ebdc2f0","./knowledge/week18_ingested/12_记忆档案/W18-40A755-2026-03-20-link-07-tavily.md","reference","xu_sir","active"
"6cd49a1f","./knowledge/week18_ingested/12_记忆档案/W18-F273C4-kimi_link_02_record.md","reference","xie_baojian","active"
"c5b5f945","./knowledge/week18_ingested/12_记忆档案/W18-DB525D-2026-03-20-link-02-openmaic.md","reference","xu_sir","active"
"d2f45d88","./knowledge/week18_ingested/12_记忆档案/W18-CF3C4B-2026-03-20-link-18-placeholder.md","reference","general","active"
"7b2c484e","./knowledge/week18_ingested/12_记忆档案/W18-2DF3BF-kimi_link_03_record.md","reference","xie_baojian","active"
"58fff0ae","./knowledge/week18_ingested/12_记忆档案/W18-F7486F-kimi_link_05_record.md","reference","general","active"
"933018c9","./knowledge/week18_ingested/12_记忆档案/W18-CF3959-AUDIT_EXECUTION_PLAN.md","reference","general","active"
"c3e0d9cf","./knowledge/week18_ingested/12_记忆档案/W18-387C82-2026-03-20-link-13-langchain.md","reference","xu_sir","active"
"ee76249a","./knowledge/week18_ingested/12_记忆档案/W18-271668-2026-03-21_资讯摘要.md","reference","general","active"
"8ba90986","./knowledge/week18_ingested/12_记忆档案/W18-78AAF0-2026-03-20-link-04-kimicli.md","reference","general","active"
"4ea0e457","./knowledge/week18_ingested/12_记忆档案/W18-CE1525-honesty-redline-selfcheck.md","reference","general","active"
"b8e9fe22","./knowledge/week18_ingested/WEEK18_REPORT.md","reference","general","active"
"b70b5aab","./knowledge/week10_ingested/11_Skill文档/W10-506E77-SKILL.md","methodology","general","active"
"1b9e6f7d","./knowledge/week10_ingested/11_Skill文档/W10-71A6AB-SKILL.md","methodology","general","active"
"9abbcda8","./knowledge/week10_ingested/11_Skill文档/W10-98DB9E-README.md","reference","general","active"
"edcb5bcf","./knowledge/week10_ingested/11_Skill文档/W10-228B4A-SKILL.md","methodology","general","active"
"a334946f","./knowledge/week10_ingested/11_Skill文档/W10-C8D75B-SKILL.md","methodology","general","active"
"d1721e5a","./knowledge/week10_ingested/11_Skill文档/W10-AB4A31-README.md","reference","general","active"
"b6a50df0","./knowledge/week10_ingested/11_Skill文档/W10-27767D-README.md","reference","general","active"
"e9520349","./knowledge/week10_ingested/11_Skill文档/W10-BB6853-SKILL.md","methodology","luo_han","active"
"a625b6fe","./knowledge/week10_ingested/11_Skill文档/W10-CFC5ED-SKILL.md","methodology","general","active"
"85ad9093","./knowledge/week10_ingested/11_Skill文档/W10-F45BAD-SKILL.md","methodology","general","active"
"41f393ce","./knowledge/week10_ingested/11_Skill文档/W10-B45591-SKILL.md","methodology","general","active"
"aacbac1d","./knowledge/week10_ingested/11_Skill文档/W10-A250E4-README.md","reference","general","active"
"49ebd188","./knowledge/week10_ingested/11_Skill文档/W10-9A47B6-SKILL.md","methodology","general","active"
"05749d4f","./knowledge/week10_ingested/11_Skill文档/W10-115ACE-SKILL.md","methodology","general","active"
"55e62a29","./knowledge/week10_ingested/11_Skill文档/W10-AE4F4C-SKILL.md","methodology","general","active"
"e647e987","./knowledge/week10_ingested/11_Skill文档/W10-CA24D3-README.md","reference","general","active"
"8939df81","./knowledge/week10_ingested/11_Skill文档/W10-89E90C-SKILL.md","methodology","general","active"
"7d709aa8","./knowledge/week10_ingested/11_Skill文档/W10-22C6BD-SKILL.md","methodology","liu_honglei","active"
"014e24dd","./knowledge/week10_ingested/11_Skill文档/W10-162E85-SKILL.md","methodology","general","active"
"59781dfa","./knowledge/week10_ingested/11_Skill文档/W10-836829-SKILL.md","methodology","general","active"
"3d508809","./knowledge/week10_ingested/11_Skill文档/W10-0480E6-SKILL.md","methodology","general","active"
"c3680ad6","./knowledge/week10_ingested/11_Skill文档/W10-23C357-SKILL.md","methodology","general","active"
"7b79ffc6","./knowledge/week10_ingested/11_Skill文档/W10-503EC8-README.md","reference","general","active"
"fdd3ec6d","./knowledge/week10_ingested/11_Skill文档/W10-3224D4-SKILL.md","methodology","general","active"
"1e825d28","./knowledge/week10_ingested/11_Skill文档/W10-6EC931-templates.md","reference","general","active"
"5b9b6f6c","./knowledge/week10_ingested/11_Skill文档/W10-019DA3-SKILL.md","methodology","general","active"
"fc152dd3","./knowledge/week10_ingested/11_Skill文档/W10-8FDDA7-README.md","reference","general","active"
"fa786d56","./knowledge/week10_ingested/11_Skill文档/W10-B8CAA9-README.md","reference","general","active"
"0b4f49b2","./knowledge/week10_ingested/11_Skill文档/W10-45CE6E-SKILL.md","methodology","general","active"
"1136cf65","./knowledge/week10_ingested/11_Skill文档/W10-C111E2-SKILL.md","methodology","general","active"
"3934aa5f","./knowledge/week10_ingested/11_Skill文档/W10-0BFE2B-SKILL.md","methodology","general","active"
"31cb8296","./knowledge/week10_ingested/11_Skill文档/W10-FA4553-audit-report-template.md","reference","general","active"
"5784c0ac","./knowledge/week10_ingested/11_Skill文档/W10-88FADD-README.md","reference","general","active"
"b05c79ec","./knowledge/week10_ingested/11_Skill文档/W10-2F85B8-SKILL.md","methodology","general","active"
"b93df736","./knowledge/week10_ingested/11_Skill文档/W10-6D8583-SKILL.md","methodology","general","active"
"66d18d82","./knowledge/week10_ingested/11_Skill文档/W10-CDAC24-SKILL.md","methodology","general","active"
"47335cde","./knowledge/week10_ingested/11_Skill文档/W10-A0CAC0-SKILL.md","methodology","general","active"
"6d76294d","./knowledge/week10_ingested/11_Skill文档/W10-D87034-README.md","reference","general","active"
"f2e4100a","./knowledge/week10_ingested/11_Skill文档/W10-0CE2A7-README.md","reference","general","active"
"11b4ae83","./knowledge/week10_ingested/11_Skill文档/W10-F15B74-README.md","reference","general","active"
"8d8a40ea","./knowledge/week10_ingested/11_Skill文档/W10-57E642-troubleshooting.md","reference","general","active"
"c884ba41","./knowledge/week10_ingested/11_Skill文档/W10-54A9D8-README.md","reference","general","active"
"582ec40a","./knowledge/week10_ingested/11_Skill文档/W10-0D8812-README.md","reference","general","active"
"2e8b981f","./knowledge/week10_ingested/11_Skill文档/W10-347C85-api.md","reference","general","active"
"920b5b0d","./knowledge/week10_ingested/11_Skill文档/W10-ED928F-SKILL.md","methodology","general","active"
"f36055db","./knowledge/week10_ingested/11_Skill文档/W10-650651-README.md","reference","general","active"
"76efc632","./knowledge/week10_ingested/11_Skill文档/W10-3C6D39-SKILL.md","methodology","general","active"
"8e97fa51","./knowledge/week10_ingested/11_Skill文档/W10-BF0950-README.md","reference","general","active"
"e829d5eb","./knowledge/week10_ingested/11_Skill文档/W10-7DF236-SKILL.md","methodology","general","active"
"8b5393f9","./knowledge/week10_ingested/11_Skill文档/W10-F7F1CA-experiment-design-template.md","reference","general","active"
"0f2cb77e","./knowledge/week10_ingested/WEEK10_REPORT.md","reference","general","active"
"da5561d6","./knowledge/week17_ingested/WEEK17_REPORT.md","reference","general","active"
"5b8c9f2c","./knowledge/week17_ingested/12_记忆档案/W17-6E47BE-URG-001-完成报告.md","reference","xu_sir","active"
"619e937a","./knowledge/week17_ingested/12_记忆档案/W17-1071FC-TASK_SCAN_REPORT_2026-03-10.md","reference","general","active"
"aecdbfb5","./knowledge/week17_ingested/12_记忆档案/W17-E602C2-2026-03-27.md","reference","general","active"
"c66642c2","./knowledge/week17_ingested/12_记忆档案/W17-9C93AC-BLUE_TEAM_REPORT_RECEIVED.md","reference","general","active"
"ab81a040","./knowledge/week17_ingested/12_记忆档案/W17-E2EC20-USER.md","reference","general","active"
"b6bb9486","./knowledge/week17_ingested/12_记忆档案/W17-F852F8-2026-03-25.md","reference","general","active"
"906aeada","./knowledge/week17_ingested/12_记忆档案/W17-F54B0F-SYSTEM_FIX_EXECUTION_20260321.md","reference","xu_sir","active"
"c270cb08","./knowledge/week17_ingested/12_记忆档案/W17-084367-2026-03-13.md","reference","general","active"
"3b386e5f","./knowledge/week17_ingested/12_记忆档案/W17-8B0606-audit_report_20260315.md","reference","general","active"
"c57ec7ad","./knowledge/week17_ingested/12_记忆档案/W17-B4124E-README.md","reference","xu_sir","active"
"ea2cd5ab","./knowledge/week17_ingested/12_记忆档案/W17-9C9A94-HIBERNATION_STATUS.md","reference","general","active"
"8414d585","./knowledge/week17_ingested/12_记忆档案/W17-62A27B-conversation-summary-2026-03-15.md","reference","xu_sir","active"
"bb28bd18","./knowledge/week17_ingested/12_记忆档案/W17-674911-47-systems-honest-assessment.md","reference","general","active"
"b23b4afd","./knowledge/week17_ingested/12_记忆档案/W17-51ADF6-clawhub-install-retry-report-2026-03-13.md","reference","general","active"
"96809f5b","./knowledge/week17_ingested/12_记忆档案/W17-641ADB-2026-03-26.md","reference","general","active"
"ffe630e9","./knowledge/week17_ingested/12_记忆档案/W17-DBC57A-IDENTITY.md","reference","xu_sir","active"
"2339be9a","./knowledge/week17_ingested/12_记忆档案/W17-2CE85F-SOUL.md","reference","xu_sir","active"
"6e43ecad","./knowledge/week17_ingested/12_记忆档案/W17-1D8C26-comprehensive-lost-promises-audit-2026-03-20.md","reference","xu_sir","active"
"bf3bf71f","./knowledge/week17_ingested/12_记忆档案/W17-A66053-BACKUP_DASHBOARD.md","reference","general","active"
"66bc0acf","./knowledge/week17_ingested/12_记忆档案/W17-26FD61-DISASTER_RECOVERY_V1.md","reference","xu_sir","active"
"af6a2ff3","./knowledge/week17_ingested/12_记忆档案/W17-ACA6C3-MEMORY.md","reference","general","active"
"a9775676","./knowledge/week17_ingested/12_记忆档案/W17-321B1B-TASK_BOARD_20260320.md","reference","general","active"
"58f4e57b","./knowledge/week17_ingested/11_Skill文档/W17-F9389E-SKILL.md","methodology","general","active"
"7b3d12b5","./knowledge/week17_ingested/11_Skill文档/W17-1F9A29-SKILL_LIMITATIONS.md","methodology","xu_sir","active"
"d677ea1b","./knowledge/week17_ingested/11_Skill文档/W17-369094-SKILL.md","methodology","luo_han","active"
"6b74ab0f","./knowledge/week17_ingested/11_Skill文档/W17-E21EB0-SKILL.md","methodology","general","active"
"fbc37e0b","./knowledge/week17_ingested/11_Skill文档/W17-87D63D-configuration.md","implementation","general","active"
"8d8d8309","./knowledge/week17_ingested/11_Skill文档/W17-CD1213-LEVEL5_UPGRADE_REPORT.md","reference","general","active"
"07229620","./knowledge/week17_ingested/11_Skill文档/W17-1D9CA2-api_monitor_report_2026-03-21.md","reference","general","active"
"f3267498","./knowledge/week17_ingested/11_Skill文档/W17-4295BF-5standard-completion-report.md","reference","general","active"
"03c7277d","./knowledge/week17_ingested/11_Skill文档/W17-3E2789-SKILL.md","methodology","general","active"
"f6bc5e65","./knowledge/week17_ingested/11_Skill文档/W17-658CE2-SKILL.md","methodology","general","active"
"70cfbe26","./knowledge/week17_ingested/11_Skill文档/W17-2E8D50-report_daily_20260321_195403.md","reference","general","active"
"86bab8fd","./knowledge/week17_ingested/11_Skill文档/W17-8F856F-daily-report.md","reference","general","active"
"a364a197","./knowledge/week17_ingested/11_Skill文档/W17-FC301D-SKILL.md","methodology","general","active"
"440d1f94","./knowledge/week17_ingested/11_Skill文档/W17-665EA0-QUICK_REFERENCE.md","reference","general","active"
"698bba57","./knowledge/week17_ingested/11_Skill文档/W17-F538DA-SKILL.md","methodology","general","active"
"d6ec3d58","./knowledge/week17_ingested/11_Skill文档/W17-9AA028-report_daily_20260327_151956.md","reference","general","active"
"8a89232d","./knowledge/week17_ingested/11_Skill文档/W17-347111-SKILL.md","methodology","general","active"
"7fc6e751","./knowledge/week17_ingested/11_Skill文档/W17-D41054-5standard-completion-report.md","reference","general","active"
"3dfe4338","./knowledge/week17_ingested/11_Skill文档/W17-55923D-SKILL_REQUIREMENTS.md","methodology","general","active"
"ddd07406","./knowledge/week17_ingested/11_Skill文档/W17-420D63-README.md","reference","general","active"
"103ba888","./knowledge/week17_ingested/11_Skill文档/W17-307C30-SKILL.md","methodology","general","active"
"26456b79","./knowledge/week17_ingested/11_Skill文档/W17-FFD14E-SKILL.md","methodology","general","active"
"b228a85a","./knowledge/week17_ingested/11_Skill文档/W17-3AAEFB-COMPLIANCE_REPORT.md","reference","general","active"
"b6f70fca","./knowledge/week17_ingested/11_Skill文档/W17-7826B0-SKILL.md","methodology","general","active"
"a3dee94d","./knowledge/week17_ingested/11_Skill文档/W17-C0D359-SKILL.md","methodology","general","active"
"d106cf82","./knowledge/week17_ingested/11_Skill文档/W17-FC9F71-SKILL.md","methodology","general","active"
"b9184965","./knowledge/week17_ingested/11_Skill文档/W17-4DF4F3-SELF_CHECK_REPORT.md","reference","general","active"
"f04d5ad8","./knowledge/week17_ingested/11_Skill文档/W17-AB3363-README.md","reference","general","active"
"6c66f335","./knowledge/system/semantic_markup_spec.md","reference","liu_honglei","active"
"6d53302d","./knowledge/system/validation_report.md","reference","liu_honglei","active"
"0ab58d31","./knowledge/system/index.md","reference","liu_honglei","active"
"e9cacad9","./knowledge/week9_ingested/WEEK9_REPORT.md","reference","general","active"
"85e58dea","./knowledge/week9_ingested/11_Skill文档/W9-A6E99A-SKILL.md","methodology","general","active"
"c7de0ac3","./knowledge/week9_ingested/11_Skill文档/W9-5E1EAC-design.md","reference","general","active"
"cf9b1a35","./knowledge/week9_ingested/11_Skill文档/W9-B17B73-SKILL.md","methodology","general","active"
"f423e57a","./knowledge/week9_ingested/11_Skill文档/W9-5403CA-README.md","reference","general","active"
"bfb107a3","./knowledge/week9_ingested/11_Skill文档/W9-F23B11-SKILL.md","methodology","general","active"
"dfe93202","./knowledge/week9_ingested/11_Skill文档/W9-F24607-SKILL.md","methodology","general","active"
"8e498960","./knowledge/week9_ingested/11_Skill文档/W9-6CEB3E-SKILL.md","methodology","general","active"
"04c11101","./knowledge/week9_ingested/11_Skill文档/W9-ABFE7E-README.md","reference","general","active"
"b8e79dbf","./knowledge/week9_ingested/11_Skill文档/W9-699E96-SKILL.md","methodology","xu_sir","active"
"de9bf0bf","./knowledge/week9_ingested/11_Skill文档/W9-F1DEA2-SKILL.md","methodology","general","active"
"f38b66de","./knowledge/week9_ingested/11_Skill文档/W9-5AB5AC-SKILL.md","methodology","general","active"
"766eb752","./knowledge/week9_ingested/11_Skill文档/W9-8E053B-SKILL.md","methodology","general","active"
"aeabd0a9","./knowledge/week9_ingested/11_Skill文档/W9-02C2B1-SKILL.md","methodology","general","active"
"18c392f2","./knowledge/week9_ingested/11_Skill文档/W9-2289D0-SKILL.md","methodology","xie_baojian","active"
"8eac50c8","./knowledge/week9_ingested/11_Skill文档/W9-9A9722-SKILL.md","methodology","xu_sir","active"
"757b1e8f","./knowledge/week9_ingested/11_Skill文档/W9-77A445-README.md","reference","general","active"
"ecebcb4c","./knowledge/week9_ingested/11_Skill文档/W9-DAD5D4-SKILL.md","methodology","general","active"
"4b39a7ed","./knowledge/week9_ingested/11_Skill文档/W9-E9A68E-SKILL.md","methodology","general","active"
"f35b0dee","./knowledge/week9_ingested/11_Skill文档/W9-49E27D-README.md","reference","general","active"
"f1cb94da","./knowledge/week9_ingested/11_Skill文档/W9-927EB0-SKILL.md","methodology","general","active"
"81a6ba1d","./knowledge/week9_ingested/11_Skill文档/W9-669F08-README.md","reference","general","active"
"3d798137","./knowledge/week9_ingested/11_Skill文档/W9-641709-README.md","reference","general","active"
"b79f6de3","./knowledge/week9_ingested/11_Skill文档/W9-EDBEA8-SKILL.md","methodology","general","active"
"2808d83c","./knowledge/week9_ingested/11_Skill文档/W9-8E9A45-SKILL.md","methodology","general","active"
"b6c1d799","./knowledge/week9_ingested/11_Skill文档/W9-A1751D-README.md","reference","general","active"
"307cf11c","./knowledge/week9_ingested/11_Skill文档/W9-5B2A19-SKILL.md","methodology","xu_sir","active"
"c474afc7","./knowledge/week9_ingested/11_Skill文档/W9-49E6A6-README.md","reference","general","active"
"6024a9f3","./knowledge/week9_ingested/11_Skill文档/W9-6924A2-README.md","reference","general","active"
"07074538","./knowledge/week9_ingested/11_Skill文档/W9-BA316A-README.md","reference","general","active"
"3ee72521","./knowledge/week9_ingested/11_Skill文档/W9-F1E20C-SKILL.md","methodology","general","active"
"b0e3bdce","./knowledge/week9_ingested/11_Skill文档/W9-4E7774-README.md","reference","general","active"
"cc8318ff","./knowledge/week9_ingested/11_Skill文档/W9-8DB8B9-README.md","reference","general","active"
"523b8662","./knowledge/week9_ingested/11_Skill文档/W9-971ADB-SKILL.md","methodology","general","active"
"3601c10d","./knowledge/week9_ingested/11_Skill文档/W9-2DA308-weekly_report.md","reference","general","active"
"bbee2352","./knowledge/week9_ingested/11_Skill文档/W9-5B4163-SKILL.md","methodology","xu_sir","active"
"25bc0cdf","./knowledge/week9_ingested/11_Skill文档/W9-535EC6-README.md","reference","general","active"
"20ef07d3","./knowledge/week9_ingested/11_Skill文档/W9-E0DC92-README.md","reference","general","active"
"edec8720","./knowledge/week9_ingested/11_Skill文档/W9-2BDC4C-SKILL.md","methodology","general","active"
"71e137c4","./knowledge/week9_ingested/11_Skill文档/W9-466B75-README.md","reference","xu_sir","active"
"e939f3f8","./knowledge/week9_ingested/11_Skill文档/W9-3C92F1-SKILL.md","methodology","general","active"
"7f4b14c0","./knowledge/week9_ingested/11_Skill文档/W9-10475F-SKILL.md","methodology","general","active"
"72a23315","./knowledge/week9_ingested/11_Skill文档/W9-85A07E-README.md","reference","general","active"
"f4afb308","./knowledge/week9_ingested/11_Skill文档/W9-7A5AC3-SKILL_UPGRADE_PLAN.md","methodology","xu_sir","active"
"986a6b5b","./knowledge/week9_ingested/11_Skill文档/W9-265960-optimization_plan.md","reference","general","active"
"4b460eaf","./knowledge/week9_ingested/11_Skill文档/W9-79EC8A-audit_template.md","reference","general","active"
"7f3772f0","./knowledge/week9_ingested/11_Skill文档/W9-982AB0-README.md","reference","general","active"
"20b757e5","./knowledge/week9_ingested/11_Skill文档/W9-2C9F9F-widgets.md","reference","general","active"
"c1b92aa5","./knowledge/week9_ingested/11_Skill文档/W9-358CE2-SKILL.md","methodology","general","active"
"9ffe5a78","./knowledge/week9_ingested/11_Skill文档/W9-716F8D-README.md","reference","general","active"
"d32dbec3","./knowledge/week9_ingested/11_Skill文档/W9-0EFE3E-SKILL.md","methodology","general","active"
"cb6d3f4f","./local-docs/T03_GUANYIN_观自在.md","reference","xie_baojian","active"
"6ff8471b","./local-docs/专家数字替身_罗汉_V1.1.md","reference","luo_han","active"
"3d18555c","./local-docs/15_图片资产制作计划.md","reference","general","active"
"20801492","./local-docs/05_项目愿景与真人专家体系.md","reference","general","active"
"ddc8e166","./local-docs/01_满意妞_主控AI.md","reference","xie_baojian","active"
"904eac37","./local-docs/05_执行待办/政府补贴政策速查表.md","reference","xie_baojian","active"
"09f82480","./local-docs/14_CONTENT_内容总监.md","reference","general","active"
"6a5bf20c","./local-docs/数字人替身管理系统_V1.0.md","reference","xu_sir","active"
"23313977","./local-docs/20_专家邀请函_四封.md","reference","liu_honglei","active"
"07495f93","./local-docs/04_角色档案/角色档案_Cron-Security_V1.0.md","reference","general","active"
"67ad9c29","./local-docs/专家数字替身_谢宝剑_V1.1.md","reference","xie_baojian","active"
"6012baa6","./local-docs/T04_CONFUCIUS_孔子.md","reference","liu_honglei","active"
"749bb3ce","./local-docs/04_五路图腾视觉规范.md","reference","general","active"
"43d9c9f4","./local-docs/03_核心专家数字替身档案.md","reference","liu_honglei","active"
"56fe2f37","./local-docs/T01_LIU_刘禹锡.md","reference","liu_honglei","active"
"19072518","./local-docs/21_飞书文档查找指引.md","reference","liu_honglei","active"
"ae5fe175","./local-docs/全体小伙伴员工档案_V2.0_完整版.md","reference","liu_honglei","active"
"65f6e3ae","./local-docs/17_多维表格创建指南.md","reference","general","active"
"b6ddf55c","./local-docs/内部管理手册.md","reference","xie_baojian","active"
"0dd6b58c","./local-docs/专家数字替身_黎红雷_V1.1.md","reference","liu_honglei","active"
"9968cbcf","./local-docs/T05_HUINENG_六祖.md","reference","xu_sir","active"
"748d801d","./local-docs/01_五路图腾五行体系.md","reference","liu_honglei","active"
"b1053a73","./local-docs/数字人替身管理系统_V1.1.md","reference","xu_sir","active"
"72d4544e","./local-docs/00_README_文档包说明.md","reference","liu_honglei","active"
"095c418e","./local-docs/专家数字替身_方翊沣.md","reference","fang_yifeng","active"
"a44c6be9","./local-docs/13_ANNOUNCE_官宣官.md","reference","xu_sir","active"
"09f5b641","./local-docs/组织架构图_SVG代码.md","reference","xu_sir","active"
"21c5dae7","./local-docs/01_核心研究/沙盘案例库/案例003_投资人介绍合伙_FA撮合闪电合伙.md","reference","general","active"
"e73e5652","./local-docs/01_核心研究/沙盘案例库/案例002_朋友合伙_同学战友转型硬科技.md","reference","luo_han","active"
"ef11287e","./local-docs/01_核心研究/沙盘案例库/案例001_跨代际合伙_科学家+企业家二代.md","reference","general","active"
"c6587940","./local-docs/五路图腾可视化图.md","reference","general","active"
"3d84860c","./local-docs/项目_官宣执行手册.md","reference","general","active"
"164af338","./local-docs/官宣长文_品牌故事.md","reference","general","active"
"a02ec016","./local-docs/技能安装跟踪.md","reference","xu_sir","active"
"6fd33e9c","./local-docs/06_话术工具/初次咨询问卷模板.md","reference","xu_sir","active"
"6c793299","./local-docs/14_首页索引.md","reference","liu_honglei","active"
"6f0dc00b","./local-docs/00_指挥官_Egbertie.md","reference","liu_honglei","active"
"325ccbcf","./local-docs/专家数字替身_许若圣_V1.0.md","reference","luo_han","active"
"fda631fd","./local-docs/专家数字替身_陈国祥.md","reference","fang_yifeng","active"
"70a77605","./local-docs/飞书同步状态说明.md","reference","liu_honglei","active"
"219c0456","./local-docs/系统复刻手册.md","reference","xie_baojian","active"
"e18c757a","./local-docs/T02_SIMON_西蒙.md","reference","luo_han","active"
"944bf74c","./local-docs/全体小伙伴员工档案.md","reference","liu_honglei","active"
"b3b4b89b","./local-docs/专家邀请邮件_四封.md","reference","liu_honglei","active"
"3ae58353","./perceptual-intelligence/case-studies/case-library.md","reference","xie_baojian","active"
"cd36f72c","./perceptual-intelligence/README.md","reference","fang_yifeng","active"
"89662c8a","./perceptual-intelligence/PROJECT_SUMMARY.md","reference","xie_baojian","active"
"4623fcc8","./perceptual-intelligence/courses/curriculum-outline.md","reference","general","active"
"33a36dfb","./perceptual-intelligence/whitepaper/pidm-whitepaper.md","reference","fang_yifeng","active"
"0cf0649d","./perceptual-intelligence/tools/toolkit.md","reference","general","active"
"4cc50d8a","./perceptual-intelligence/methodology-manual/part2-methods/ch08-emotion.md","reference","general","active"
"f2cb6863","./perceptual-intelligence/methodology-manual/part2-methods/ch10-integration.md","reference","fang_yifeng","active"
"6f607245","./perceptual-intelligence/methodology-manual/part2-methods/ch06-perceive-model.md","reference","general","active"
"d9ea748d","./perceptual-intelligence/methodology-manual/part2-methods/ch09-intuition.md","reference","fang_yifeng","active"
"6fdeefc8","./perceptual-intelligence/methodology-manual/part2-methods/ch07-body-awareness.md","reference","fang_yifeng","active"
"4c3f5ae7","./perceptual-intelligence/methodology-manual/part4-training/ch15-17-training-system.md","reference","fang_yifeng","active"
"87d9f8f9","./perceptual-intelligence/methodology-manual/part1-theory/ch04-eastern-wisdom.md","reference","liu_honglei","active"
"c6fc82cf","./perceptual-intelligence/methodology-manual/part1-theory/ch03-constructivism.md","reference","general","active"
"be5c25f7","./perceptual-intelligence/methodology-manual/part1-theory/ch02-neuroscience.md","reference","fang_yifeng","active"
"cf0ca8ed","./perceptual-intelligence/methodology-manual/part1-theory/ch05-integration.md","reference","fang_yifeng","active"
"0796b3c2","./perceptual-intelligence/methodology-manual/part1-theory/ch01-history.md","reference","xie_baojian","active"
"549a3169","./perceptual-intelligence/methodology-manual/part5-applications/ch19-23-applications.md","reference","general","active"
"941f4f98","./perceptual-intelligence/methodology-manual/part3-assessment/ch11-14-assessment-tools.md","reference","general","active"
"f7f33455","./perceptual-intelligence/archive/README.md","reference","fang_yifeng","archived"
"d52603d6","./perceptual-intelligence/archive/02_assessment_framework_v1.md","reference","fang_yifeng","archived"
"beb7d80b","./perceptual-intelligence/archive/04_collaboration_labs.md","reference","luo_han","archived"
"62badfce","./perceptual-intelligence/archive/01_literature_review.md","reference","fang_yifeng","archived"
"8399494b","./perceptual-intelligence/archive/03_training_validation_protocol.md","reference","fang_yifeng","archived"
"7e160124","./SUPER_RED_LINES.md","reference","xu_sir","active"
"b02c870f","./product3-decision-coaching/iteration-4/iteration-4-network-effect.md","reference","xie_baojian","active"
"8af5e4da","./product3-decision-coaching/iteration-1/iteration-1-decision-science.md","reference","general","active"
"c323e9f0","./product3-decision-coaching/iteration-5/iteration-5-product-matrix.md","reference","general","active"
"85ecefae","./product3-decision-coaching/iteration-2/iteration-2-real-time-support.md","reference","xu_sir","active"
"99a307ad","./product3-decision-coaching/final/product-manual-final.md","reference","xu_sir","active"
"8a45edd4","./product3-decision-coaching/iteration-3/iteration-3-knowledge-system.md","reference","general","active"
"87622271","./product3-decision-coaching/iteration-summary.md","reference","xu_sir","active"
"565d2612","./personas/ROLE-soul.md","reference","xu_sir","active"
"ccc12bf6","./personas/ROLE-prod.md","reference","xu_sir","active"
"fb8e5eb7","./personas/government-subsidy/subsidy-insights.md","reference","general","active"
"c85533be","./personas/ROLE-game.md","reference","xu_sir","active"
"bbbc6fbd","./personas/ROLE-legal.md","reference","general","active"
"6791f193","./personas/ROLE-guanyin.md","reference","xu_sir","active"
"4db24882","./personas/ROLE-report.md","reference","xie_baojian","active"
"112828c6","./personas/ROLE-narr.md","reference","xu_sir","active"
"ad691853","./personas/README.md","reference","xu_sir","active"
"79dd7cdc","./personas/ROLE-pmo.md","reference","xu_sir","active"
"2d5b109a","./personas/ROLE-research-analyst.md","reference","xu_sir","active"
"e2a8a922","./personas/ROLE-dean.md","reference","xie_baojian","active"
"37bfefab","./personas/ROLE-main.md","reference","xu_sir","active"
"b73a3960","./personas/ROLE-blue.md","reference","xu_sir","active"
"5b508250","./personas/ROLE-liu.md","reference","xu_sir","active"
"6cc2039b","./personas/ROLE-simon.md","reference","luo_han","active"
"5e01b4fe","./personas/ROLE-fin.md","reference","general","active"
"9c096d6e","./personas/ROLE-lotus.md","reference","xu_sir","active"
"1557372c","./personas/ROLE-wang.md","reference","liu_honglei","active"
"1ada8b13","./personas/ROLE-dr.md","reference","general","active"
"7cdcc010","./personas/ROLE-persona-sim.md","reference","xu_sir","active"
"ccd8d597","./guanyin_materials/GUANYIN数字替身档案_V1.0.md","reference","xu_sir","active"
"1b7a0b4e","./guanyin_materials/GUANYIN素材汇编_完整版.md","reference","general","active"
"ca0c96e6","./guanyin_materials/GUANYIN素材速查清单.md","reference","general","active"
"bb58c90f","./guanyin_materials/CONFUCIUS数字替身档案_V1.0.md","reference","xu_sir","active"
"40212e2b","./CLAWHUB_SKILL_INSTALL_LIST.md","methodology","general","active"
"e89d82b9","./archive/org_structure_history/组织架构_33人V2.0.md","reference","xie_baojian","archived"
"47d77ba1","./archive/org_structure_history/组织架构与文化体系可视化V2.3.md","reference","liu_honglei","archived"
"c9dabf29","./archive/org_structure_history/完整组织架构V2.6.md","reference","liu_honglei","archived"
"f4ab8b9c","./archive/org_structure_history/V2.2完整组织架构.md","reference","xu_sir","archived"
"87fd8551","./archive/org_structure_history/完整组织架构V2.7.md","reference","liu_honglei","archived"
"df56ae71","./archive/org_structure_history/组织架构_33人V2.2.md","reference","xie_baojian","archived"
"0d92c3b4","./archive/org_structure_history/组织架构优化提案V2.0.md","reference","general","archived"
"7ffd7a48","./archive/org_structure_history/完整组织架构V2.5.md","reference","liu_honglei","archived"
"23679194","./archive/org_structure_history/组织架构_33人V2.1.md","reference","xie_baojian","archived"
"027b7096","./archive/compression_logs/COMPRESSION_SUMMARY.md","reference","general","archived"
"c181053d","./archive/compression_logs/COMPRESSION_EXECUTED_2026-03-10.md","reference","general","archived"
"d8d259a2","./archive/compression_logs/COMPRESSION_REQUEST.md","reference","general","archived"
"85fa281a","./archive/docs/2026-03/FIRST_PRINCIPLE_AUDIT_FULL_2026-03-15.md","reference","xie_baojian","archived"
"eb53571c","./archive/docs/2026-03/SKILL_ASSESSMENT_QUEUE.md","methodology","general","archived"
"8987530e","./archive/docs/2026-03/CRON_OPTIMIZATION_V1.1_IMPLEMENTATION.md","implementation","general","archived"
"5f5c7f64","./archive/docs/2026-03/INSPECTION_COMPLETION_REPORT.md","reference","general","archived"
"2d2dd317","./archive/docs/2026-03/AI_TEAM_SKILL_ASSIGNMENTS.md","methodology","xu_sir","archived"
"15923b6d","./archive/docs/2026-03/CRON_DAILY_MERGE_V1.2.md","reference","general","archived"
"b48035cb","./archive/docs/2026-03/NOTION_SYNC_RETRY_REPORT.md","reference","general","archived"
"e68d1549","./archive/docs/2026-03/FIRST_PRINCIPLE_UPGRADE_V1.1_PLAN.md","reference","xie_baojian","archived"
"0261a8d1","./archive/docs/2026-03/零成本启动工具包.md","reference","general","archived"
"1296742e","./archive/docs/2026-03/首月内容日历.md","reference","general","archived"
"7cc9bfac","./archive/docs/2026-03/GITHUB_SECRETS_CLEANUP_REPORT.md","reference","general","archived"
"6f579418","./archive/docs/2026-03/NOTION_CRM_PM_SETUP.md","reference","xu_sir","archived"
"391a1d5c","./archive/docs/2026-03/KIMI_CODE_COLLABORATION.md","reference","general","archived"
"eae498e0","./archive/docs/2026-03/CONTINUOUS_OPTIMIZATION_SYSTEM_V1.0.md","reference","general","archived"
"63b69c8f","./archive/docs/2026-03/FIRST_PRINCIPLE_DEEP_AUDIT_V2_START.md","reference","xie_baojian","archived"
"da58779f","./archive/docs/2026-03/COMPREHENSIVE_AUDIT_2026-03-10.md","reference","xu_sir","archived"
"f9240bd6","./archive/docs/2026-03/V1_2_NARRATIVE_STYLE.md","reference","general","archived"
"22b3e39b","./archive/docs/2026-03/PROSPECT_THEORY_FRAMEWORK.md","reference","luo_han","archived"
"1a968642","./archive/docs/2026-03/BLUE_TEAM_OPINION_V1.0.md","reference","liu_honglei","archived"
"00d35019","./archive/docs/2026-03/SYNC_COMPLETION_REPORT_2026-03-15.md","reference","general","archived"
"5c5e7e5f","./archive/docs/2026-03/LEARNING_COMMUNITY.md","reference","xie_baojian","archived"
"e4407cc9","./archive/docs/2026-03/BRAND_MESSAGING_V2.0.md","reference","general","archived"
"c7d3d815","./archive/docs/2026-03/MEETING_SCHEDULE.md","reference","general","archived"
"ac3a4e8f","./archive/docs/2026-03/FEISHU_TECH_ISSUES_SUMMARY.md","reference","xu_sir","archived"
"18cf7a73","./archive/docs/2026-03/GLOBAL_BEST_PRACTICES_RESEARCH.md","reference","xu_sir","archived"
"3e5117c9","./archive/docs/2026-03/INTEGRATION_SUMMARY_V1.0.md","reference","general","archived"
"324a7463","./archive/docs/2026-03/METHODOLOGY_INTEGRATION.md","reference","xu_sir","archived"
"5c8d31db","./archive/docs/2026-03/五路图腾_水墨风_Prompts.md","reference","general","archived"
"1dc610c5","./archive/docs/2026-03/EXECUTION_GUARANTEE_SYSTEM_COMPLETION_REPORT.md","reference","general","archived"
"b5fe8c9b","./archive/docs/2026-03/GITHUB_ACTIONS_SETUP_DETAILED.md","reference","general","archived"
"68f52475","./archive/docs/2026-03/INFO_COLLECTION_PRIORITY_PLAN.md","reference","general","archived"
"ba3343ba","./archive/docs/2026-03/内部会议机制制度V1.0.md","reference","xie_baojian","archived"
"12d508ed","./archive/docs/2026-03/CONTEXT_MANAGEMENT_RULES.md","reference","xu_sir","archived"
"dbb5060a","./archive/docs/2026-03/QUALITY_SAFETY_MANAGEMENT_GUIDE.md","reference","xu_sir","archived"
"13a62224","./archive/docs/2026-03/SKILL_MANAGEMENT_RULES.md","methodology","general","archived"
"3067967e","./archive/docs/2026-03/MENTOR_SYSTEM.md","reference","xie_baojian","archived"
"bd765640","./archive/docs/2026-03/FILE_MANAGEMENT_EXECUTIVE_SUMMARY.md","reference","general","archived"
"e24e9d04","./archive/docs/2026-03/CRON_COMPREHENSIVE_OPTIMIZATION_START.md","reference","general","archived"
"26e027ef","./archive/docs/2026-03/FIRST_PRINCIPLE_FULL_AUDIT_START.md","reference","xie_baojian","archived"
"126d42d3","./archive/docs/2026-03/ZERO_IDLE_ADJUSTMENT_2026-03-15.md","reference","general","archived"
"1a728757","./archive/docs/2026-03/GITHUB_ACTIONS_SETUP_GUIDE.md","reference","general","archived"
"d2c8b19f","./archive/docs/2026-03/ALPHAGO_INSIGHTS_RESEARCH_CAPABILITY_ROADMAP.md","reference","luo_han","archived"
"0bc14f67","./archive/docs/2026-03/TOTEM_DEEP_LOGIC.md","reference","liu_honglei","archived"
"352a69a0","./archive/docs/2026-03/LIUYUXI_STYLE_GUIDE.md","reference","general","archived"
"c0f74167","./archive/docs/2026-03/WEBHOOK_SETUP_QUICK.md","reference","general","archived"
"770167d2","./archive/docs/2026-03/DAILY_CRON_MERGE_START.md","reference","general","archived"
"4e603d9d","./archive/docs/2026-03/SATISFICING_PARTNERSHIP_V1.0.md","reference","liu_honglei","archived"
"eed149fd","./archive/docs/2026-03/SOP_MANUAL.md","reference","xu_sir","archived"
"78d6c7b6","./archive/docs/2026-03/cron_optimization_evaluation.md","reference","xu_sir","archived"
"2fceb465","./archive/docs/2026-03/CRON_MERGE_OPTION_C_PLUS.md","reference","general","archived"
"fd26f5a6","./archive/docs/2026-03/SATISFICING_INDEX_V1.0.md","reference","general","archived"
"224d703c","./archive/docs/2026-03/CONSOLIDATION_COMPLETION_REPORT.md","reference","xu_sir","archived"
"6e71ae45","./archive/docs/2026-03/MEETING_SYSTEM_V1.0.md","reference","general","archived"
"985ec945","./archive/docs/2026-03/DISASTER_RECOVERY_V1.md","reference","xu_sir","archived"
"495e007b","./archive/docs/2026-03/COMPREHENSIVE_AUDIT_5TH_2026-03-10.md","reference","general","archived"
"a48fa414","./archive/docs/2026-03/AI_TEAM_EXCLUSIVE_SKILLS_V2.md","methodology","xie_baojian","archived"
"d1f4ff6d","./archive/docs/2026-03/AI_TEAM_SUPER_WEAPONS_V3.md","reference","xie_baojian","archived"
"801129fe","./archive/docs/2026-03/GITHUB_ACTIONS_QUICK_SETUP.md","reference","general","archived"
"30649143","./archive/docs/2026-03/SATISFICING_BOUNDARY_GUARD_V1.0.md","reference","xie_baojian","archived"
"95e82266","./archive/docs/2026-03/P0_EXECUTION_PLAN.md","reference","xu_sir","archived"
"0ed16a7f","./archive/docs/2026-03/SKILL_INBOUND_SOP_V1.md","methodology","general","archived"
"83d6ee8a","./archive/docs/2026-03/FIRST_PRINCIPLES_RESTRUCTURE_PLAN.md","reference","general","archived"
"c1a638f6","./archive/docs/2026-03/BACKUP_CHECKLIST_DAILY.md","reference","xu_sir","archived"
"9888c505","./archive/docs/2026-03/FILE_MANAGEMENT_SOLUTION.md","reference","general","archived"
"ebffe459","./archive/docs/2026-03/BACKUP_DISASTER_RECOVERY_v3.md","reference","xu_sir","archived"
"61d39890","./archive/docs/2026-03/零基础低投入启动方案V1.1.md","reference","liu_honglei","archived"
"eb427015","./archive/docs/2026-03/SATISFICING_NOT_TODO_V1.0.md","reference","general","archived"
"6335342a","./archive/docs/2026-03/SKILL_ASSESSMENT_V2.md","methodology","xu_sir","archived"
"7bea8303","./archive/docs/2026-03/COMPREHENSIVE_AUDIT_4TH_2026-03-10.md","reference","general","archived"
"1663cc4d","./archive/docs/2026-03/API_INVENTORY.md","reference","xu_sir","archived"
"5b9dd488","./archive/docs/2026-03/FIVE_TOTEMS_V2.5_COGNITIVE.md","reference","general","archived"
"725ac4ce","./archive/docs/2026-03/MANAGEMENT_ENFORCER_DEPLOYMENT.md","reference","fang_yifeng","archived"
"db97082f","./archive/docs/2026-03/COLLABORATION_OPTIMIZATION_ANALYSIS.md","reference","xu_sir","archived"
"72244cb2","./archive/docs/2026-03/MANAGEMENT_RULES.md","reference","xie_baojian","archived"
"017b00e1","./archive/docs/2026-03/DISASTER_RECOVERY_PLAN_V1.0.md","reference","xu_sir","archived"
"d4ef47c4","./archive/docs/2026-03/DEEP_OPTIMIZATION_V2.0_PLAN.md","reference","general","archived"
"f756b7c5","./archive/docs/2026-03/FIRST_PRINCIPLE_OPTIMIZATION_REPORT.md","reference","general","archived"
"feefb022","./archive/docs/2026-03/NOTION_SYNC_BATCH_1_REPORT.md","reference","general","archived"
"3e2b16ad","./archive/docs/2026-03/ANTI_FAILURE_GUARANTEE.md","reference","general","archived"
"2c6cd270","./archive/docs/2026-03/AI_LEARNING_METHODOLOGY.md","reference","liu_honglei","archived"
"cc089369","./archive/docs/2026-03/INTEGRITY_CHECK_EXAMPLE.md","reference","general","archived"
"caeecf3a","./archive/docs/2026-03/V1_0_OPTIMIZATION_PLAN.md","reference","xu_sir","archived"
"dcd973d0","./archive/docs/2026-03/CONTINUOUS_IMPROVEMENT_SYSTEM_V1.md","reference","general","archived"
"80d88120","./archive/docs/2026-03/RED_LINE_RULES.md","reference","xu_sir","archived"
"650fb5b4","./archive/docs/2026-03/SKILL_UPGRADE_REPORT_20260314.md","methodology","general","archived"
"25020fc0","./archive/docs/2026-03/KIMI_MEMBERSHIP_FULL_PLAN.md","reference","luo_han","archived"
"31992251","./archive/docs/2026-03/PROSPECT_THEORY_SUMMARY.md","reference","luo_han","archived"
"5907d1a1","./archive/docs/2026-03/cron_optimization_design_C.md","reference","general","archived"
"c4d89e95","./archive/docs/2026-03/THEORY_EVOLUTION_ROADMAP.md","reference","xie_baojian","archived"
"d6daa562","./archive/docs/2026-03/GLOBAL_BEST_PRACTICES_INTEGRATION.md","reference","xu_sir","archived"
"1206f1a9","./archive/docs/2026-03/GITHUB_MODELS_SETUP.md","reference","general","archived"
"992e6701","./archive/docs/2026-03/SKILL_UPLOAD_EVALUATION.md","methodology","xu_sir","archived"
"58dbe80d","./archive/docs/2026-03/FIRST_PRINCIPLES_MCP_PLAN.md","reference","general","archived"
"951257b2","./archive/docs/2026-03/CRON_CONFIG_UPDATE_V3.0.md","reference","general","archived"
"3ec82a46","./archive/docs/2026-03/FEISHU_ALTERNATIVE_SOLUTIONS.md","reference","xu_sir","archived"
"af3220d1","./archive/docs/2026-03/SELF_DEVELOPED_CRM_PM_PLAN.md","reference","xu_sir","archived"
"235b018a","./archive/docs/2026-03/SPACE_MANAGEMENT.md","reference","general","archived"
"cd1448f6","./archive/docs/2026-03/GROWTH_PATH_5_LEVELS.md","reference","xu_sir","archived"
"8dd3d53c","./archive/docs/2026-03/SEVERE_OMISSIONS_REMEDY.md","reference","general","archived"
"8a5f8a73","./archive/docs/2026-03/阻塞任务处理_最终报告.md","reference","xie_baojian","archived"
"b0c428f5","./archive/docs/2026-03/SKILL_DEV_MASTER_PLAN.md","methodology","xie_baojian","archived"
"1a40925b","./archive/docs/2026-03/P0_FILE_AUDIT_COMPLETION_REPORT.md","reference","general","archived"
"d41540b6","./archive/docs/2026-03/五路图腾_AI生成提示词.md","reference","xu_sir","archived"
"a0086896","./archive/docs/2026-03/CONTENT_MATRIX_Q2_PROSPECT.md","reference","xie_baojian","archived"
"902a5898","./archive/docs/2026-03/CRON_CONTINUOUS_IMPROVEMENT_SYSTEM.md","reference","general","archived"
"afb64e55","./archive/docs/2026-03/COMPREHENSIVE_FILE_AUDIT_REPORT.md","reference","general","archived"
"23e1e214","./archive/docs/2026-03/RESOURCE_ALLOCATION_PLAN.md","reference","xu_sir","archived"
"9a9a3521","./archive/docs/2026-03/cron_optimization_summary.md","reference","general","archived"
"f6db8a1c","./archive/docs/2026-03/ZERO_IDLE_ENFORCEMENT_V2.md","reference","general","archived"
"85093981","./archive/docs/2026-03/API_SETUP_GUIDE.md","reference","general","archived"
"2a66245c","./archive/docs/2026-03/INFO_COLLECTION_SKILL_MASTER_PLAN.md","methodology","xu_sir","archived"
"7a6e03e8","./archive/docs/2026-03/CONSISTENCY_CHECK_REPORT_V1.0.md","reference","general","archived"
"9eb9d1f9","./archive/docs/2026-03/CRON_ROLLBACK_GUIDE.md","reference","xu_sir","archived"
"5188b261","./archive/docs/2026-03/SKILL_INTEGRATION_PLAN_V1.md","methodology","xu_sir","archived"
"c1422d2b","./archive/docs/2026-03/GITHUB_ACTIONS_SETUP.md","reference","general","archived"
"5889e37d","./archive/docs/2026-03/ZERO_IDLE_DISABLE_CONFIRMATION_2026-03-15.md","reference","general","archived"
"beea8ccb","./archive/docs/2026-03/SKILL_BATCH_ASSESSMENT.md","methodology","general","archived"
"f01a6743","./archive/docs/2026-03/DOCUMENT_CONSOLIDATION_PROPOSAL.md","reference","general","archived"
"07e5a0a8","./archive/docs/2026-03/feishu_learning_plan.md","reference","xu_sir","archived"
"4f708c40","./archive/docs/2026-03/COMPREHENSIVE_AUDIT_3RD_2026-03-10.md","reference","xu_sir","archived"
"7b5691ca","./archive/docs/2026-03/RECOMMENDED_TOOLS_SYSTEMS.md","reference","xu_sir","archived"
"2241c2f5","./archive/docs/2026-03/WORKSPACE_ORGANIZATION_RULES.md","reference","general","archived"
"1d403623","./archive/docs/2026-03/CRON_EXECUTION_COMPLETE_REPORT.md","reference","general","archived"
"7df99091","./archive/docs/2026-03/专家资料收集模板.md","reference","xu_sir","archived"
"2e8bdc6c","./archive/docs/2026-03/阻塞任务处理_交付物清单.md","reference","xu_sir","archived"
"e454fe41","./archive/docs/2026-03/WORKSPACE_ARCHITECTURE_V2.0.md","reference","general","archived"
"83acdfe3","./archive/docs/2026-03/SIMPLIFIED_COMMAND_LIST_V1.md","implementation","general","archived"
"54db0128","./archive/docs/2026-03/NOTION_SYNC_V4_REPORT.md","reference","general","archived"
"9dfdf871","./archive/docs/2026-03/MANAGEMENT_RULES_APPENDIX.md","reference","xu_sir","archived"
"d3a16711","./archive/docs/2026-03/MEETING_PROTOCOL_V1.md","reference","xie_baojian","archived"
"5f30aeb8","./archive/docs/2026-03/MANAGEMENT_SUPPORT_FRAMEWORK.md","reference","general","archived"
"83ef71c8","./archive/docs/2026-03/CONTEXT_OPTIMIZATION_PLAN_A.md","reference","general","archived"
"b512723a","./archive/docs/2026-03/SATISFICING_SCOPE_V1.0.md","reference","xu_sir","archived"
"9f7d0fe4","./archive/docs/2026-03/阻塞任务处理报告_2026-03-13.md","reference","liu_honglei","archived"
"a730ff82","./archive/docs/2026-03/FILE_MANAGEMENT_AUDIT_REPORT.md","reference","general","archived"
"8e211c8b","./archive/docs/2026-03/EVOLUTION_ROADMAP_V2.0.md","reference","general","archived"
"5998f42f","./archive/docs/2026-03/DEAD_ANGLE_AND_VULNERABILITY_REPORT.md","reference","general","archived"
"288427b7","./archive/docs/2026-03/PROJECT_CHARTER.md","reference","luo_han","archived"
"ffaad5aa","./archive/docs/2026-03/THEORY_INTRODUCTION_SOP.md","reference","liu_honglei","archived"
"2e492d9c","./archive/docs/2026-03/MANAGEMENT_RULES_V2.md","reference","xie_baojian","archived"
"528b8fb7","./archive/docs/2026-03/RESOURCE_SUPPORT_SYSTEM.md","reference","luo_han","archived"
"0061cdd9","./archive/docs/2026-03/种子客户触达话术.md","reference","general","archived"
"f1fd4847","./archive/docs/2026-03/CRON_MERGE_OPTIMIZATION_START.md","reference","general","archived"
"54c1a197","./archive/docs/2026-03/SATISFICING_YEAR1_PLAN_V1.0.md","reference","general","archived"
"78e669b7","./archive/docs/2026-03/THEORY_INTEGRATION_FRAMEWORK_V2.0.md","reference","liu_honglei","archived"
"6e64b7f9","./archive/docs/2026-03/文件格式读取技术研究报告.md","reference","general","archived"
"910fae42","./archive/docs/2026-03/CRON_INITIALIZATION_REPORT.md","reference","general","archived"
"95c2e549","./archive/docs/2026-03/SUPER_UPGRADE_PLAN_V1.md","reference","xu_sir","archived"
"53f43d51","./archive/docs/2026-03/NOTEBOOKLM_INSPIRED_SKILLS.md","methodology","xu_sir","archived"
"0013161d","./archive/docs/2026-03/SECURITY_CONTINUOUS_IMPROVEMENT.md","reference","general","archived"
"2f4c2e22","./archive/docs/2026-03/MEETING_PROTOCOL.md","reference","xu_sir","archived"
"a8b38492","./archive/docs/2026-03/ORGANIZATION_BUILDING_PLAN_V1.0.md","reference","xie_baojian","archived"
"fd7024c4","./archive/docs/2026-03/WECHAT_WORK_BOT_SETUP.md","reference","general","archived"
"1d8b4ee4","./archive/docs/2026-03/CUSTOMER_PSYCHOLOGY_CHECKLIST.md","reference","xie_baojian","archived"
"1c5db73a","./archive/docs/2026-03/FEISHU_PERMISSION_GUIDE.md","reference","general","archived"
"f346adb7","./archive/docs/2026-03/FIRST_PRINCIPLE_CONTINUOUS_SYSTEM.md","reference","general","archived"
"624511d7","./archive/docs/2026-03/五路图腾_国潮风_Prompts.md","reference","general","archived"
"4e9dc1e6","./archive/docs/2026-03/PROJECT_AUDIT_REPORT_2026-03-20.md","reference","general","archived"
"2cf13176","./archive/docs/2026-03/WECHAT_WORK_GROUP_BOT.md","reference","xu_sir","archived"
"d1946158","./archive/docs/2026-03/SKILL_DOWNLOAD_TRACKER.md","methodology","general","archived"
"409b47ec","./archive/docs/2026-03/INTERNAL_MEETING_PROTOCOL_V1.md","reference","general","archived"
"bd9d3683","./archive/docs/2026-03/用户协助清单_2026-03-13.md","reference","general","archived"
"a2d35dc5","./archive/docs/2026-03/GROWTH_TIMELINE.md","reference","xu_sir","archived"
"7ec34c15","./archive/docs/2026-03/五路图腾_极简风_Prompts.md","reference","general","archived"
"8e60b44b","./archive/docs/2026-03/PROSPECT_THEORY_APPLICATION.md","reference","general","archived"
"eb230cbd","./archive/docs/2026-03/CHANNEL_TOPIC_GUIDE.md","reference","liu_honglei","archived"
"377daf36","./archive/notion_sync_old/notion_sync_implementation_report.md","implementation","xu_sir","archived"
"b92067c5","./archive/notion_sync_old/NOTION_SYNC_STATUS_REPORT.md","reference","general","archived"
"2fbaf9c8","./archive/notion_sync_old/NOTION_COMPLETE_SYNC_FINAL_REPORT.md","reference","general","archived"
"1b172cbf","./archive/notion_sync_old/notion_sync_multi_strategy.md","reference","general","archived"
"6d93df33","./archive/skills/skill-conversion-todo-list.md","methodology","general","archived"
"b61a1764","./archive/skills/SKILL_INSTALLATION_PLAN.md","methodology","general","archived"
"06d7628b","./archive/skills/skill-evaluation-summary.md","methodology","xu_sir","archived"
"e7e2c912","./archive/skills/高质量Skill推荐报告.md","reference","general","archived"
"91200366","./archive/skills/SKILL_PROCESSING_SUMMARY.md","methodology","general","archived"
"828379d7","./archive/skills/高质量Skill深度发掘报告.md","reference","xu_sir","archived"
"84d47af6","./archive/skills/skill-update-log.md","methodology","general","archived"
"f74cf288","./archive/skills/Skill部署执行手册.md","reference","general","archived"
"1f95769f","./archive/skills/Skill部署执行方案.md","reference","general","archived"
"1df44148","./archive/TRL_PFI_参数调优报告_V2.0.md","reference","general","archived"
"891f93f8","./archive/2026-03/2026-03-13_小时协调检查报告_1624.md","reference","liu_honglei","archived"
"a3f6fa3e","./archive/2026-03/2026-03-13.md","reference","general","archived"
"18ae8e7d","./archive/2026-03/2026-03-14.md","reference","xu_sir","archived"
"dd84f8db","./archive/2026-03/2026-03-06.md","reference","xu_sir","archived"
"0e0957c4","./archive/2026-03/2026-03-09-回顾清单.md","reference","liu_honglei","archived"
"422d698d","./archive/2026-03/2026-03-14-WIP-004补救报告.md","reference","liu_honglei","archived"
"4a6d6cf5","./archive/2026-03/2026-03-14-专家邀请函待确认稿.md","reference","liu_honglei","archived"
"48073fd1","./archive/2026-03/2026-03-13-过期任务补救报告.md","reference","general","archived"
"007e68b6","./archive/2026-03/2026-03-14_小时协调检查报告_1124.md","reference","xu_sir","archived"
"a7969f2c","./archive/2026-03/2026-03-14_小时协调检查报告_2024.md","reference","xu_sir","archived"
"29539a01","./archive/2026-03/2026-03-13_小时协调检查报告_2224.md","reference","xu_sir","archived"
"2aa64f04","./archive/2026-03/2026-03-13_小时协调检查报告_1724.md","reference","xu_sir","archived"
"ead78b48","./archive/2026-03/2026-03-14_小时协调检查报告_0124.md","reference","xu_sir","archived"
"c866d99b","./archive/2026-03/2026-03-14_小时协调检查报告_2124.md","reference","xu_sir","archived"
"487eced1","./archive/2026-03/2026-03-14_小时协调检查报告_0924.md","reference","xu_sir","archived"
"51bd578f","./archive/2026-03/2026-03-09.md","reference","liu_honglei","archived"
"eb2a119f","./archive/2026-03/2026-03-10.md","reference","xu_sir","archived"
"7782d48e","./archive/2026-03/2026-03-10-遗忘任务补救报告.md","reference","general","archived"
"52ef9e90","./archive/2026-03/2026-03-14-WIP-003状态核查报告.md","reference","xu_sir","archived"
"866967ab","./archive/2026-03/2026-03-14_小时协调检查报告_0024.md","reference","liu_honglei","archived"
